site_no,site_name,window_label,enso_label,date,mean_daily_cfs,approval_status
08167500,"Guadalupe Rv nr Spring Branch, TX",DJF1926,1925-26 El Nino,1926-02-21,64.0,Approved
08167500,"Guadalupe Rv nr Spring Branch, TX",DJF1926,1925-26 El Nino,1925-11-03,61.0,Approved
08167500,"Guadalupe Rv nr Spring Branch, TX",DJF1926,1925-26 El Nino,1925-12-03,89.0,Approved
08167500,"Guadalupe Rv nr Spring Branch, TX",DJF1926,1925-26 El Nino,1925-09-23,45.0,Approved
08167500,"Guadalupe Rv nr Spring Branch, TX",DJF1926,1925-26 El Nino,1925-12-16,87.0,Approved
08167500,"Guadalupe Rv nr Spring Branch, TX",DJF1926,1925-26 El Nino,1926-02-27,72.0,Approved
08167500,"Guadalupe Rv nr Spring Branch, TX",DJF1926,1925-26 El Nino,1926-02-22,64.0,Approved
08167500,"Guadalupe Rv nr Spring Branch, TX",DJF1926,1925-26 El Nino,1925-09-02,45.0,Approved
08167500,"Guadalupe Rv nr Spring Branch, TX",DJF1926,1925-26 El Nino,1926-02-12,72.0,Approved
08167500,"Guadalupe Rv nr Spring Branch, TX",DJF1926,1925-26 El Nino,1925-10-29,66.0,Approved
08167500,"Guadalupe Rv nr Spring Branch, TX",DJF1926,1925-26 El Nino,1925-10-07,34.0,Approved
08167500,"Guadalupe Rv nr Spring Branch, TX",DJF1926,1925-26 El Nino,1926-01-24,102.0,Approved
08167500,"Guadalupe Rv nr Spring Branch, TX",DJF1926,1925-26 El Nino,1925-09-26,45.0,Approved
08167500,"Guadalupe Rv nr Spring Branch, TX",DJF1926,1925-26 El Nino,1925-12-20,80.0,Approved
08167500,"Guadalupe Rv nr Spring Branch, TX",DJF1926,1925-26 El Nino,1925-11-28,93.0,Approved
08167500,"Guadalupe Rv nr Spring Branch, TX",DJF1926,1925-26 El Nino,1925-09-01,45.0,Approved
08167500,"Guadalupe Rv nr Spring Branch, TX",DJF1926,1925-26 El Nino,1925-09-24,45.0,Approved
08167500,"Guadalupe Rv nr Spring Branch, TX",DJF1926,1925-26 El Nino,1925-11-27,95.0,Approved
08167500,"Guadalupe Rv nr Spring Branch, TX",DJF1926,1925-26 El Nino,1926-02-13,72.0,Approved
08167500,"Guadalupe Rv nr Spring Branch, TX",DJF1926,1925-26 El Nino,1925-11-19,109.0,Approved
08167500,"Guadalupe Rv nr Spring Branch, TX",DJF1926,1925-26 El Nino,1926-02-16,70.0,Approved
08167500,"Guadalupe Rv nr Spring Branch, TX",DJF1926,1925-26 El Nino,1926-01-15,74.0,Approved
08167500,"Guadalupe Rv nr Spring Branch, TX",DJF1926,1925-26 El Nino,1926-01-23,95.0,Approved
08167500,"Guadalupe Rv nr Spring Branch, TX",DJF1926,1925-26 El Nino,1925-10-28,70.0,Approved
08167500,"Guadalupe Rv nr Spring Branch, TX",DJF1926,1925-26 El Nino,1925-11-24,98.0,Approved
08167500,"Guadalupe Rv nr Spring Branch, TX",DJF1926,1925-26 El Nino,1926-01-09,78.0,Approved
08167500,"Guadalupe Rv nr Spring Branch, TX",DJF1926,1925-26 El Nino,1925-12-09,80.0,Approved
08167500,"Guadalupe Rv nr Spring Branch, TX",DJF1926,1925-26 El Nino,1926-01-16,85.0,Approved
08167500,"Guadalupe Rv nr Spring Branch, TX",DJF1926,1925-26 El Nino,1926-02-02,91.0,Approved
08167500,"Guadalupe Rv nr Spring Branch, TX",DJF1926,1925-26 El Nino,1926-02-04,82.0,Approved
08167500,"Guadalupe Rv nr Spring Branch, TX",DJF1926,1925-26 El Nino,1925-09-20,45.0,Approved
08167500,"Guadalupe Rv nr Spring Branch, TX",DJF1926,1925-26 El Nino,1925-12-02,89.0,Approved
08167500,"Guadalupe Rv nr Spring Branch, TX",DJF1926,1925-26 El Nino,1925-09-14,45.0,Approved
08167500,"Guadalupe Rv nr Spring Branch, TX",DJF1926,1925-26 El Nino,1925-12-01,89.0,Approved
08167500,"Guadalupe Rv nr Spring Branch, TX",DJF1926,1925-26 El Nino,1925-11-14,150.0,Approved
08167500,"Guadalupe Rv nr Spring Branch, TX",DJF1926,1925-26 El Nino,1925-12-27,78.0,Approved
08167500,"Guadalupe Rv nr Spring Branch, TX",DJF1926,1925-26 El Nino,1926-01-20,91.0,Approved
08167500,"Guadalupe Rv nr Spring Branch, TX",DJF1926,1925-26 El Nino,1925-11-02,64.0,Approved
08167500,"Guadalupe Rv nr Spring Branch, TX",DJF1926,1925-26 El Nino,1926-02-20,64.0,Approved
08167500,"Guadalupe Rv nr Spring Branch, TX",DJF1926,1925-26 El Nino,1925-12-06,80.0,Approved
08167500,"Guadalupe Rv nr Spring Branch, TX",DJF1926,1925-26 El Nino,1925-11-18,109.0,Approved
08167500,"Guadalupe Rv nr Spring Branch, TX",DJF1926,1925-26 El Nino,1925-11-20,109.0,Approved
08167500,"Guadalupe Rv nr Spring Branch, TX",DJF1926,1925-26 El Nino,1925-11-12,186.0,Approved
08167500,"Guadalupe Rv nr Spring Branch, TX",DJF1926,1925-26 El Nino,1925-09-15,45.0,Approved
08167500,"Guadalupe Rv nr Spring Branch, TX",DJF1926,1925-26 El Nino,1925-11-25,95.0,Approved
08167500,"Guadalupe Rv nr Spring Branch, TX",DJF1926,1925-26 El Nino,1926-01-02,93.0,Approved
08167500,"Guadalupe Rv nr Spring Branch, TX",DJF1926,1925-26 El Nino,1925-09-09,45.0,Approved
08167500,"Guadalupe Rv nr Spring Branch, TX",DJF1926,1925-26 El Nino,1925-09-25,45.0,Approved
08167500,"Guadalupe Rv nr Spring Branch, TX",DJF1926,1925-26 El Nino,1925-11-15,134.0,Approved
08167500,"Guadalupe Rv nr Spring Branch, TX",DJF1926,1925-26 El Nino,1925-09-16,45.0,Approved
08167500,"Guadalupe Rv nr Spring Branch, TX",DJF1926,1925-26 El Nino,1925-10-11,31.0,Approved
08167500,"Guadalupe Rv nr Spring Branch, TX",DJF1926,1925-26 El Nino,1925-11-09,376.0,Approved
08167500,"Guadalupe Rv nr Spring Branch, TX",DJF1926,1925-26 El Nino,1926-02-28,72.0,Approved
08167500,"Guadalupe Rv nr Spring Branch, TX",DJF1926,1925-26 El Nino,1925-11-16,126.0,Approved
08167500,"Guadalupe Rv nr Spring Branch, TX",DJF1926,1925-26 El Nino,1925-11-23,100.0,Approved
08167500,"Guadalupe Rv nr Spring Branch, TX",DJF1926,1925-26 El Nino,1925-12-28,78.0,Approved
08167500,"Guadalupe Rv nr Spring Branch, TX",DJF1926,1925-26 El Nino,1925-12-04,89.0,Approved
08167500,"Guadalupe Rv nr Spring Branch, TX",DJF1926,1925-26 El Nino,1926-02-08,76.0,Approved
08167500,"Guadalupe Rv nr Spring Branch, TX",DJF1926,1925-26 El Nino,1926-01-14,74.0,Approved
08167500,"Guadalupe Rv nr Spring Branch, TX",DJF1926,1925-26 El Nino,1925-11-11,218.0,Approved
08167500,"Guadalupe Rv nr Spring Branch, TX",DJF1926,1925-26 El Nino,1926-01-05,104.0,Approved
08167500,"Guadalupe Rv nr Spring Branch, TX",DJF1926,1925-26 El Nino,1925-11-29,93.0,Approved
08167500,"Guadalupe Rv nr Spring Branch, TX",DJF1926,1925-26 El Nino,1926-02-03,87.0,Approved
08167500,"Guadalupe Rv nr Spring Branch, TX",DJF1926,1925-26 El Nino,1926-01-13,78.0,Approved
08167500,"Guadalupe Rv nr Spring Branch, TX",DJF1926,1925-26 El Nino,1925-11-10,273.0,Approved
08167500,"Guadalupe Rv nr Spring Branch, TX",DJF1926,1925-26 El Nino,1925-10-27,72.0,Approved
08167500,"Guadalupe Rv nr Spring Branch, TX",DJF1926,1925-26 El Nino,1925-09-21,45.0,Approved
08167500,"Guadalupe Rv nr Spring Branch, TX",DJF1926,1925-26 El Nino,1925-12-11,82.0,Approved
08167500,"Guadalupe Rv nr Spring Branch, TX",DJF1926,1925-26 El Nino,1925-10-20,182.0,Approved
08167500,"Guadalupe Rv nr Spring Branch, TX",DJF1926,1925-26 El Nino,1926-02-25,70.0,Approved
08167500,"Guadalupe Rv nr Spring Branch, TX",DJF1926,1925-26 El Nino,1925-10-05,48.0,Approved
08167500,"Guadalupe Rv nr Spring Branch, TX",DJF1926,1925-26 El Nino,1925-12-15,85.0,Approved
08167500,"Guadalupe Rv nr Spring Branch, TX",DJF1926,1925-26 El Nino,1926-01-04,107.0,Approved
08167500,"Guadalupe Rv nr Spring Branch, TX",DJF1926,1925-26 El Nino,1926-02-06,82.0,Approved
08167500,"Guadalupe Rv nr Spring Branch, TX",DJF1926,1925-26 El Nino,1925-10-06,40.0,Approved
08167500,"Guadalupe Rv nr Spring Branch, TX",DJF1926,1925-26 El Nino,1926-01-27,100.0,Approved
08167500,"Guadalupe Rv nr Spring Branch, TX",DJF1926,1925-26 El Nino,1925-12-08,80.0,Approved
08167500,"Guadalupe Rv nr Spring Branch, TX",DJF1926,1925-26 El Nino,1925-11-06,618.0,Approved
08167500,"Guadalupe Rv nr Spring Branch, TX",DJF1926,1925-26 El Nino,1926-02-23,66.0,Approved
08167500,"Guadalupe Rv nr Spring Branch, TX",DJF1926,1925-26 El Nino,1926-01-21,95.0,Approved
08167500,"Guadalupe Rv nr Spring Branch, TX",DJF1926,1925-26 El Nino,1925-10-10,33.0,Approved
08167500,"Guadalupe Rv nr Spring Branch, TX",DJF1926,1925-26 El Nino,1925-10-02,41.0,Approved
08167500,"Guadalupe Rv nr Spring Branch, TX",DJF1926,1925-26 El Nino,1926-01-26,98.0,Approved
08167500,"Guadalupe Rv nr Spring Branch, TX",DJF1926,1925-26 El Nino,1925-10-21,137.0,Approved
08167500,"Guadalupe Rv nr Spring Branch, TX",DJF1926,1925-26 El Nino,1925-11-13,164.0,Approved
08167500,"Guadalupe Rv nr Spring Branch, TX",DJF1926,1925-26 El Nino,1926-02-05,80.0,Approved
08167500,"Guadalupe Rv nr Spring Branch, TX",DJF1926,1925-26 El Nino,1926-01-25,98.0,Approved
08167500,"Guadalupe Rv nr Spring Branch, TX",DJF1926,1925-26 El Nino,1925-11-01,66.0,Approved
08167500,"Guadalupe Rv nr Spring Branch, TX",DJF1926,1925-26 El Nino,1925-10-30,104.0,Approved
08167500,"Guadalupe Rv nr Spring Branch, TX",DJF1926,1925-26 El Nino,1925-12-07,78.0,Approved
08167500,"Guadalupe Rv nr Spring Branch, TX",DJF1926,1925-26 El Nino,1926-02-26,74.0,Approved
08167500,"Guadalupe Rv nr Spring Branch, TX",DJF1926,1925-26 El Nino,1925-11-21,107.0,Approved
08167500,"Guadalupe Rv nr Spring Branch, TX",DJF1926,1925-26 El Nino,1926-02-15,74.0,Approved
08167500,"Guadalupe Rv nr Spring Branch, TX",DJF1926,1925-26 El Nino,1925-10-12,31.0,Approved
08167500,"Guadalupe Rv nr Spring Branch, TX",DJF1926,1925-26 El Nino,1925-10-24,89.0,Approved
08167500,"Guadalupe Rv nr Spring Branch, TX",DJF1926,1925-26 El Nino,1925-12-30,78.0,Approved
08167500,"Guadalupe Rv nr Spring Branch, TX",DJF1926,1925-26 El Nino,1925-09-18,45.0,Approved
08167500,"Guadalupe Rv nr Spring Branch, TX",DJF1926,1925-26 El Nino,1926-02-17,68.0,Approved
08167500,"Guadalupe Rv nr Spring Branch, TX",DJF1926,1925-26 El Nino,1926-02-19,66.0,Approved
08167500,"Guadalupe Rv nr Spring Branch, TX",DJF1926,1925-26 El Nino,1925-11-30,91.0,Approved
08167500,"Guadalupe Rv nr Spring Branch, TX",DJF1926,1925-26 El Nino,1925-10-08,33.0,Approved
08167500,"Guadalupe Rv nr Spring Branch, TX",DJF1926,1925-26 El Nino,1925-09-07,45.0,Approved
08167500,"Guadalupe Rv nr Spring Branch, TX",DJF1926,1925-26 El Nino,1925-12-17,85.0,Approved
08167500,"Guadalupe Rv nr Spring Branch, TX",DJF1926,1925-26 El Nino,1925-10-13,119.0,Approved
08167500,"Guadalupe Rv nr Spring Branch, TX",DJF1926,1925-26 El Nino,1925-10-18,482.0,Approved
08167500,"Guadalupe Rv nr Spring Branch, TX",DJF1926,1925-26 El Nino,1925-12-26,78.0,Approved
08167500,"Guadalupe Rv nr Spring Branch, TX",DJF1926,1925-26 El Nino,1926-01-29,95.0,Approved
08167500,"Guadalupe Rv nr Spring Branch, TX",DJF1926,1925-26 El Nino,1926-02-07,76.0,Approved
08167500,"Guadalupe Rv nr Spring Branch, TX",DJF1926,1925-26 El Nino,1925-10-25,68.0,Approved
08167500,"Guadalupe Rv nr Spring Branch, TX",DJF1926,1925-26 El Nino,1926-01-10,78.0,Approved
08167500,"Guadalupe Rv nr Spring Branch, TX",DJF1926,1925-26 El Nino,1925-09-30,45.0,Approved
08167500,"Guadalupe Rv nr Spring Branch, TX",DJF1926,1925-26 El Nino,1925-10-31,80.0,Approved
08167500,"Guadalupe Rv nr Spring Branch, TX",DJF1926,1925-26 El Nino,1926-01-11,78.0,Approved
08167500,"Guadalupe Rv nr Spring Branch, TX",DJF1926,1925-26 El Nino,1926-02-14,72.0,Approved
08167500,"Guadalupe Rv nr Spring Branch, TX",DJF1926,1925-26 El Nino,1925-11-08,700.0,Approved
08167500,"Guadalupe Rv nr Spring Branch, TX",DJF1926,1925-26 El Nino,1925-09-05,45.0,Approved
08167500,"Guadalupe Rv nr Spring Branch, TX",DJF1926,1925-26 El Nino,1926-01-17,85.0,Approved
08167500,"Guadalupe Rv nr Spring Branch, TX",DJF1926,1925-26 El Nino,1926-01-01,82.0,Approved
08167500,"Guadalupe Rv nr Spring Branch, TX",DJF1926,1925-26 El Nino,1925-12-22,82.0,Approved
08167500,"Guadalupe Rv nr Spring Branch, TX",DJF1926,1925-26 El Nino,1925-09-08,45.0,Approved
08167500,"Guadalupe Rv nr Spring Branch, TX",DJF1926,1925-26 El Nino,1926-01-07,85.0,Approved
08167500,"Guadalupe Rv nr Spring Branch, TX",DJF1926,1925-26 El Nino,1925-10-14,78.0,Approved
08167500,"Guadalupe Rv nr Spring Branch, TX",DJF1926,1925-26 El Nino,1925-10-04,46.0,Approved
08167500,"Guadalupe Rv nr Spring Branch, TX",DJF1926,1925-26 El Nino,1925-12-05,82.0,Approved
08167500,"Guadalupe Rv nr Spring Branch, TX",DJF1926,1925-26 El Nino,1925-09-03,45.0,Approved
08167500,"Guadalupe Rv nr Spring Branch, TX",DJF1926,1925-26 El Nino,1926-02-24,68.0,Approved
08167500,"Guadalupe Rv nr Spring Branch, TX",DJF1926,1925-26 El Nino,1926-01-03,98.0,Approved
08167500,"Guadalupe Rv nr Spring Branch, TX",DJF1926,1925-26 El Nino,1926-01-08,82.0,Approved
08167500,"Guadalupe Rv nr Spring Branch, TX",DJF1926,1925-26 El Nino,1926-01-06,93.0,Approved
08167500,"Guadalupe Rv nr Spring Branch, TX",DJF1926,1925-26 El Nino,1925-09-22,45.0,Approved
08167500,"Guadalupe Rv nr Spring Branch, TX",DJF1926,1925-26 El Nino,1925-12-23,80.0,Approved
08167500,"Guadalupe Rv nr Spring Branch, TX",DJF1926,1925-26 El Nino,1925-11-17,116.0,Approved
08167500,"Guadalupe Rv nr Spring Branch, TX",DJF1926,1925-26 El Nino,1925-12-25,78.0,Approved
08167500,"Guadalupe Rv nr Spring Branch, TX",DJF1926,1925-26 El Nino,1926-02-10,76.0,Approved
08167500,"Guadalupe Rv nr Spring Branch, TX",DJF1926,1925-26 El Nino,1925-12-29,76.0,Approved
08167500,"Guadalupe Rv nr Spring Branch, TX",DJF1926,1925-26 El Nino,1925-12-12,85.0,Approved
08167500,"Guadalupe Rv nr Spring Branch, TX",DJF1926,1925-26 El Nino,1925-12-19,80.0,Approved
08167500,"Guadalupe Rv nr Spring Branch, TX",DJF1926,1925-26 El Nino,1925-10-09,34.0,Approved
08167500,"Guadalupe Rv nr Spring Branch, TX",DJF1926,1925-26 El Nino,1925-09-17,45.0,Approved
08167500,"Guadalupe Rv nr Spring Branch, TX",DJF1926,1925-26 El Nino,1926-02-01,91.0,Approved
08167500,"Guadalupe Rv nr Spring Branch, TX",DJF1926,1925-26 El Nino,1925-12-14,85.0,Approved
08167500,"Guadalupe Rv nr Spring Branch, TX",DJF1926,1925-26 El Nino,1926-02-09,72.0,Approved
08167500,"Guadalupe Rv nr Spring Branch, TX",DJF1926,1925-26 El Nino,1925-11-07,968.0,Approved
08167500,"Guadalupe Rv nr Spring Branch, TX",DJF1926,1925-26 El Nino,1925-09-11,45.0,Approved
08167500,"Guadalupe Rv nr Spring Branch, TX",DJF1926,1925-26 El Nino,1925-12-13,85.0,Approved
08167500,"Guadalupe Rv nr Spring Branch, TX",DJF1926,1925-26 El Nino,1925-10-03,47.0,Approved
08167500,"Guadalupe Rv nr Spring Branch, TX",DJF1926,1925-26 El Nino,1925-09-29,45.0,Approved
08167500,"Guadalupe Rv nr Spring Branch, TX",DJF1926,1925-26 El Nino,1925-09-06,45.0,Approved
08167500,"Guadalupe Rv nr Spring Branch, TX",DJF1926,1925-26 El Nino,1925-11-22,104.0,Approved
08167500,"Guadalupe Rv nr Spring Branch, TX",DJF1926,1925-26 El Nino,1926-01-22,91.0,Approved
08167500,"Guadalupe Rv nr Spring Branch, TX",DJF1926,1925-26 El Nino,1926-01-12,78.0,Approved
08167500,"Guadalupe Rv nr Spring Branch, TX",DJF1926,1925-26 El Nino,1925-10-01,42.0,Approved
08167500,"Guadalupe Rv nr Spring Branch, TX",DJF1926,1925-26 El Nino,1925-10-22,109.0,Approved
08167500,"Guadalupe Rv nr Spring Branch, TX",DJF1926,1925-26 El Nino,1925-10-16,3900.0,Approved
08167500,"Guadalupe Rv nr Spring Branch, TX",DJF1926,1925-26 El Nino,1925-09-27,45.0,Approved
08167500,"Guadalupe Rv nr Spring Branch, TX",DJF1926,1925-26 El Nino,1925-12-18,82.0,Approved
08167500,"Guadalupe Rv nr Spring Branch, TX",DJF1926,1925-26 El Nino,1925-11-26,95.0,Approved
08167500,"Guadalupe Rv nr Spring Branch, TX",DJF1926,1925-26 El Nino,1925-10-19,265.0,Approved
08167500,"Guadalupe Rv nr Spring Branch, TX",DJF1926,1925-26 El Nino,1925-09-19,45.0,Approved
08167500,"Guadalupe Rv nr Spring Branch, TX",DJF1926,1925-26 El Nino,1925-09-28,45.0,Approved
08167500,"Guadalupe Rv nr Spring Branch, TX",DJF1926,1925-26 El Nino,1925-09-12,45.0,Approved
08167500,"Guadalupe Rv nr Spring Branch, TX",DJF1926,1925-26 El Nino,1926-01-28,98.0,Approved
08167500,"Guadalupe Rv nr Spring Branch, TX",DJF1926,1925-26 El Nino,1925-10-23,100.0,Approved
08167500,"Guadalupe Rv nr Spring Branch, TX",DJF1926,1925-26 El Nino,1925-09-13,45.0,Approved
08167500,"Guadalupe Rv nr Spring Branch, TX",DJF1926,1925-26 El Nino,1925-10-15,397.0,Approved
08167500,"Guadalupe Rv nr Spring Branch, TX",DJF1926,1925-26 El Nino,1925-10-17,2330.0,Approved
08167500,"Guadalupe Rv nr Spring Branch, TX",DJF1926,1925-26 El Nino,1925-12-10,82.0,Approved
08167500,"Guadalupe Rv nr Spring Branch, TX",DJF1926,1925-26 El Nino,1926-01-19,80.0,Approved
08167500,"Guadalupe Rv nr Spring Branch, TX",DJF1926,1925-26 El Nino,1926-01-18,80.0,Approved
08167500,"Guadalupe Rv nr Spring Branch, TX",DJF1926,1925-26 El Nino,1925-12-31,76.0,Approved
08167500,"Guadalupe Rv nr Spring Branch, TX",DJF1926,1925-26 El Nino,1926-01-30,93.0,Approved
08167500,"Guadalupe Rv nr Spring Branch, TX",DJF1926,1925-26 El Nino,1925-09-10,45.0,Approved
08167500,"Guadalupe Rv nr Spring Branch, TX",DJF1926,1925-26 El Nino,1925-11-04,59.0,Approved
08167500,"Guadalupe Rv nr Spring Branch, TX",DJF1926,1925-26 El Nino,1925-12-24,76.0,Approved
08167500,"Guadalupe Rv nr Spring Branch, TX",DJF1926,1925-26 El Nino,1926-01-31,93.0,Approved
08167500,"Guadalupe Rv nr Spring Branch, TX",DJF1926,1925-26 El Nino,1925-10-26,72.0,Approved
08167500,"Guadalupe Rv nr Spring Branch, TX",DJF1926,1925-26 El Nino,1926-02-18,64.0,Approved
08167500,"Guadalupe Rv nr Spring Branch, TX",DJF1926,1925-26 El Nino,1925-11-05,99.0,Approved
08167500,"Guadalupe Rv nr Spring Branch, TX",DJF1926,1925-26 El Nino,1925-12-21,82.0,Approved
08167500,"Guadalupe Rv nr Spring Branch, TX",DJF1926,1925-26 El Nino,1926-02-11,72.0,Approved
08167500,"Guadalupe Rv nr Spring Branch, TX",DJF1926,1925-26 El Nino,1925-09-04,45.0,Approved
08167500,"Guadalupe Rv nr Spring Branch, TX",DJF1931,1930-31 El Nino,1931-01-01,125.0,Approved
08167500,"Guadalupe Rv nr Spring Branch, TX",DJF1931,1930-31 El Nino,1931-01-24,362.0,Approved
08167500,"Guadalupe Rv nr Spring Branch, TX",DJF1931,1930-31 El Nino,1930-10-04,29.0,Approved
08167500,"Guadalupe Rv nr Spring Branch, TX",DJF1931,1930-31 El Nino,1930-12-02,160.0,Approved
08167500,"Guadalupe Rv nr Spring Branch, TX",DJF1931,1930-31 El Nino,1931-02-07,542.0,Approved
08167500,"Guadalupe Rv nr Spring Branch, TX",DJF1931,1930-31 El Nino,1931-02-05,590.0,Approved
08167500,"Guadalupe Rv nr Spring Branch, TX",DJF1931,1930-31 El Nino,1931-02-10,534.0,Approved
08167500,"Guadalupe Rv nr Spring Branch, TX",DJF1931,1930-31 El Nino,1930-11-26,147.0,Approved
08167500,"Guadalupe Rv nr Spring Branch, TX",DJF1931,1930-31 El Nino,1930-11-22,153.0,Approved
08167500,"Guadalupe Rv nr Spring Branch, TX",DJF1931,1930-31 El Nino,1931-01-18,708.0,Approved
08167500,"Guadalupe Rv nr Spring Branch, TX",DJF1931,1930-31 El Nino,1930-10-12,877.0,Approved
08167500,"Guadalupe Rv nr Spring Branch, TX",DJF1931,1930-31 El Nino,1931-02-26,494.0,Approved
08167500,"Guadalupe Rv nr Spring Branch, TX",DJF1931,1930-31 El Nino,1930-10-16,374.0,Approved
08167500,"Guadalupe Rv nr Spring Branch, TX",DJF1931,1930-31 El Nino,1930-09-29,20.0,Approved
08167500,"Guadalupe Rv nr Spring Branch, TX",DJF1931,1930-31 El Nino,1930-12-13,150.0,Approved
08167500,"Guadalupe Rv nr Spring Branch, TX",DJF1931,1930-31 El Nino,1931-01-20,494.0,Approved
08167500,"Guadalupe Rv nr Spring Branch, TX",DJF1931,1930-31 El Nino,1930-09-01,16.0,Approved
08167500,"Guadalupe Rv nr Spring Branch, TX",DJF1931,1930-31 El Nino,1931-01-25,346.0,Approved
08167500,"Guadalupe Rv nr Spring Branch, TX",DJF1931,1930-31 El Nino,1931-02-04,631.0,Approved
08167500,"Guadalupe Rv nr Spring Branch, TX",DJF1931,1930-31 El Nino,1930-12-29,134.0,Approved
08167500,"Guadalupe Rv nr Spring Branch, TX",DJF1931,1930-31 El Nino,1930-11-09,170.0,Approved
08167500,"Guadalupe Rv nr Spring Branch, TX",DJF1931,1930-31 El Nino,1930-10-25,209.0,Approved
08167500,"Guadalupe Rv nr Spring Branch, TX",DJF1931,1930-31 El Nino,1930-10-29,246.0,Approved
08167500,"Guadalupe Rv nr Spring Branch, TX",DJF1931,1930-31 El Nino,1931-01-08,122.0,Approved
08167500,"Guadalupe Rv nr Spring Branch, TX",DJF1931,1930-31 El Nino,1930-12-10,156.0,Approved
08167500,"Guadalupe Rv nr Spring Branch, TX",DJF1931,1930-31 El Nino,1930-09-13,24.0,Approved
08167500,"Guadalupe Rv nr Spring Branch, TX",DJF1931,1930-31 El Nino,1930-10-07,15000.0,Approved
08167500,"Guadalupe Rv nr Spring Branch, TX",DJF1931,1930-31 El Nino,1931-01-27,332.0,Approved
08167500,"Guadalupe Rv nr Spring Branch, TX",DJF1931,1930-31 El Nino,1930-12-27,134.0,Approved
08167500,"Guadalupe Rv nr Spring Branch, TX",DJF1931,1930-31 El Nino,1931-02-03,708.0,Approved
08167500,"Guadalupe Rv nr Spring Branch, TX",DJF1931,1930-31 El Nino,1931-02-11,514.0,Approved
08167500,"Guadalupe Rv nr Spring Branch, TX",DJF1931,1930-31 El Nino,1930-12-11,153.0,Approved
08167500,"Guadalupe Rv nr Spring Branch, TX",DJF1931,1930-31 El Nino,1930-11-02,196.0,Approved
08167500,"Guadalupe Rv nr Spring Branch, TX",DJF1931,1930-31 El Nino,1931-02-22,502.0,Approved
08167500,"Guadalupe Rv nr Spring Branch, TX",DJF1931,1930-31 El Nino,1930-09-25,16.0,Approved
08167500,"Guadalupe Rv nr Spring Branch, TX",DJF1931,1930-31 El Nino,1930-12-23,147.0,Approved
08167500,"Guadalupe Rv nr Spring Branch, TX",DJF1931,1930-31 El Nino,1931-02-28,478.0,Approved
08167500,"Guadalupe Rv nr Spring Branch, TX",DJF1931,1930-31 El Nino,1930-12-01,173.0,Approved
08167500,"Guadalupe Rv nr Spring Branch, TX",DJF1931,1930-31 El Nino,1931-02-16,600.0,Approved
08167500,"Guadalupe Rv nr Spring Branch, TX",DJF1931,1930-31 El Nino,1931-01-09,116.0,Approved
08167500,"Guadalupe Rv nr Spring Branch, TX",DJF1931,1930-31 El Nino,1930-10-31,209.0,Approved
08167500,"Guadalupe Rv nr Spring Branch, TX",DJF1931,1930-31 El Nino,1931-02-12,498.0,Approved
08167500,"Guadalupe Rv nr Spring Branch, TX",DJF1931,1930-31 El Nino,1930-11-16,196.0,Approved
08167500,"Guadalupe Rv nr Spring Branch, TX",DJF1931,1930-31 El Nino,1930-11-14,196.0,Approved
08167500,"Guadalupe Rv nr Spring Branch, TX",DJF1931,1930-31 El Nino,1930-09-14,19.0,Approved
08167500,"Guadalupe Rv nr Spring Branch, TX",DJF1931,1930-31 El Nino,1930-09-26,24.0,Approved
08167500,"Guadalupe Rv nr Spring Branch, TX",DJF1931,1930-31 El Nino,1930-09-04,16.0,Approved
08167500,"Guadalupe Rv nr Spring Branch, TX",DJF1931,1930-31 El Nino,1930-09-15,17.0,Approved
08167500,"Guadalupe Rv nr Spring Branch, TX",DJF1931,1930-31 El Nino,1930-10-27,209.0,Approved
08167500,"Guadalupe Rv nr Spring Branch, TX",DJF1931,1930-31 El Nino,1930-10-21,226.0,Approved
08167500,"Guadalupe Rv nr Spring Branch, TX",DJF1931,1930-31 El Nino,1930-11-19,170.0,Approved
08167500,"Guadalupe Rv nr Spring Branch, TX",DJF1931,1930-31 El Nino,1930-12-14,147.0,Approved
08167500,"Guadalupe Rv nr Spring Branch, TX",DJF1931,1930-31 El Nino,1930-11-05,186.0,Approved
08167500,"Guadalupe Rv nr Spring Branch, TX",DJF1931,1930-31 El Nino,1930-09-16,21.0,Approved
08167500,"Guadalupe Rv nr Spring Branch, TX",DJF1931,1930-31 El Nino,1931-02-02,784.0,Approved
08167500,"Guadalupe Rv nr Spring Branch, TX",DJF1931,1930-31 El Nino,1931-02-24,577.0,Approved
08167500,"Guadalupe Rv nr Spring Branch, TX",DJF1931,1930-31 El Nino,1930-12-19,140.0,Approved
08167500,"Guadalupe Rv nr Spring Branch, TX",DJF1931,1930-31 El Nino,1930-11-29,147.0,Approved
08167500,"Guadalupe Rv nr Spring Branch, TX",DJF1931,1930-31 El Nino,1930-11-04,190.0,Approved
08167500,"Guadalupe Rv nr Spring Branch, TX",DJF1931,1930-31 El Nino,1930-09-10,29.0,Approved
08167500,"Guadalupe Rv nr Spring Branch, TX",DJF1931,1930-31 El Nino,1930-12-24,147.0,Approved
08167500,"Guadalupe Rv nr Spring Branch, TX",DJF1931,1930-31 El Nino,1931-01-05,125.0,Approved
08167500,"Guadalupe Rv nr Spring Branch, TX",DJF1931,1930-31 El Nino,1930-12-05,190.0,Approved
08167500,"Guadalupe Rv nr Spring Branch, TX",DJF1931,1930-31 El Nino,1931-02-06,564.0,Approved
08167500,"Guadalupe Rv nr Spring Branch, TX",DJF1931,1930-31 El Nino,1931-01-12,131.0,Approved
08167500,"Guadalupe Rv nr Spring Branch, TX",DJF1931,1930-31 El Nino,1930-09-02,17.0,Approved
08167500,"Guadalupe Rv nr Spring Branch, TX",DJF1931,1930-31 El Nino,1930-11-11,196.0,Approved
08167500,"Guadalupe Rv nr Spring Branch, TX",DJF1931,1930-31 El Nino,1931-02-27,482.0,Approved
08167500,"Guadalupe Rv nr Spring Branch, TX",DJF1931,1930-31 El Nino,1930-10-02,22.0,Approved
08167500,"Guadalupe Rv nr Spring Branch, TX",DJF1931,1930-31 El Nino,1930-10-01,21.0,Approved
08167500,"Guadalupe Rv nr Spring Branch, TX",DJF1931,1930-31 El Nino,1931-01-15,116.0,Approved
08167500,"Guadalupe Rv nr Spring Branch, TX",DJF1931,1930-31 El Nino,1930-10-17,313.0,Approved
08167500,"Guadalupe Rv nr Spring Branch, TX",DJF1931,1930-31 El Nino,1930-09-12,32.0,Approved
08167500,"Guadalupe Rv nr Spring Branch, TX",DJF1931,1930-31 El Nino,1930-09-17,22.0,Approved
08167500,"Guadalupe Rv nr Spring Branch, TX",DJF1931,1930-31 El Nino,1930-11-21,156.0,Approved
08167500,"Guadalupe Rv nr Spring Branch, TX",DJF1931,1930-31 El Nino,1930-09-22,17.0,Approved
08167500,"Guadalupe Rv nr Spring Branch, TX",DJF1931,1930-31 El Nino,1930-11-18,173.0,Approved
08167500,"Guadalupe Rv nr Spring Branch, TX",DJF1931,1930-31 El Nino,1930-10-28,404.0,Approved
08167500,"Guadalupe Rv nr Spring Branch, TX",DJF1931,1930-31 El Nino,1931-02-08,554.0,Approved
08167500,"Guadalupe Rv nr Spring Branch, TX",DJF1931,1930-31 El Nino,1931-01-06,125.0,Approved
08167500,"Guadalupe Rv nr Spring Branch, TX",DJF1931,1930-31 El Nino,1931-02-09,618.0,Approved
08167500,"Guadalupe Rv nr Spring Branch, TX",DJF1931,1930-31 El Nino,1930-09-19,20.0,Approved
08167500,"Guadalupe Rv nr Spring Branch, TX",DJF1931,1930-31 El Nino,1931-01-17,652.0,Approved
08167500,"Guadalupe Rv nr Spring Branch, TX",DJF1931,1930-31 El Nino,1930-12-06,190.0,Approved
08167500,"Guadalupe Rv nr Spring Branch, TX",DJF1931,1930-31 El Nino,1930-09-09,14.0,Approved
08167500,"Guadalupe Rv nr Spring Branch, TX",DJF1931,1930-31 El Nino,1930-09-24,16.0,Approved
08167500,"Guadalupe Rv nr Spring Branch, TX",DJF1931,1930-31 El Nino,1930-09-07,15.0,Approved
08167500,"Guadalupe Rv nr Spring Branch, TX",DJF1931,1930-31 El Nino,1930-10-09,685.0,Approved
08167500,"Guadalupe Rv nr Spring Branch, TX",DJF1931,1930-31 El Nino,1930-10-05,72.0,Approved
08167500,"Guadalupe Rv nr Spring Branch, TX",DJF1931,1930-31 El Nino,1931-01-29,626.0,Approved
08167500,"Guadalupe Rv nr Spring Branch, TX",DJF1931,1930-31 El Nino,1931-02-21,482.0,Approved
08167500,"Guadalupe Rv nr Spring Branch, TX",DJF1931,1930-31 El Nino,1930-12-21,140.0,Approved
08167500,"Guadalupe Rv nr Spring Branch, TX",DJF1931,1930-31 El Nino,1930-10-03,23.0,Approved
08167500,"Guadalupe Rv nr Spring Branch, TX",DJF1931,1930-31 El Nino,1930-09-21,18.0,Approved
08167500,"Guadalupe Rv nr Spring Branch, TX",DJF1931,1930-31 El Nino,1931-01-04,128.0,Approved
08167500,"Guadalupe Rv nr Spring Branch, TX",DJF1931,1930-31 El Nino,1931-02-18,554.0,Approved
08167500,"Guadalupe Rv nr Spring Branch, TX",DJF1931,1930-31 El Nino,1931-02-14,498.0,Approved
08167500,"Guadalupe Rv nr Spring Branch, TX",DJF1931,1930-31 El Nino,1930-09-11,30.0,Approved
08167500,"Guadalupe Rv nr Spring Branch, TX",DJF1931,1930-31 El Nino,1930-09-03,17.0,Approved
08167500,"Guadalupe Rv nr Spring Branch, TX",DJF1931,1930-31 El Nino,1930-10-08,1460.0,Approved
08167500,"Guadalupe Rv nr Spring Branch, TX",DJF1931,1930-31 El Nino,1931-01-02,128.0,Approved
08167500,"Guadalupe Rv nr Spring Branch, TX",DJF1931,1930-31 El Nino,1930-10-10,490.0,Approved
08167500,"Guadalupe Rv nr Spring Branch, TX",DJF1931,1930-31 El Nino,1930-11-24,147.0,Approved
08167500,"Guadalupe Rv nr Spring Branch, TX",DJF1931,1930-31 El Nino,1930-10-15,466.0,Approved
08167500,"Guadalupe Rv nr Spring Branch, TX",DJF1931,1930-31 El Nino,1930-12-09,163.0,Approved
08167500,"Guadalupe Rv nr Spring Branch, TX",DJF1931,1930-31 El Nino,1930-12-04,173.0,Approved
08167500,"Guadalupe Rv nr Spring Branch, TX",DJF1931,1930-31 El Nino,1930-11-20,163.0,Approved
08167500,"Guadalupe Rv nr Spring Branch, TX",DJF1931,1930-31 El Nino,1930-12-08,173.0,Approved
08167500,"Guadalupe Rv nr Spring Branch, TX",DJF1931,1930-31 El Nino,1930-10-30,226.0,Approved
08167500,"Guadalupe Rv nr Spring Branch, TX",DJF1931,1930-31 El Nino,1931-01-26,335.0,Approved
08167500,"Guadalupe Rv nr Spring Branch, TX",DJF1931,1930-31 El Nino,1930-11-30,156.0,Approved
08167500,"Guadalupe Rv nr Spring Branch, TX",DJF1931,1930-31 El Nino,1931-01-13,128.0,Approved
08167500,"Guadalupe Rv nr Spring Branch, TX",DJF1931,1930-31 El Nino,1930-12-18,137.0,Approved
08167500,"Guadalupe Rv nr Spring Branch, TX",DJF1931,1930-31 El Nino,1930-10-14,1120.0,Approved
08167500,"Guadalupe Rv nr Spring Branch, TX",DJF1931,1930-31 El Nino,1931-01-31,595.0,Approved
08167500,"Guadalupe Rv nr Spring Branch, TX",DJF1931,1930-31 El Nino,1930-12-20,137.0,Approved
08167500,"Guadalupe Rv nr Spring Branch, TX",DJF1931,1930-31 El Nino,1930-09-06,15.0,Approved
08167500,"Guadalupe Rv nr Spring Branch, TX",DJF1931,1930-31 El Nino,1930-11-06,180.0,Approved
08167500,"Guadalupe Rv nr Spring Branch, TX",DJF1931,1930-31 El Nino,1931-01-03,128.0,Approved
08167500,"Guadalupe Rv nr Spring Branch, TX",DJF1931,1930-31 El Nino,1930-11-03,193.0,Approved
08167500,"Guadalupe Rv nr Spring Branch, TX",DJF1931,1930-31 El Nino,1930-11-01,206.0,Approved
08167500,"Guadalupe Rv nr Spring Branch, TX",DJF1931,1930-31 El Nino,1930-11-12,193.0,Approved
08167500,"Guadalupe Rv nr Spring Branch, TX",DJF1931,1930-31 El Nino,1931-01-10,113.0,Approved
08167500,"Guadalupe Rv nr Spring Branch, TX",DJF1931,1930-31 El Nino,1931-01-11,125.0,Approved
08167500,"Guadalupe Rv nr Spring Branch, TX",DJF1931,1930-31 El Nino,1930-09-23,17.0,Approved
08167500,"Guadalupe Rv nr Spring Branch, TX",DJF1931,1930-31 El Nino,1931-02-01,559.0,Approved
08167500,"Guadalupe Rv nr Spring Branch, TX",DJF1931,1930-31 El Nino,1930-10-26,209.0,Approved
08167500,"Guadalupe Rv nr Spring Branch, TX",DJF1931,1930-31 El Nino,1930-11-28,137.0,Approved
08167500,"Guadalupe Rv nr Spring Branch, TX",DJF1931,1930-31 El Nino,1931-01-23,374.0,Approved
08167500,"Guadalupe Rv nr Spring Branch, TX",DJF1931,1930-31 El Nino,1930-11-15,196.0,Approved
08167500,"Guadalupe Rv nr Spring Branch, TX",DJF1931,1930-31 El Nino,1931-01-14,125.0,Approved
08167500,"Guadalupe Rv nr Spring Branch, TX",DJF1931,1930-31 El Nino,1931-02-13,498.0,Approved
08167500,"Guadalupe Rv nr Spring Branch, TX",DJF1931,1930-31 El Nino,1931-02-23,582.0,Approved
08167500,"Guadalupe Rv nr Spring Branch, TX",DJF1931,1930-31 El Nino,1930-09-05,16.0,Approved
08167500,"Guadalupe Rv nr Spring Branch, TX",DJF1931,1930-31 El Nino,1930-11-17,186.0,Approved
08167500,"Guadalupe Rv nr Spring Branch, TX",DJF1931,1930-31 El Nino,1931-01-19,550.0,Approved
08167500,"Guadalupe Rv nr Spring Branch, TX",DJF1931,1930-31 El Nino,1930-10-24,186.0,Approved
08167500,"Guadalupe Rv nr Spring Branch, TX",DJF1931,1930-31 El Nino,1930-12-07,176.0,Approved
08167500,"Guadalupe Rv nr Spring Branch, TX",DJF1931,1930-31 El Nino,1930-09-08,14.0,Approved
08167500,"Guadalupe Rv nr Spring Branch, TX",DJF1931,1930-31 El Nino,1931-01-16,136.0,Approved
08167500,"Guadalupe Rv nr Spring Branch, TX",DJF1931,1930-31 El Nino,1931-01-07,122.0,Approved
08167500,"Guadalupe Rv nr Spring Branch, TX",DJF1931,1930-31 El Nino,1931-02-15,482.0,Approved
08167500,"Guadalupe Rv nr Spring Branch, TX",DJF1931,1930-31 El Nino,1930-09-30,21.0,Approved
08167500,"Guadalupe Rv nr Spring Branch, TX",DJF1931,1930-31 El Nino,1930-09-28,19.0,Approved
08167500,"Guadalupe Rv nr Spring Branch, TX",DJF1931,1930-31 El Nino,1930-12-28,137.0,Approved
08167500,"Guadalupe Rv nr Spring Branch, TX",DJF1931,1930-31 El Nino,1930-12-25,143.0,Approved
08167500,"Guadalupe Rv nr Spring Branch, TX",DJF1931,1930-31 El Nino,1930-09-27,21.0,Approved
08167500,"Guadalupe Rv nr Spring Branch, TX",DJF1931,1930-31 El Nino,1931-02-25,522.0,Approved
08167500,"Guadalupe Rv nr Spring Branch, TX",DJF1931,1930-31 El Nino,1931-02-19,522.0,Approved
08167500,"Guadalupe Rv nr Spring Branch, TX",DJF1931,1930-31 El Nino,1930-10-06,221.0,Approved
08167500,"Guadalupe Rv nr Spring Branch, TX",DJF1931,1930-31 El Nino,1930-10-11,406.0,Approved
08167500,"Guadalupe Rv nr Spring Branch, TX",DJF1931,1930-31 El Nino,1930-12-03,153.0,Approved
08167500,"Guadalupe Rv nr Spring Branch, TX",DJF1931,1930-31 El Nino,1930-10-13,2080.0,Approved
08167500,"Guadalupe Rv nr Spring Branch, TX",DJF1931,1930-31 El Nino,1930-11-08,170.0,Approved
08167500,"Guadalupe Rv nr Spring Branch, TX",DJF1931,1930-31 El Nino,1930-11-27,143.0,Approved
08167500,"Guadalupe Rv nr Spring Branch, TX",DJF1931,1930-31 El Nino,1930-12-26,140.0,Approved
08167500,"Guadalupe Rv nr Spring Branch, TX",DJF1931,1930-31 El Nino,1930-11-07,176.0,Approved
08167500,"Guadalupe Rv nr Spring Branch, TX",DJF1931,1930-31 El Nino,1930-10-23,209.0,Approved
08167500,"Guadalupe Rv nr Spring Branch, TX",DJF1931,1930-31 El Nino,1931-02-17,626.0,Approved
08167500,"Guadalupe Rv nr Spring Branch, TX",DJF1931,1930-31 El Nino,1931-01-21,438.0,Approved
08167500,"Guadalupe Rv nr Spring Branch, TX",DJF1931,1930-31 El Nino,1930-10-19,250.0,Approved
08167500,"Guadalupe Rv nr Spring Branch, TX",DJF1931,1930-31 El Nino,1930-12-30,131.0,Approved
08167500,"Guadalupe Rv nr Spring Branch, TX",DJF1931,1930-31 El Nino,1930-12-31,128.0,Approved
08167500,"Guadalupe Rv nr Spring Branch, TX",DJF1931,1930-31 El Nino,1931-01-28,408.0,Approved
08167500,"Guadalupe Rv nr Spring Branch, TX",DJF1931,1930-31 El Nino,1930-12-17,137.0,Approved
08167500,"Guadalupe Rv nr Spring Branch, TX",DJF1931,1930-31 El Nino,1930-10-20,243.0,Approved
08167500,"Guadalupe Rv nr Spring Branch, TX",DJF1931,1930-31 El Nino,1930-12-16,143.0,Approved
08167500,"Guadalupe Rv nr Spring Branch, TX",DJF1931,1930-31 El Nino,1931-02-20,506.0,Approved
08167500,"Guadalupe Rv nr Spring Branch, TX",DJF1931,1930-31 El Nino,1930-12-12,153.0,Approved
08167500,"Guadalupe Rv nr Spring Branch, TX",DJF1931,1930-31 El Nino,1930-09-20,20.0,Approved
08167500,"Guadalupe Rv nr Spring Branch, TX",DJF1931,1930-31 El Nino,1930-11-13,193.0,Approved
08167500,"Guadalupe Rv nr Spring Branch, TX",DJF1931,1930-31 El Nino,1930-12-22,147.0,Approved
08167500,"Guadalupe Rv nr Spring Branch, TX",DJF1931,1930-31 El Nino,1930-11-23,150.0,Approved
08167500,"Guadalupe Rv nr Spring Branch, TX",DJF1931,1930-31 El Nino,1930-12-15,150.0,Approved
08167500,"Guadalupe Rv nr Spring Branch, TX",DJF1931,1930-31 El Nino,1930-10-18,280.0,Approved
08167500,"Guadalupe Rv nr Spring Branch, TX",DJF1931,1930-31 El Nino,1930-09-18,21.0,Approved
08167500,"Guadalupe Rv nr Spring Branch, TX",DJF1931,1930-31 El Nino,1930-10-22,219.0,Approved
08167500,"Guadalupe Rv nr Spring Branch, TX",DJF1931,1930-31 El Nino,1931-01-22,398.0,Approved
08167500,"Guadalupe Rv nr Spring Branch, TX",DJF1931,1930-31 El Nino,1931-01-30,662.0,Approved
08167500,"Guadalupe Rv nr Spring Branch, TX",DJF1931,1930-31 El Nino,1930-11-10,190.0,Approved
08167500,"Guadalupe Rv nr Spring Branch, TX",DJF1931,1930-31 El Nino,1930-11-25,147.0,Approved
08167500,"Guadalupe Rv nr Spring Branch, TX",DJF1941,1940-41 El Nino,1940-12-08,111.0,Approved
08167500,"Guadalupe Rv nr Spring Branch, TX",DJF1941,1940-41 El Nino,1941-01-18,218.0,Approved
08167500,"Guadalupe Rv nr Spring Branch, TX",DJF1941,1940-41 El Nino,1940-12-22,353.0,Approved
08167500,"Guadalupe Rv nr Spring Branch, TX",DJF1941,1940-41 El Nino,1941-02-03,2320.0,Approved
08167500,"Guadalupe Rv nr Spring Branch, TX",DJF1941,1940-41 El Nino,1941-02-27,622.0,Approved
08167500,"Guadalupe Rv nr Spring Branch, TX",DJF1941,1940-41 El Nino,1940-10-12,40.0,Approved
08167500,"Guadalupe Rv nr Spring Branch, TX",DJF1941,1940-41 El Nino,1941-02-26,656.0,Approved
08167500,"Guadalupe Rv nr Spring Branch, TX",DJF1941,1940-41 El Nino,1940-12-05,114.0,Approved
08167500,"Guadalupe Rv nr Spring Branch, TX",DJF1941,1940-41 El Nino,1940-09-02,78.0,Approved
08167500,"Guadalupe Rv nr Spring Branch, TX",DJF1941,1940-41 El Nino,1940-10-29,95.0,Approved
08167500,"Guadalupe Rv nr Spring Branch, TX",DJF1941,1940-41 El Nino,1940-11-11,93.0,Approved
08167500,"Guadalupe Rv nr Spring Branch, TX",DJF1941,1940-41 El Nino,1940-11-23,1200.0,Approved
08167500,"Guadalupe Rv nr Spring Branch, TX",DJF1941,1940-41 El Nino,1940-10-10,40.0,Approved
08167500,"Guadalupe Rv nr Spring Branch, TX",DJF1941,1940-41 El Nino,1940-12-21,378.0,Approved
08167500,"Guadalupe Rv nr Spring Branch, TX",DJF1941,1940-41 El Nino,1941-02-13,801.0,Approved
08167500,"Guadalupe Rv nr Spring Branch, TX",DJF1941,1940-41 El Nino,1941-02-18,628.0,Approved
08167500,"Guadalupe Rv nr Spring Branch, TX",DJF1941,1940-41 El Nino,1940-10-21,45.0,Approved
08167500,"Guadalupe Rv nr Spring Branch, TX",DJF1941,1940-41 El Nino,1941-01-17,230.0,Approved
08167500,"Guadalupe Rv nr Spring Branch, TX",DJF1941,1940-41 El Nino,1940-11-20,69.0,Approved
08167500,"Guadalupe Rv nr Spring Branch, TX",DJF1941,1940-41 El Nino,1941-01-02,286.0,Approved
08167500,"Guadalupe Rv nr Spring Branch, TX",DJF1941,1940-41 El Nino,1940-09-19,29.0,Approved
08167500,"Guadalupe Rv nr Spring Branch, TX",DJF1941,1940-41 El Nino,1940-10-25,60.0,Approved
08167500,"Guadalupe Rv nr Spring Branch, TX",DJF1941,1940-41 El Nino,1940-12-31,303.0,Approved
08167500,"Guadalupe Rv nr Spring Branch, TX",DJF1941,1940-41 El Nino,1940-12-13,2000.0,Approved
08167500,"Guadalupe Rv nr Spring Branch, TX",DJF1941,1940-41 El Nino,1940-12-07,114.0,Approved
08167500,"Guadalupe Rv nr Spring Branch, TX",DJF1941,1940-41 El Nino,1941-02-01,7340.0,Approved
08167500,"Guadalupe Rv nr Spring Branch, TX",DJF1941,1940-41 El Nino,1940-11-27,209.0,Approved
08167500,"Guadalupe Rv nr Spring Branch, TX",DJF1941,1940-41 El Nino,1940-09-22,35.0,Approved
08167500,"Guadalupe Rv nr Spring Branch, TX",DJF1941,1940-41 El Nino,1940-10-28,86.0,Approved
08167500,"Guadalupe Rv nr Spring Branch, TX",DJF1941,1940-41 El Nino,1941-01-25,203.0,Approved
08167500,"Guadalupe Rv nr Spring Branch, TX",DJF1941,1940-41 El Nino,1941-02-25,723.0,Approved
08167500,"Guadalupe Rv nr Spring Branch, TX",DJF1941,1940-41 El Nino,1940-09-12,37.0,Approved
08167500,"Guadalupe Rv nr Spring Branch, TX",DJF1941,1940-41 El Nino,1941-01-19,215.0,Approved
08167500,"Guadalupe Rv nr Spring Branch, TX",DJF1941,1940-41 El Nino,1941-01-10,236.0,Approved
08167500,"Guadalupe Rv nr Spring Branch, TX",DJF1941,1940-41 El Nino,1940-10-08,52.0,Approved
08167500,"Guadalupe Rv nr Spring Branch, TX",DJF1941,1940-41 El Nino,1940-12-18,571.0,Approved
08167500,"Guadalupe Rv nr Spring Branch, TX",DJF1941,1940-41 El Nino,1940-10-06,40.0,Approved
08167500,"Guadalupe Rv nr Spring Branch, TX",DJF1941,1940-41 El Nino,1941-02-16,672.0,Approved
08167500,"Guadalupe Rv nr Spring Branch, TX",DJF1941,1940-41 El Nino,1940-12-16,1970.0,Approved
08167500,"Guadalupe Rv nr Spring Branch, TX",DJF1941,1940-41 El Nino,1940-10-07,58.0,Approved
08167500,"Guadalupe Rv nr Spring Branch, TX",DJF1941,1940-41 El Nino,1940-10-22,45.0,Approved
08167500,"Guadalupe Rv nr Spring Branch, TX",DJF1941,1940-41 El Nino,1940-10-05,40.0,Approved
08167500,"Guadalupe Rv nr Spring Branch, TX",DJF1941,1940-41 El Nino,1940-10-19,45.0,Approved
08167500,"Guadalupe Rv nr Spring Branch, TX",DJF1941,1940-41 El Nino,1941-01-30,203.0,Approved
08167500,"Guadalupe Rv nr Spring Branch, TX",DJF1941,1940-41 El Nino,1940-09-13,34.0,Approved
08167500,"Guadalupe Rv nr Spring Branch, TX",DJF1941,1940-41 El Nino,1940-12-15,4730.0,Approved
08167500,"Guadalupe Rv nr Spring Branch, TX",DJF1941,1940-41 El Nino,1941-01-26,203.0,Approved
08167500,"Guadalupe Rv nr Spring Branch, TX",DJF1941,1940-41 El Nino,1941-01-12,230.0,Approved
08167500,"Guadalupe Rv nr Spring Branch, TX",DJF1941,1940-41 El Nino,1941-01-24,209.0,Approved
08167500,"Guadalupe Rv nr Spring Branch, TX",DJF1941,1940-41 El Nino,1940-10-01,44.0,Approved
08167500,"Guadalupe Rv nr Spring Branch, TX",DJF1941,1940-41 El Nino,1941-02-10,985.0,Approved
08167500,"Guadalupe Rv nr Spring Branch, TX",DJF1941,1940-41 El Nino,1940-09-05,60.0,Approved
08167500,"Guadalupe Rv nr Spring Branch, TX",DJF1941,1940-41 El Nino,1941-02-07,1140.0,Approved
08167500,"Guadalupe Rv nr Spring Branch, TX",DJF1941,1940-41 El Nino,1940-10-27,82.0,Approved
08167500,"Guadalupe Rv nr Spring Branch, TX",DJF1941,1940-41 El Nino,1941-01-08,248.0,Approved
08167500,"Guadalupe Rv nr Spring Branch, TX",DJF1941,1940-41 El Nino,1940-12-17,763.0,Approved
08167500,"Guadalupe Rv nr Spring Branch, TX",DJF1941,1940-41 El Nino,1940-10-16,44.0,Approved
08167500,"Guadalupe Rv nr Spring Branch, TX",DJF1941,1940-41 El Nino,1940-11-09,93.0,Approved
08167500,"Guadalupe Rv nr Spring Branch, TX",DJF1941,1940-41 El Nino,1940-09-27,63.0,Approved
08167500,"Guadalupe Rv nr Spring Branch, TX",DJF1941,1940-41 El Nino,1941-02-14,723.0,Approved
08167500,"Guadalupe Rv nr Spring Branch, TX",DJF1941,1940-41 El Nino,1940-11-25,314.0,Approved
08167500,"Guadalupe Rv nr Spring Branch, TX",DJF1941,1940-41 El Nino,1941-02-19,617.0,Approved
08167500,"Guadalupe Rv nr Spring Branch, TX",DJF1941,1940-41 El Nino,1941-02-05,1400.0,Approved
08167500,"Guadalupe Rv nr Spring Branch, TX",DJF1941,1940-41 El Nino,1940-11-15,78.0,Approved
08167500,"Guadalupe Rv nr Spring Branch, TX",DJF1941,1940-41 El Nino,1940-11-24,430.0,Approved
08167500,"Guadalupe Rv nr Spring Branch, TX",DJF1941,1940-41 El Nino,1940-09-29,50.0,Approved
08167500,"Guadalupe Rv nr Spring Branch, TX",DJF1941,1940-41 El Nino,1940-10-23,47.0,Approved
08167500,"Guadalupe Rv nr Spring Branch, TX",DJF1941,1940-41 El Nino,1940-12-28,378.0,Approved
08167500,"Guadalupe Rv nr Spring Branch, TX",DJF1941,1940-41 El Nino,1941-01-31,200.0,Approved
08167500,"Guadalupe Rv nr Spring Branch, TX",DJF1941,1940-41 El Nino,1941-02-20,595.0,Approved
08167500,"Guadalupe Rv nr Spring Branch, TX",DJF1941,1940-41 El Nino,1940-11-28,174.0,Approved
08167500,"Guadalupe Rv nr Spring Branch, TX",DJF1941,1940-41 El Nino,1940-12-11,1290.0,Approved
08167500,"Guadalupe Rv nr Spring Branch, TX",DJF1941,1940-41 El Nino,1940-11-02,183.0,Approved
08167500,"Guadalupe Rv nr Spring Branch, TX",DJF1941,1940-41 El Nino,1940-12-01,138.0,Approved
08167500,"Guadalupe Rv nr Spring Branch, TX",DJF1941,1940-41 El Nino,1941-01-13,233.0,Approved
08167500,"Guadalupe Rv nr Spring Branch, TX",DJF1941,1940-41 El Nino,1941-01-23,212.0,Approved
08167500,"Guadalupe Rv nr Spring Branch, TX",DJF1941,1940-41 El Nino,1940-12-06,114.0,Approved
08167500,"Guadalupe Rv nr Spring Branch, TX",DJF1941,1940-41 El Nino,1940-09-28,58.0,Approved
08167500,"Guadalupe Rv nr Spring Branch, TX",DJF1941,1940-41 El Nino,1941-01-11,233.0,Approved
08167500,"Guadalupe Rv nr Spring Branch, TX",DJF1941,1940-41 El Nino,1940-10-03,42.0,Approved
08167500,"Guadalupe Rv nr Spring Branch, TX",DJF1941,1940-41 El Nino,1941-01-05,261.0,Approved
08167500,"Guadalupe Rv nr Spring Branch, TX",DJF1941,1940-41 El Nino,1940-09-04,65.0,Approved
08167500,"Guadalupe Rv nr Spring Branch, TX",DJF1941,1940-41 El Nino,1940-11-17,71.0,Approved
08167500,"Guadalupe Rv nr Spring Branch, TX",DJF1941,1940-41 El Nino,1940-09-01,80.0,Approved
08167500,"Guadalupe Rv nr Spring Branch, TX",DJF1941,1940-41 El Nino,1941-01-07,251.0,Approved
08167500,"Guadalupe Rv nr Spring Branch, TX",DJF1941,1940-41 El Nino,1940-09-15,29.0,Approved
08167500,"Guadalupe Rv nr Spring Branch, TX",DJF1941,1940-41 El Nino,1940-09-17,31.0,Approved
08167500,"Guadalupe Rv nr Spring Branch, TX",DJF1941,1940-41 El Nino,1940-11-29,158.0,Approved
08167500,"Guadalupe Rv nr Spring Branch, TX",DJF1941,1940-41 El Nino,1940-11-05,114.0,Approved
08167500,"Guadalupe Rv nr Spring Branch, TX",DJF1941,1940-41 El Nino,1940-12-26,300.0,Approved
08167500,"Guadalupe Rv nr Spring Branch, TX",DJF1941,1940-41 El Nino,1940-12-29,337.0,Approved
08167500,"Guadalupe Rv nr Spring Branch, TX",DJF1941,1940-41 El Nino,1940-09-10,42.0,Approved
08167500,"Guadalupe Rv nr Spring Branch, TX",DJF1941,1940-41 El Nino,1940-11-30,148.0,Approved
08167500,"Guadalupe Rv nr Spring Branch, TX",DJF1941,1940-41 El Nino,1941-02-22,565.0,Approved
08167500,"Guadalupe Rv nr Spring Branch, TX",DJF1941,1940-41 El Nino,1941-01-28,206.0,Approved
08167500,"Guadalupe Rv nr Spring Branch, TX",DJF1941,1940-41 El Nino,1940-10-26,65.0,Approved
08167500,"Guadalupe Rv nr Spring Branch, TX",DJF1941,1940-41 El Nino,1940-11-18,73.0,Approved
08167500,"Guadalupe Rv nr Spring Branch, TX",DJF1941,1940-41 El Nino,1940-09-20,29.0,Approved
08167500,"Guadalupe Rv nr Spring Branch, TX",DJF1941,1940-41 El Nino,1940-09-11,38.0,Approved
08167500,"Guadalupe Rv nr Spring Branch, TX",DJF1941,1940-41 El Nino,1941-02-28,575.0,Approved
08167500,"Guadalupe Rv nr Spring Branch, TX",DJF1941,1940-41 El Nino,1941-02-02,5080.0,Approved
08167500,"Guadalupe Rv nr Spring Branch, TX",DJF1941,1940-41 El Nino,1940-11-08,93.0,Approved
08167500,"Guadalupe Rv nr Spring Branch, TX",DJF1941,1940-41 El Nino,1941-02-12,825.0,Approved
08167500,"Guadalupe Rv nr Spring Branch, TX",DJF1941,1940-41 El Nino,1940-11-06,102.0,Approved
08167500,"Guadalupe Rv nr Spring Branch, TX",DJF1941,1940-41 El Nino,1941-01-27,203.0,Approved
08167500,"Guadalupe Rv nr Spring Branch, TX",DJF1941,1940-41 El Nino,1941-01-01,296.0,Approved
08167500,"Guadalupe Rv nr Spring Branch, TX",DJF1941,1940-41 El Nino,1940-11-22,552.0,Approved
08167500,"Guadalupe Rv nr Spring Branch, TX",DJF1941,1940-41 El Nino,1940-10-15,45.0,Approved
08167500,"Guadalupe Rv nr Spring Branch, TX",DJF1941,1940-41 El Nino,1940-11-07,95.0,Approved
08167500,"Guadalupe Rv nr Spring Branch, TX",DJF1941,1940-41 El Nino,1941-01-14,254.0,Approved
08167500,"Guadalupe Rv nr Spring Branch, TX",DJF1941,1940-41 El Nino,1940-12-09,107.0,Approved
08167500,"Guadalupe Rv nr Spring Branch, TX",DJF1941,1940-41 El Nino,1940-11-03,150.0,Approved
08167500,"Guadalupe Rv nr Spring Branch, TX",DJF1941,1940-41 El Nino,1940-12-27,378.0,Approved
08167500,"Guadalupe Rv nr Spring Branch, TX",DJF1941,1940-41 El Nino,1941-01-04,264.0,Approved
08167500,"Guadalupe Rv nr Spring Branch, TX",DJF1941,1940-41 El Nino,1940-10-14,44.0,Approved
08167500,"Guadalupe Rv nr Spring Branch, TX",DJF1941,1940-41 El Nino,1940-09-09,45.0,Approved
08167500,"Guadalupe Rv nr Spring Branch, TX",DJF1941,1940-41 El Nino,1941-01-21,212.0,Approved
08167500,"Guadalupe Rv nr Spring Branch, TX",DJF1941,1940-41 El Nino,1940-10-17,45.0,Approved
08167500,"Guadalupe Rv nr Spring Branch, TX",DJF1941,1940-41 El Nino,1940-12-03,121.0,Approved
08167500,"Guadalupe Rv nr Spring Branch, TX",DJF1941,1940-41 El Nino,1941-02-23,690.0,Approved
08167500,"Guadalupe Rv nr Spring Branch, TX",DJF1941,1940-41 El Nino,1941-01-29,203.0,Approved
08167500,"Guadalupe Rv nr Spring Branch, TX",DJF1941,1940-41 El Nino,1940-11-26,239.0,Approved
08167500,"Guadalupe Rv nr Spring Branch, TX",DJF1941,1940-41 El Nino,1940-12-24,311.0,Approved
08167500,"Guadalupe Rv nr Spring Branch, TX",DJF1941,1940-41 El Nino,1940-12-12,2440.0,Approved
08167500,"Guadalupe Rv nr Spring Branch, TX",DJF1941,1940-41 El Nino,1940-09-30,47.0,Approved
08167500,"Guadalupe Rv nr Spring Branch, TX",DJF1941,1940-41 El Nino,1940-09-21,31.0,Approved
08167500,"Guadalupe Rv nr Spring Branch, TX",DJF1941,1940-41 El Nino,1940-11-04,130.0,Approved
08167500,"Guadalupe Rv nr Spring Branch, TX",DJF1941,1940-41 El Nino,1940-10-20,45.0,Approved
08167500,"Guadalupe Rv nr Spring Branch, TX",DJF1941,1940-41 El Nino,1940-12-04,116.0,Approved
08167500,"Guadalupe Rv nr Spring Branch, TX",DJF1941,1940-41 El Nino,1940-10-30,91.0,Approved
08167500,"Guadalupe Rv nr Spring Branch, TX",DJF1941,1940-41 El Nino,1940-09-18,29.0,Approved
08167500,"Guadalupe Rv nr Spring Branch, TX",DJF1941,1940-41 El Nino,1940-09-26,63.0,Approved
08167500,"Guadalupe Rv nr Spring Branch, TX",DJF1941,1940-41 El Nino,1941-01-06,258.0,Approved
08167500,"Guadalupe Rv nr Spring Branch, TX",DJF1941,1940-41 El Nino,1940-09-24,86.0,Approved
08167500,"Guadalupe Rv nr Spring Branch, TX",DJF1941,1940-41 El Nino,1941-02-21,570.0,Approved
08167500,"Guadalupe Rv nr Spring Branch, TX",DJF1941,1940-41 El Nino,1940-12-20,425.0,Approved
08167500,"Guadalupe Rv nr Spring Branch, TX",DJF1941,1940-41 El Nino,1940-10-11,40.0,Approved
08167500,"Guadalupe Rv nr Spring Branch, TX",DJF1941,1940-41 El Nino,1941-01-09,245.0,Approved
08167500,"Guadalupe Rv nr Spring Branch, TX",DJF1941,1940-41 El Nino,1940-09-08,49.0,Approved
08167500,"Guadalupe Rv nr Spring Branch, TX",DJF1941,1940-41 El Nino,1940-12-19,480.0,Approved
08167500,"Guadalupe Rv nr Spring Branch, TX",DJF1941,1940-41 El Nino,1940-10-13,40.0,Approved
08167500,"Guadalupe Rv nr Spring Branch, TX",DJF1941,1940-41 El Nino,1940-11-10,93.0,Approved
08167500,"Guadalupe Rv nr Spring Branch, TX",DJF1941,1940-41 El Nino,1940-12-02,128.0,Approved
08167500,"Guadalupe Rv nr Spring Branch, TX",DJF1941,1940-41 El Nino,1940-09-14,31.0,Approved
08167500,"Guadalupe Rv nr Spring Branch, TX",DJF1941,1940-41 El Nino,1941-01-20,212.0,Approved
08167500,"Guadalupe Rv nr Spring Branch, TX",DJF1941,1940-41 El Nino,1940-12-30,314.0,Approved
08167500,"Guadalupe Rv nr Spring Branch, TX",DJF1941,1940-41 El Nino,1940-10-04,40.0,Approved
08167500,"Guadalupe Rv nr Spring Branch, TX",DJF1941,1940-41 El Nino,1941-02-04,1680.0,Approved
08167500,"Guadalupe Rv nr Spring Branch, TX",DJF1941,1940-41 El Nino,1940-12-14,510.0,Approved
08167500,"Guadalupe Rv nr Spring Branch, TX",DJF1941,1940-41 El Nino,1940-11-12,91.0,Approved
08167500,"Guadalupe Rv nr Spring Branch, TX",DJF1941,1940-41 El Nino,1941-01-15,254.0,Approved
08167500,"Guadalupe Rv nr Spring Branch, TX",DJF1941,1940-41 El Nino,1940-11-13,86.0,Approved
08167500,"Guadalupe Rv nr Spring Branch, TX",DJF1941,1940-41 El Nino,1940-09-06,56.0,Approved
08167500,"Guadalupe Rv nr Spring Branch, TX",DJF1941,1940-41 El Nino,1941-02-15,694.0,Approved
08167500,"Guadalupe Rv nr Spring Branch, TX",DJF1941,1940-41 El Nino,1940-10-02,44.0,Approved
08167500,"Guadalupe Rv nr Spring Branch, TX",DJF1941,1940-41 El Nino,1940-12-10,107.0,Approved
08167500,"Guadalupe Rv nr Spring Branch, TX",DJF1941,1940-41 El Nino,1940-11-16,71.0,Approved
08167500,"Guadalupe Rv nr Spring Branch, TX",DJF1941,1940-41 El Nino,1940-11-21,128.0,Approved
08167500,"Guadalupe Rv nr Spring Branch, TX",DJF1941,1940-41 El Nino,1940-10-09,40.0,Approved
08167500,"Guadalupe Rv nr Spring Branch, TX",DJF1941,1940-41 El Nino,1941-01-22,212.0,Approved
08167500,"Guadalupe Rv nr Spring Branch, TX",DJF1941,1940-41 El Nino,1941-02-08,985.0,Approved
08167500,"Guadalupe Rv nr Spring Branch, TX",DJF1941,1940-41 El Nino,1941-01-03,275.0,Approved
08167500,"Guadalupe Rv nr Spring Branch, TX",DJF1941,1940-41 El Nino,1940-09-03,73.0,Approved
08167500,"Guadalupe Rv nr Spring Branch, TX",DJF1941,1940-41 El Nino,1940-09-25,73.0,Approved
08167500,"Guadalupe Rv nr Spring Branch, TX",DJF1941,1940-41 El Nino,1940-11-01,1100.0,Approved
08167500,"Guadalupe Rv nr Spring Branch, TX",DJF1941,1940-41 El Nino,1941-02-11,885.0,Approved
08167500,"Guadalupe Rv nr Spring Branch, TX",DJF1941,1940-41 El Nino,1941-02-24,885.0,Approved
08167500,"Guadalupe Rv nr Spring Branch, TX",DJF1941,1940-41 El Nino,1940-10-18,45.0,Approved
08167500,"Guadalupe Rv nr Spring Branch, TX",DJF1941,1940-41 El Nino,1941-02-06,1260.0,Approved
08167500,"Guadalupe Rv nr Spring Branch, TX",DJF1941,1940-41 El Nino,1940-09-07,52.0,Approved
08167500,"Guadalupe Rv nr Spring Branch, TX",DJF1941,1940-41 El Nino,1940-10-31,605.0,Approved
08167500,"Guadalupe Rv nr Spring Branch, TX",DJF1941,1940-41 El Nino,1940-11-14,82.0,Approved
08167500,"Guadalupe Rv nr Spring Branch, TX",DJF1941,1940-41 El Nino,1940-10-24,49.0,Approved
08167500,"Guadalupe Rv nr Spring Branch, TX",DJF1941,1940-41 El Nino,1940-12-25,300.0,Approved
08167500,"Guadalupe Rv nr Spring Branch, TX",DJF1941,1940-41 El Nino,1941-02-09,1100.0,Approved
08167500,"Guadalupe Rv nr Spring Branch, TX",DJF1941,1940-41 El Nino,1941-02-17,661.0,Approved
08167500,"Guadalupe Rv nr Spring Branch, TX",DJF1941,1940-41 El Nino,1941-01-16,239.0,Approved
08167500,"Guadalupe Rv nr Spring Branch, TX",DJF1941,1940-41 El Nino,1940-09-16,31.0,Approved
08167500,"Guadalupe Rv nr Spring Branch, TX",DJF1941,1940-41 El Nino,1940-09-23,44.0,Approved
08167500,"Guadalupe Rv nr Spring Branch, TX",DJF1941,1940-41 El Nino,1940-12-23,329.0,Approved
08167500,"Guadalupe Rv nr Spring Branch, TX",DJF1941,1940-41 El Nino,1940-11-19,71.0,Approved
08167500,"Guadalupe Rv nr Spring Branch, TX",DJF1973,1972-73 El Nino,1973-01-04,207.0,Approved
08167500,"Guadalupe Rv nr Spring Branch, TX",DJF1973,1972-73 El Nino,1973-01-10,189.0,Approved
08167500,"Guadalupe Rv nr Spring Branch, TX",DJF1973,1972-73 El Nino,1972-09-16,172.0,Approved
08167500,"Guadalupe Rv nr Spring Branch, TX",DJF1973,1972-73 El Nino,1972-12-12,189.0,Approved
08167500,"Guadalupe Rv nr Spring Branch, TX",DJF1973,1972-73 El Nino,1973-01-15,198.0,Approved
08167500,"Guadalupe Rv nr Spring Branch, TX",DJF1973,1972-73 El Nino,1972-11-06,198.0,Approved
08167500,"Guadalupe Rv nr Spring Branch, TX",DJF1973,1972-73 El Nino,1973-01-21,192.0,Approved
08167500,"Guadalupe Rv nr Spring Branch, TX",DJF1973,1972-73 El Nino,1972-11-04,220.0,Approved
08167500,"Guadalupe Rv nr Spring Branch, TX",DJF1973,1972-73 El Nino,1972-12-10,189.0,Approved
08167500,"Guadalupe Rv nr Spring Branch, TX",DJF1973,1972-73 El Nino,1972-11-25,276.0,Approved
08167500,"Guadalupe Rv nr Spring Branch, TX",DJF1973,1972-73 El Nino,1973-02-24,542.0,Approved
08167500,"Guadalupe Rv nr Spring Branch, TX",DJF1973,1972-73 El Nino,1972-10-05,151.0,Approved
08167500,"Guadalupe Rv nr Spring Branch, TX",DJF1973,1972-73 El Nino,1972-09-10,201.0,Approved
08167500,"Guadalupe Rv nr Spring Branch, TX",DJF1973,1972-73 El Nino,1972-10-10,148.0,Approved
08167500,"Guadalupe Rv nr Spring Branch, TX",DJF1973,1972-73 El Nino,1972-09-26,228.0,Approved
08167500,"Guadalupe Rv nr Spring Branch, TX",DJF1973,1972-73 El Nino,1972-10-14,143.0,Approved
08167500,"Guadalupe Rv nr Spring Branch, TX",DJF1973,1972-73 El Nino,1972-10-02,156.0,Approved
08167500,"Guadalupe Rv nr Spring Branch, TX",DJF1973,1972-73 El Nino,1973-02-05,262.0,Approved
08167500,"Guadalupe Rv nr Spring Branch, TX",DJF1973,1972-73 El Nino,1973-02-20,308.0,Approved
08167500,"Guadalupe Rv nr Spring Branch, TX",DJF1973,1972-73 El Nino,1972-12-17,177.0,Approved
08167500,"Guadalupe Rv nr Spring Branch, TX",DJF1973,1972-73 El Nino,1973-02-07,259.0,Approved
08167500,"Guadalupe Rv nr Spring Branch, TX",DJF1973,1972-73 El Nino,1973-01-08,192.0,Approved
08167500,"Guadalupe Rv nr Spring Branch, TX",DJF1973,1972-73 El Nino,1972-10-22,904.0,Approved
08167500,"Guadalupe Rv nr Spring Branch, TX",DJF1973,1972-73 El Nino,1972-10-15,143.0,Approved
08167500,"Guadalupe Rv nr Spring Branch, TX",DJF1973,1972-73 El Nino,1972-12-05,198.0,Approved
08167500,"Guadalupe Rv nr Spring Branch, TX",DJF1973,1972-73 El Nino,1972-09-21,166.0,Approved
08167500,"Guadalupe Rv nr Spring Branch, TX",DJF1973,1972-73 El Nino,1972-10-11,146.0,Approved
08167500,"Guadalupe Rv nr Spring Branch, TX",DJF1973,1972-73 El Nino,1972-11-29,214.0,Approved
08167500,"Guadalupe Rv nr Spring Branch, TX",DJF1973,1972-73 El Nino,1973-02-02,276.0,Approved
08167500,"Guadalupe Rv nr Spring Branch, TX",DJF1973,1972-73 El Nino,1972-11-16,231.0,Approved
08167500,"Guadalupe Rv nr Spring Branch, TX",DJF1973,1972-73 El Nino,1973-01-06,207.0,Approved
08167500,"Guadalupe Rv nr Spring Branch, TX",DJF1973,1972-73 El Nino,1972-10-29,201.0,Approved
08167500,"Guadalupe Rv nr Spring Branch, TX",DJF1973,1972-73 El Nino,1972-09-19,164.0,Approved
08167500,"Guadalupe Rv nr Spring Branch, TX",DJF1973,1972-73 El Nino,1972-12-20,180.0,Approved
08167500,"Guadalupe Rv nr Spring Branch, TX",DJF1973,1972-73 El Nino,1972-09-20,161.0,Approved
08167500,"Guadalupe Rv nr Spring Branch, TX",DJF1973,1972-73 El Nino,1972-09-29,172.0,Approved
08167500,"Guadalupe Rv nr Spring Branch, TX",DJF1973,1972-73 El Nino,1973-02-11,284.0,Approved
08167500,"Guadalupe Rv nr Spring Branch, TX",DJF1973,1972-73 El Nino,1972-11-24,214.0,Approved
08167500,"Guadalupe Rv nr Spring Branch, TX",DJF1973,1972-73 El Nino,1972-10-30,195.0,Approved
08167500,"Guadalupe Rv nr Spring Branch, TX",DJF1973,1972-73 El Nino,1973-02-12,287.0,Approved
08167500,"Guadalupe Rv nr Spring Branch, TX",DJF1973,1972-73 El Nino,1973-02-15,266.0,Approved
08167500,"Guadalupe Rv nr Spring Branch, TX",DJF1973,1972-73 El Nino,1973-02-08,262.0,Approved
08167500,"Guadalupe Rv nr Spring Branch, TX",DJF1973,1972-73 El Nino,1972-09-14,180.0,Approved
08167500,"Guadalupe Rv nr Spring Branch, TX",DJF1973,1972-73 El Nino,1973-02-06,259.0,Approved
08167500,"Guadalupe Rv nr Spring Branch, TX",DJF1973,1972-73 El Nino,1972-11-12,172.0,Approved
08167500,"Guadalupe Rv nr Spring Branch, TX",DJF1973,1972-73 El Nino,1973-02-03,270.0,Approved
08167500,"Guadalupe Rv nr Spring Branch, TX",DJF1973,1972-73 El Nino,1972-11-09,180.0,Approved
08167500,"Guadalupe Rv nr Spring Branch, TX",DJF1973,1972-73 El Nino,1972-11-17,214.0,Approved
08167500,"Guadalupe Rv nr Spring Branch, TX",DJF1973,1972-73 El Nino,1972-12-06,195.0,Approved
08167500,"Guadalupe Rv nr Spring Branch, TX",DJF1973,1972-73 El Nino,1972-12-21,180.0,Approved
08167500,"Guadalupe Rv nr Spring Branch, TX",DJF1973,1972-73 El Nino,1972-12-28,166.0,Approved
08167500,"Guadalupe Rv nr Spring Branch, TX",DJF1973,1972-73 El Nino,1973-02-23,551.0,Approved
08167500,"Guadalupe Rv nr Spring Branch, TX",DJF1973,1972-73 El Nino,1973-01-09,189.0,Approved
08167500,"Guadalupe Rv nr Spring Branch, TX",DJF1973,1972-73 El Nino,1972-11-05,201.0,Approved
08167500,"Guadalupe Rv nr Spring Branch, TX",DJF1973,1972-73 El Nino,1973-02-21,326.0,Approved
08167500,"Guadalupe Rv nr Spring Branch, TX",DJF1973,1972-73 El Nino,1972-09-22,169.0,Approved
08167500,"Guadalupe Rv nr Spring Branch, TX",DJF1973,1972-73 El Nino,1973-02-13,287.0,Approved
08167500,"Guadalupe Rv nr Spring Branch, TX",DJF1973,1972-73 El Nino,1973-01-13,189.0,Approved
08167500,"Guadalupe Rv nr Spring Branch, TX",DJF1973,1972-73 El Nino,1972-09-27,195.0,Approved
08167500,"Guadalupe Rv nr Spring Branch, TX",DJF1973,1972-73 El Nino,1972-10-27,183.0,Approved
08167500,"Guadalupe Rv nr Spring Branch, TX",DJF1973,1972-73 El Nino,1973-01-14,195.0,Approved
08167500,"Guadalupe Rv nr Spring Branch, TX",DJF1973,1972-73 El Nino,1972-09-07,287.0,Approved
08167500,"Guadalupe Rv nr Spring Branch, TX",DJF1973,1972-73 El Nino,1972-11-13,346.0,Approved
08167500,"Guadalupe Rv nr Spring Branch, TX",DJF1973,1972-73 El Nino,1972-10-25,207.0,Approved
08167500,"Guadalupe Rv nr Spring Branch, TX",DJF1973,1972-73 El Nino,1973-01-05,214.0,Approved
08167500,"Guadalupe Rv nr Spring Branch, TX",DJF1973,1972-73 El Nino,1972-11-15,266.0,Approved
08167500,"Guadalupe Rv nr Spring Branch, TX",DJF1973,1972-73 El Nino,1972-12-11,189.0,Approved
08167500,"Guadalupe Rv nr Spring Branch, TX",DJF1973,1972-73 El Nino,1973-01-27,370.0,Approved
08167500,"Guadalupe Rv nr Spring Branch, TX",DJF1973,1972-73 El Nino,1972-10-13,146.0,Approved
08167500,"Guadalupe Rv nr Spring Branch, TX",DJF1973,1972-73 El Nino,1973-01-02,172.0,Approved
08167500,"Guadalupe Rv nr Spring Branch, TX",DJF1973,1972-73 El Nino,1972-09-01,248.0,Approved
08167500,"Guadalupe Rv nr Spring Branch, TX",DJF1973,1972-73 El Nino,1972-11-27,248.0,Approved
08167500,"Guadalupe Rv nr Spring Branch, TX",DJF1973,1972-73 El Nino,1973-01-01,166.0,Approved
08167500,"Guadalupe Rv nr Spring Branch, TX",DJF1973,1972-73 El Nino,1972-09-15,175.0,Approved
08167500,"Guadalupe Rv nr Spring Branch, TX",DJF1973,1972-73 El Nino,1972-10-17,141.0,Approved
08167500,"Guadalupe Rv nr Spring Branch, TX",DJF1973,1972-73 El Nino,1973-01-30,298.0,Approved
08167500,"Guadalupe Rv nr Spring Branch, TX",DJF1973,1972-73 El Nino,1972-09-04,214.0,Approved
08167500,"Guadalupe Rv nr Spring Branch, TX",DJF1973,1972-73 El Nino,1972-11-30,207.0,Approved
08167500,"Guadalupe Rv nr Spring Branch, TX",DJF1973,1972-73 El Nino,1973-01-31,294.0,Approved
08167500,"Guadalupe Rv nr Spring Branch, TX",DJF1973,1972-73 El Nino,1972-12-18,177.0,Approved
08167500,"Guadalupe Rv nr Spring Branch, TX",DJF1973,1972-73 El Nino,1972-11-28,231.0,Approved
08167500,"Guadalupe Rv nr Spring Branch, TX",DJF1973,1972-73 El Nino,1972-12-27,166.0,Approved
08167500,"Guadalupe Rv nr Spring Branch, TX",DJF1973,1972-73 El Nino,1973-02-10,280.0,Approved
08167500,"Guadalupe Rv nr Spring Branch, TX",DJF1973,1972-73 El Nino,1972-12-09,189.0,Approved
08167500,"Guadalupe Rv nr Spring Branch, TX",DJF1973,1972-73 El Nino,1972-09-06,204.0,Approved
08167500,"Guadalupe Rv nr Spring Branch, TX",DJF1973,1972-73 El Nino,1972-11-21,195.0,Approved
08167500,"Guadalupe Rv nr Spring Branch, TX",DJF1973,1972-73 El Nino,1972-12-02,201.0,Approved
08167500,"Guadalupe Rv nr Spring Branch, TX",DJF1973,1972-73 El Nino,1972-09-12,186.0,Approved
08167500,"Guadalupe Rv nr Spring Branch, TX",DJF1973,1972-73 El Nino,1973-01-12,189.0,Approved
08167500,"Guadalupe Rv nr Spring Branch, TX",DJF1973,1972-73 El Nino,1972-10-24,262.0,Approved
08167500,"Guadalupe Rv nr Spring Branch, TX",DJF1973,1972-73 El Nino,1973-02-18,290.0,Approved
08167500,"Guadalupe Rv nr Spring Branch, TX",DJF1973,1972-73 El Nino,1972-09-08,234.0,Approved
08167500,"Guadalupe Rv nr Spring Branch, TX",DJF1973,1972-73 El Nino,1972-09-28,177.0,Approved
08167500,"Guadalupe Rv nr Spring Branch, TX",DJF1973,1972-73 El Nino,1972-11-23,192.0,Approved
08167500,"Guadalupe Rv nr Spring Branch, TX",DJF1973,1972-73 El Nino,1972-09-05,210.0,Approved
08167500,"Guadalupe Rv nr Spring Branch, TX",DJF1973,1972-73 El Nino,1973-01-24,180.0,Approved
08167500,"Guadalupe Rv nr Spring Branch, TX",DJF1973,1972-73 El Nino,1972-12-26,166.0,Approved
08167500,"Guadalupe Rv nr Spring Branch, TX",DJF1973,1972-73 El Nino,1972-10-06,151.0,Approved
08167500,"Guadalupe Rv nr Spring Branch, TX",DJF1973,1972-73 El Nino,1973-02-09,273.0,Approved
08167500,"Guadalupe Rv nr Spring Branch, TX",DJF1973,1972-73 El Nino,1973-01-25,228.0,Approved
08167500,"Guadalupe Rv nr Spring Branch, TX",DJF1973,1972-73 El Nino,1972-10-09,151.0,Approved
08167500,"Guadalupe Rv nr Spring Branch, TX",DJF1973,1972-73 El Nino,1972-11-02,248.0,Approved
08167500,"Guadalupe Rv nr Spring Branch, TX",DJF1973,1972-73 El Nino,1972-09-24,180.0,Approved
08167500,"Guadalupe Rv nr Spring Branch, TX",DJF1973,1972-73 El Nino,1972-11-08,180.0,Approved
08167500,"Guadalupe Rv nr Spring Branch, TX",DJF1973,1972-73 El Nino,1972-09-02,231.0,Approved
08167500,"Guadalupe Rv nr Spring Branch, TX",DJF1973,1972-73 El Nino,1972-12-15,189.0,Approved
08167500,"Guadalupe Rv nr Spring Branch, TX",DJF1973,1972-73 El Nino,1973-01-07,201.0,Approved
08167500,"Guadalupe Rv nr Spring Branch, TX",DJF1973,1972-73 El Nino,1973-01-20,195.0,Approved
08167500,"Guadalupe Rv nr Spring Branch, TX",DJF1973,1972-73 El Nino,1972-12-24,172.0,Approved
08167500,"Guadalupe Rv nr Spring Branch, TX",DJF1973,1972-73 El Nino,1972-10-16,141.0,Approved
08167500,"Guadalupe Rv nr Spring Branch, TX",DJF1973,1972-73 El Nino,1972-12-25,169.0,Approved
08167500,"Guadalupe Rv nr Spring Branch, TX",DJF1973,1972-73 El Nino,1973-02-28,470.0,Approved
08167500,"Guadalupe Rv nr Spring Branch, TX",DJF1973,1972-73 El Nino,1973-01-16,195.0,Approved
08167500,"Guadalupe Rv nr Spring Branch, TX",DJF1973,1972-73 El Nino,1972-10-21,143.0,Approved
08167500,"Guadalupe Rv nr Spring Branch, TX",DJF1973,1972-73 El Nino,1973-01-17,195.0,Approved
08167500,"Guadalupe Rv nr Spring Branch, TX",DJF1973,1972-73 El Nino,1973-01-29,312.0,Approved
08167500,"Guadalupe Rv nr Spring Branch, TX",DJF1973,1972-73 El Nino,1973-01-03,192.0,Approved
08167500,"Guadalupe Rv nr Spring Branch, TX",DJF1973,1972-73 El Nino,1972-11-18,207.0,Approved
08167500,"Guadalupe Rv nr Spring Branch, TX",DJF1973,1972-73 El Nino,1973-01-26,394.0,Approved
08167500,"Guadalupe Rv nr Spring Branch, TX",DJF1973,1972-73 El Nino,1972-09-23,172.0,Approved
08167500,"Guadalupe Rv nr Spring Branch, TX",DJF1973,1972-73 El Nino,1973-01-28,332.0,Approved
08167500,"Guadalupe Rv nr Spring Branch, TX",DJF1973,1972-73 El Nino,1973-02-27,484.0,Approved
08167500,"Guadalupe Rv nr Spring Branch, TX",DJF1973,1972-73 El Nino,1972-10-08,151.0,Approved
08167500,"Guadalupe Rv nr Spring Branch, TX",DJF1973,1972-73 El Nino,1972-12-22,175.0,Approved
08167500,"Guadalupe Rv nr Spring Branch, TX",DJF1973,1972-73 El Nino,1972-10-03,153.0,Approved
08167500,"Guadalupe Rv nr Spring Branch, TX",DJF1973,1972-73 El Nino,1972-10-26,186.0,Approved
08167500,"Guadalupe Rv nr Spring Branch, TX",DJF1973,1972-73 El Nino,1972-12-13,192.0,Approved
08167500,"Guadalupe Rv nr Spring Branch, TX",DJF1973,1972-73 El Nino,1972-11-22,192.0,Approved
08167500,"Guadalupe Rv nr Spring Branch, TX",DJF1973,1972-73 El Nino,1973-01-22,189.0,Approved
08167500,"Guadalupe Rv nr Spring Branch, TX",DJF1973,1972-73 El Nino,1972-11-01,604.0,Approved
08167500,"Guadalupe Rv nr Spring Branch, TX",DJF1973,1972-73 El Nino,1972-12-29,166.0,Approved
08167500,"Guadalupe Rv nr Spring Branch, TX",DJF1973,1972-73 El Nino,1972-10-12,146.0,Approved
08167500,"Guadalupe Rv nr Spring Branch, TX",DJF1973,1972-73 El Nino,1972-09-17,169.0,Approved
08167500,"Guadalupe Rv nr Spring Branch, TX",DJF1973,1972-73 El Nino,1972-10-18,141.0,Approved
08167500,"Guadalupe Rv nr Spring Branch, TX",DJF1973,1972-73 El Nino,1972-09-13,183.0,Approved
08167500,"Guadalupe Rv nr Spring Branch, TX",DJF1973,1972-73 El Nino,1972-10-07,151.0,Approved
08167500,"Guadalupe Rv nr Spring Branch, TX",DJF1973,1972-73 El Nino,1973-02-19,308.0,Approved
08167500,"Guadalupe Rv nr Spring Branch, TX",DJF1973,1972-73 El Nino,1973-02-25,528.0,Approved
08167500,"Guadalupe Rv nr Spring Branch, TX",DJF1973,1972-73 El Nino,1973-02-22,438.0,Approved
08167500,"Guadalupe Rv nr Spring Branch, TX",DJF1973,1972-73 El Nino,1972-11-19,204.0,Approved
08167500,"Guadalupe Rv nr Spring Branch, TX",DJF1973,1972-73 El Nino,1972-12-14,189.0,Approved
08167500,"Guadalupe Rv nr Spring Branch, TX",DJF1973,1972-73 El Nino,1972-09-03,220.0,Approved
08167500,"Guadalupe Rv nr Spring Branch, TX",DJF1973,1972-73 El Nino,1972-10-23,437.0,Approved
08167500,"Guadalupe Rv nr Spring Branch, TX",DJF1973,1972-73 El Nino,1972-12-07,189.0,Approved
08167500,"Guadalupe Rv nr Spring Branch, TX",DJF1973,1972-73 El Nino,1973-02-16,259.0,Approved
08167500,"Guadalupe Rv nr Spring Branch, TX",DJF1973,1972-73 El Nino,1972-11-14,386.0,Approved
08167500,"Guadalupe Rv nr Spring Branch, TX",DJF1973,1972-73 El Nino,1972-10-28,207.0,Approved
08167500,"Guadalupe Rv nr Spring Branch, TX",DJF1973,1972-73 El Nino,1972-10-01,161.0,Approved
08167500,"Guadalupe Rv nr Spring Branch, TX",DJF1973,1972-73 El Nino,1973-01-19,195.0,Approved
08167500,"Guadalupe Rv nr Spring Branch, TX",DJF1973,1972-73 El Nino,1973-02-17,262.0,Approved
08167500,"Guadalupe Rv nr Spring Branch, TX",DJF1973,1972-73 El Nino,1972-11-03,228.0,Approved
08167500,"Guadalupe Rv nr Spring Branch, TX",DJF1973,1972-73 El Nino,1972-11-07,186.0,Approved
08167500,"Guadalupe Rv nr Spring Branch, TX",DJF1973,1972-73 El Nino,1972-09-18,166.0,Approved
08167500,"Guadalupe Rv nr Spring Branch, TX",DJF1973,1972-73 El Nino,1973-02-04,262.0,Approved
08167500,"Guadalupe Rv nr Spring Branch, TX",DJF1973,1972-73 El Nino,1972-12-04,201.0,Approved
08167500,"Guadalupe Rv nr Spring Branch, TX",DJF1973,1972-73 El Nino,1972-12-03,201.0,Approved
08167500,"Guadalupe Rv nr Spring Branch, TX",DJF1973,1972-73 El Nino,1973-01-23,186.0,Approved
08167500,"Guadalupe Rv nr Spring Branch, TX",DJF1973,1972-73 El Nino,1972-11-20,198.0,Approved
08167500,"Guadalupe Rv nr Spring Branch, TX",DJF1973,1972-73 El Nino,1972-10-04,151.0,Approved
08167500,"Guadalupe Rv nr Spring Branch, TX",DJF1973,1972-73 El Nino,1972-11-10,175.0,Approved
08167500,"Guadalupe Rv nr Spring Branch, TX",DJF1973,1972-73 El Nino,1972-12-16,180.0,Approved
08167500,"Guadalupe Rv nr Spring Branch, TX",DJF1973,1972-73 El Nino,1972-10-31,192.0,Approved
08167500,"Guadalupe Rv nr Spring Branch, TX",DJF1973,1972-73 El Nino,1972-12-19,177.0,Approved
08167500,"Guadalupe Rv nr Spring Branch, TX",DJF1973,1972-73 El Nino,1972-11-11,169.0,Approved
08167500,"Guadalupe Rv nr Spring Branch, TX",DJF1973,1972-73 El Nino,1972-12-30,166.0,Approved
08167500,"Guadalupe Rv nr Spring Branch, TX",DJF1973,1972-73 El Nino,1972-11-26,270.0,Approved
08167500,"Guadalupe Rv nr Spring Branch, TX",DJF1973,1972-73 El Nino,1972-12-23,175.0,Approved
08167500,"Guadalupe Rv nr Spring Branch, TX",DJF1973,1972-73 El Nino,1973-02-26,506.0,Approved
08167500,"Guadalupe Rv nr Spring Branch, TX",DJF1973,1972-73 El Nino,1972-09-30,169.0,Approved
08167500,"Guadalupe Rv nr Spring Branch, TX",DJF1973,1972-73 El Nino,1972-12-31,166.0,Approved
08167500,"Guadalupe Rv nr Spring Branch, TX",DJF1973,1972-73 El Nino,1973-01-18,195.0,Approved
08167500,"Guadalupe Rv nr Spring Branch, TX",DJF1973,1972-73 El Nino,1972-10-19,141.0,Approved
08167500,"Guadalupe Rv nr Spring Branch, TX",DJF1973,1972-73 El Nino,1972-09-09,214.0,Approved
08167500,"Guadalupe Rv nr Spring Branch, TX",DJF1973,1972-73 El Nino,1972-09-25,220.0,Approved
08167500,"Guadalupe Rv nr Spring Branch, TX",DJF1973,1972-73 El Nino,1972-09-11,189.0,Approved
08167500,"Guadalupe Rv nr Spring Branch, TX",DJF1973,1972-73 El Nino,1972-12-08,189.0,Approved
08167500,"Guadalupe Rv nr Spring Branch, TX",DJF1973,1972-73 El Nino,1972-10-20,141.0,Approved
08167500,"Guadalupe Rv nr Spring Branch, TX",DJF1973,1972-73 El Nino,1972-12-01,201.0,Approved
08167500,"Guadalupe Rv nr Spring Branch, TX",DJF1973,1972-73 El Nino,1973-02-14,280.0,Approved
08167500,"Guadalupe Rv nr Spring Branch, TX",DJF1973,1972-73 El Nino,1973-01-11,192.0,Approved
08167500,"Guadalupe Rv nr Spring Branch, TX",DJF1973,1972-73 El Nino,1973-02-01,290.0,Approved
08167500,"Guadalupe Rv nr Spring Branch, TX",DJF1983,1982-83 El Nino,1983-02-13,140.0,Approved
08167500,"Guadalupe Rv nr Spring Branch, TX",DJF1983,1982-83 El Nino,1982-12-22,102.0,Approved
08167500,"Guadalupe Rv nr Spring Branch, TX",DJF1983,1982-83 El Nino,1983-01-11,112.0,Approved
08167500,"Guadalupe Rv nr Spring Branch, TX",DJF1983,1982-83 El Nino,1983-02-24,153.0,Approved
08167500,"Guadalupe Rv nr Spring Branch, TX",DJF1983,1982-83 El Nino,1983-01-17,109.0,Approved
08167500,"Guadalupe Rv nr Spring Branch, TX",DJF1983,1982-83 El Nino,1983-01-03,82.0,Approved
08167500,"Guadalupe Rv nr Spring Branch, TX",DJF1983,1982-83 El Nino,1983-01-05,114.0,Approved
08167500,"Guadalupe Rv nr Spring Branch, TX",DJF1983,1982-83 El Nino,1982-12-17,138.0,Approved
08167500,"Guadalupe Rv nr Spring Branch, TX",DJF1983,1982-83 El Nino,1983-01-04,112.0,Approved
08167500,"Guadalupe Rv nr Spring Branch, TX",DJF1983,1982-83 El Nino,1982-10-26,78.0,Approved
08167500,"Guadalupe Rv nr Spring Branch, TX",DJF1983,1982-83 El Nino,1982-11-02,81.0,Approved
08167500,"Guadalupe Rv nr Spring Branch, TX",DJF1983,1982-83 El Nino,1983-02-03,107.0,Approved
08167500,"Guadalupe Rv nr Spring Branch, TX",DJF1983,1982-83 El Nino,1982-09-12,65.0,Approved
08167500,"Guadalupe Rv nr Spring Branch, TX",DJF1983,1982-83 El Nino,1982-11-28,272.0,Approved
08167500,"Guadalupe Rv nr Spring Branch, TX",DJF1983,1982-83 El Nino,1982-09-16,790.0,Approved
08167500,"Guadalupe Rv nr Spring Branch, TX",DJF1983,1982-83 El Nino,1982-12-24,101.0,Approved
08167500,"Guadalupe Rv nr Spring Branch, TX",DJF1983,1982-83 El Nino,1982-12-02,199.0,Approved
08167500,"Guadalupe Rv nr Spring Branch, TX",DJF1983,1982-83 El Nino,1983-01-23,133.0,Approved
08167500,"Guadalupe Rv nr Spring Branch, TX",DJF1983,1982-83 El Nino,1983-01-16,109.0,Approved
08167500,"Guadalupe Rv nr Spring Branch, TX",DJF1983,1982-83 El Nino,1983-02-23,161.0,Approved
08167500,"Guadalupe Rv nr Spring Branch, TX",DJF1983,1982-83 El Nino,1983-02-25,146.0,Approved
08167500,"Guadalupe Rv nr Spring Branch, TX",DJF1983,1982-83 El Nino,1983-02-02,107.0,Approved
08167500,"Guadalupe Rv nr Spring Branch, TX",DJF1983,1982-83 El Nino,1982-11-17,84.0,Approved
08167500,"Guadalupe Rv nr Spring Branch, TX",DJF1983,1982-83 El Nino,1982-11-10,97.0,Approved
08167500,"Guadalupe Rv nr Spring Branch, TX",DJF1983,1982-83 El Nino,1983-01-12,114.0,Approved
08167500,"Guadalupe Rv nr Spring Branch, TX",DJF1983,1982-83 El Nino,1982-11-03,98.0,Approved
08167500,"Guadalupe Rv nr Spring Branch, TX",DJF1983,1982-83 El Nino,1982-10-09,89.0,Approved
08167500,"Guadalupe Rv nr Spring Branch, TX",DJF1983,1982-83 El Nino,1983-01-18,113.0,Approved
08167500,"Guadalupe Rv nr Spring Branch, TX",DJF1983,1982-83 El Nino,1982-11-09,97.0,Approved
08167500,"Guadalupe Rv nr Spring Branch, TX",DJF1983,1982-83 El Nino,1982-12-28,114.0,Approved
08167500,"Guadalupe Rv nr Spring Branch, TX",DJF1983,1982-83 El Nino,1982-11-25,97.0,Approved
08167500,"Guadalupe Rv nr Spring Branch, TX",DJF1983,1982-83 El Nino,1982-12-25,101.0,Approved
08167500,"Guadalupe Rv nr Spring Branch, TX",DJF1983,1982-83 El Nino,1983-01-30,110.0,Approved
08167500,"Guadalupe Rv nr Spring Branch, TX",DJF1983,1982-83 El Nino,1982-11-14,87.0,Approved
08167500,"Guadalupe Rv nr Spring Branch, TX",DJF1983,1982-83 El Nino,1983-01-22,124.0,Approved
08167500,"Guadalupe Rv nr Spring Branch, TX",DJF1983,1982-83 El Nino,1982-11-16,84.0,Approved
08167500,"Guadalupe Rv nr Spring Branch, TX",DJF1983,1982-83 El Nino,1983-02-20,202.0,Approved
08167500,"Guadalupe Rv nr Spring Branch, TX",DJF1983,1982-83 El Nino,1982-12-06,168.0,Approved
08167500,"Guadalupe Rv nr Spring Branch, TX",DJF1983,1982-83 El Nino,1983-01-08,114.0,Approved
08167500,"Guadalupe Rv nr Spring Branch, TX",DJF1983,1982-83 El Nino,1982-12-26,102.0,Approved
08167500,"Guadalupe Rv nr Spring Branch, TX",DJF1983,1982-83 El Nino,1982-12-01,195.0,Approved
08167500,"Guadalupe Rv nr Spring Branch, TX",DJF1983,1982-83 El Nino,1983-02-11,136.0,Approved
08167500,"Guadalupe Rv nr Spring Branch, TX",DJF1983,1982-83 El Nino,1982-11-24,96.0,Approved
08167500,"Guadalupe Rv nr Spring Branch, TX",DJF1983,1982-83 El Nino,1982-09-17,133.0,Approved
08167500,"Guadalupe Rv nr Spring Branch, TX",DJF1983,1982-83 El Nino,1982-10-17,89.0,Approved
08167500,"Guadalupe Rv nr Spring Branch, TX",DJF1983,1982-83 El Nino,1982-10-23,78.0,Approved
08167500,"Guadalupe Rv nr Spring Branch, TX",DJF1983,1982-83 El Nino,1982-11-11,97.0,Approved
08167500,"Guadalupe Rv nr Spring Branch, TX",DJF1983,1982-83 El Nino,1982-10-29,80.0,Approved
08167500,"Guadalupe Rv nr Spring Branch, TX",DJF1983,1982-83 El Nino,1982-10-24,78.0,Approved
08167500,"Guadalupe Rv nr Spring Branch, TX",DJF1983,1982-83 El Nino,1982-09-28,90.0,Approved
08167500,"Guadalupe Rv nr Spring Branch, TX",DJF1983,1982-83 El Nino,1982-09-27,91.0,Approved
08167500,"Guadalupe Rv nr Spring Branch, TX",DJF1983,1982-83 El Nino,1982-10-10,88.0,Approved
08167500,"Guadalupe Rv nr Spring Branch, TX",DJF1983,1982-83 El Nino,1982-12-09,147.0,Approved
08167500,"Guadalupe Rv nr Spring Branch, TX",DJF1983,1982-83 El Nino,1982-09-13,69.0,Approved
08167500,"Guadalupe Rv nr Spring Branch, TX",DJF1983,1982-83 El Nino,1983-02-26,143.0,Approved
08167500,"Guadalupe Rv nr Spring Branch, TX",DJF1983,1982-83 El Nino,1982-12-27,114.0,Approved
08167500,"Guadalupe Rv nr Spring Branch, TX",DJF1983,1982-83 El Nino,1982-09-07,74.0,Approved
08167500,"Guadalupe Rv nr Spring Branch, TX",DJF1983,1982-83 El Nino,1983-02-06,112.0,Approved
08167500,"Guadalupe Rv nr Spring Branch, TX",DJF1983,1982-83 El Nino,1982-11-18,85.0,Approved
08167500,"Guadalupe Rv nr Spring Branch, TX",DJF1983,1982-83 El Nino,1982-10-15,94.0,Approved
08167500,"Guadalupe Rv nr Spring Branch, TX",DJF1983,1982-83 El Nino,1982-09-15,67.0,Approved
08167500,"Guadalupe Rv nr Spring Branch, TX",DJF1983,1982-83 El Nino,1982-10-28,80.0,Approved
08167500,"Guadalupe Rv nr Spring Branch, TX",DJF1983,1982-83 El Nino,1982-10-05,77.0,Approved
08167500,"Guadalupe Rv nr Spring Branch, TX",DJF1983,1982-83 El Nino,1982-09-04,64.0,Approved
08167500,"Guadalupe Rv nr Spring Branch, TX",DJF1983,1982-83 El Nino,1982-09-24,106.0,Approved
08167500,"Guadalupe Rv nr Spring Branch, TX",DJF1983,1982-83 El Nino,1982-12-23,101.0,Approved
08167500,"Guadalupe Rv nr Spring Branch, TX",DJF1983,1982-83 El Nino,1982-11-22,92.0,Approved
08167500,"Guadalupe Rv nr Spring Branch, TX",DJF1983,1982-83 El Nino,1982-12-08,160.0,Approved
08167500,"Guadalupe Rv nr Spring Branch, TX",DJF1983,1982-83 El Nino,1983-01-02,75.0,Approved
08167500,"Guadalupe Rv nr Spring Branch, TX",DJF1983,1982-83 El Nino,1982-11-23,93.0,Approved
08167500,"Guadalupe Rv nr Spring Branch, TX",DJF1983,1982-83 El Nino,1982-09-29,84.0,Approved
08167500,"Guadalupe Rv nr Spring Branch, TX",DJF1983,1982-83 El Nino,1982-11-13,91.0,Approved
08167500,"Guadalupe Rv nr Spring Branch, TX",DJF1983,1982-83 El Nino,1982-10-16,90.0,Approved
08167500,"Guadalupe Rv nr Spring Branch, TX",DJF1983,1982-83 El Nino,1982-11-12,96.0,Approved
08167500,"Guadalupe Rv nr Spring Branch, TX",DJF1983,1982-83 El Nino,1983-01-14,112.0,Approved
08167500,"Guadalupe Rv nr Spring Branch, TX",DJF1983,1982-83 El Nino,1982-10-11,89.0,Approved
08167500,"Guadalupe Rv nr Spring Branch, TX",DJF1983,1982-83 El Nino,1982-12-05,173.0,Approved
08167500,"Guadalupe Rv nr Spring Branch, TX",DJF1983,1982-83 El Nino,1983-02-28,139.0,Approved
08167500,"Guadalupe Rv nr Spring Branch, TX",DJF1983,1982-83 El Nino,1982-12-14,123.0,Approved
08167500,"Guadalupe Rv nr Spring Branch, TX",DJF1983,1982-83 El Nino,1982-11-26,122.0,Approved
08167500,"Guadalupe Rv nr Spring Branch, TX",DJF1983,1982-83 El Nino,1983-01-31,110.0,Approved
08167500,"Guadalupe Rv nr Spring Branch, TX",DJF1983,1982-83 El Nino,1982-11-01,80.0,Approved
08167500,"Guadalupe Rv nr Spring Branch, TX",DJF1983,1982-83 El Nino,1982-10-25,78.0,Approved
08167500,"Guadalupe Rv nr Spring Branch, TX",DJF1983,1982-83 El Nino,1983-02-21,184.0,Approved
08167500,"Guadalupe Rv nr Spring Branch, TX",DJF1983,1982-83 El Nino,1983-02-08,151.0,Approved
08167500,"Guadalupe Rv nr Spring Branch, TX",DJF1983,1982-83 El Nino,1983-02-15,150.0,Approved
08167500,"Guadalupe Rv nr Spring Branch, TX",DJF1983,1982-83 El Nino,1982-11-19,88.0,Approved
08167500,"Guadalupe Rv nr Spring Branch, TX",DJF1983,1982-83 El Nino,1982-11-20,90.0,Approved
08167500,"Guadalupe Rv nr Spring Branch, TX",DJF1983,1982-83 El Nino,1982-11-05,133.0,Approved
08167500,"Guadalupe Rv nr Spring Branch, TX",DJF1983,1982-83 El Nino,1982-10-02,80.0,Approved
08167500,"Guadalupe Rv nr Spring Branch, TX",DJF1983,1982-83 El Nino,1982-09-25,98.0,Approved
08167500,"Guadalupe Rv nr Spring Branch, TX",DJF1983,1982-83 El Nino,1983-02-04,106.0,Approved
08167500,"Guadalupe Rv nr Spring Branch, TX",DJF1983,1982-83 El Nino,1982-09-14,70.0,Approved
08167500,"Guadalupe Rv nr Spring Branch, TX",DJF1983,1982-83 El Nino,1983-01-01,78.0,Approved
08167500,"Guadalupe Rv nr Spring Branch, TX",DJF1983,1982-83 El Nino,1982-12-03,186.0,Approved
08167500,"Guadalupe Rv nr Spring Branch, TX",DJF1983,1982-83 El Nino,1982-11-06,113.0,Approved
08167500,"Guadalupe Rv nr Spring Branch, TX",DJF1983,1982-83 El Nino,1983-02-05,112.0,Approved
08167500,"Guadalupe Rv nr Spring Branch, TX",DJF1983,1982-83 El Nino,1983-02-16,183.0,Approved
08167500,"Guadalupe Rv nr Spring Branch, TX",DJF1983,1982-83 El Nino,1982-10-03,78.0,Approved
08167500,"Guadalupe Rv nr Spring Branch, TX",DJF1983,1982-83 El Nino,1983-01-24,135.0,Approved
08167500,"Guadalupe Rv nr Spring Branch, TX",DJF1983,1982-83 El Nino,1982-09-18,112.0,Approved
08167500,"Guadalupe Rv nr Spring Branch, TX",DJF1983,1982-83 El Nino,1982-09-09,69.0,Approved
08167500,"Guadalupe Rv nr Spring Branch, TX",DJF1983,1982-83 El Nino,1982-10-31,80.0,Approved
08167500,"Guadalupe Rv nr Spring Branch, TX",DJF1983,1982-83 El Nino,1983-02-14,133.0,Approved
08167500,"Guadalupe Rv nr Spring Branch, TX",DJF1983,1982-83 El Nino,1982-09-23,116.0,Approved
08167500,"Guadalupe Rv nr Spring Branch, TX",DJF1983,1982-83 El Nino,1982-09-20,99.0,Approved
08167500,"Guadalupe Rv nr Spring Branch, TX",DJF1983,1982-83 El Nino,1982-12-11,134.0,Approved
08167500,"Guadalupe Rv nr Spring Branch, TX",DJF1983,1982-83 El Nino,1982-11-04,98.0,Approved
08167500,"Guadalupe Rv nr Spring Branch, TX",DJF1983,1982-83 El Nino,1983-02-07,151.0,Approved
08167500,"Guadalupe Rv nr Spring Branch, TX",DJF1983,1982-83 El Nino,1983-01-20,118.0,Approved
08167500,"Guadalupe Rv nr Spring Branch, TX",DJF1983,1982-83 El Nino,1982-10-22,78.0,Approved
08167500,"Guadalupe Rv nr Spring Branch, TX",DJF1983,1982-83 El Nino,1982-10-20,80.0,Approved
08167500,"Guadalupe Rv nr Spring Branch, TX",DJF1983,1982-83 El Nino,1982-09-10,65.0,Approved
08167500,"Guadalupe Rv nr Spring Branch, TX",DJF1983,1982-83 El Nino,1982-10-19,84.0,Approved
08167500,"Guadalupe Rv nr Spring Branch, TX",DJF1983,1982-83 El Nino,1983-02-18,265.0,Approved
08167500,"Guadalupe Rv nr Spring Branch, TX",DJF1983,1982-83 El Nino,1983-01-27,117.0,Approved
08167500,"Guadalupe Rv nr Spring Branch, TX",DJF1983,1982-83 El Nino,1982-09-26,91.0,Approved
08167500,"Guadalupe Rv nr Spring Branch, TX",DJF1983,1982-83 El Nino,1982-10-14,90.0,Approved
08167500,"Guadalupe Rv nr Spring Branch, TX",DJF1983,1982-83 El Nino,1982-11-27,146.0,Approved
08167500,"Guadalupe Rv nr Spring Branch, TX",DJF1983,1982-83 El Nino,1982-12-13,125.0,Approved
08167500,"Guadalupe Rv nr Spring Branch, TX",DJF1983,1982-83 El Nino,1982-09-11,65.0,Approved
08167500,"Guadalupe Rv nr Spring Branch, TX",DJF1983,1982-83 El Nino,1983-02-12,142.0,Approved
08167500,"Guadalupe Rv nr Spring Branch, TX",DJF1983,1982-83 El Nino,1983-01-07,114.0,Approved
08167500,"Guadalupe Rv nr Spring Branch, TX",DJF1983,1982-83 El Nino,1982-10-21,78.0,Approved
08167500,"Guadalupe Rv nr Spring Branch, TX",DJF1983,1982-83 El Nino,1983-01-09,114.0,Approved
08167500,"Guadalupe Rv nr Spring Branch, TX",DJF1983,1982-83 El Nino,1982-12-31,82.0,Approved
08167500,"Guadalupe Rv nr Spring Branch, TX",DJF1983,1982-83 El Nino,1983-01-29,114.0,Approved
08167500,"Guadalupe Rv nr Spring Branch, TX",DJF1983,1982-83 El Nino,1982-10-06,78.0,Approved
08167500,"Guadalupe Rv nr Spring Branch, TX",DJF1983,1982-83 El Nino,1982-10-01,80.0,Approved
08167500,"Guadalupe Rv nr Spring Branch, TX",DJF1983,1982-83 El Nino,1982-12-10,134.0,Approved
08167500,"Guadalupe Rv nr Spring Branch, TX",DJF1983,1982-83 El Nino,1982-09-06,72.0,Approved
08167500,"Guadalupe Rv nr Spring Branch, TX",DJF1983,1982-83 El Nino,1982-09-22,128.0,Approved
08167500,"Guadalupe Rv nr Spring Branch, TX",DJF1983,1982-83 El Nino,1982-10-27,79.0,Approved
08167500,"Guadalupe Rv nr Spring Branch, TX",DJF1983,1982-83 El Nino,1982-12-04,174.0,Approved
08167500,"Guadalupe Rv nr Spring Branch, TX",DJF1983,1982-83 El Nino,1983-01-19,118.0,Approved
08167500,"Guadalupe Rv nr Spring Branch, TX",DJF1983,1982-83 El Nino,1983-01-10,114.0,Approved
08167500,"Guadalupe Rv nr Spring Branch, TX",DJF1983,1982-83 El Nino,1983-01-25,128.0,Approved
08167500,"Guadalupe Rv nr Spring Branch, TX",DJF1983,1982-83 El Nino,1983-01-26,123.0,Approved
08167500,"Guadalupe Rv nr Spring Branch, TX",DJF1983,1982-83 El Nino,1982-09-02,67.0,Approved
08167500,"Guadalupe Rv nr Spring Branch, TX",DJF1983,1982-83 El Nino,1983-01-28,116.0,Approved
08167500,"Guadalupe Rv nr Spring Branch, TX",DJF1983,1982-83 El Nino,1983-01-21,119.0,Approved
08167500,"Guadalupe Rv nr Spring Branch, TX",DJF1983,1982-83 El Nino,1982-12-07,163.0,Approved
08167500,"Guadalupe Rv nr Spring Branch, TX",DJF1983,1982-83 El Nino,1983-01-13,112.0,Approved
08167500,"Guadalupe Rv nr Spring Branch, TX",DJF1983,1982-83 El Nino,1982-09-19,101.0,Approved
08167500,"Guadalupe Rv nr Spring Branch, TX",DJF1983,1982-83 El Nino,1982-12-21,106.0,Approved
08167500,"Guadalupe Rv nr Spring Branch, TX",DJF1983,1982-83 El Nino,1982-12-29,118.0,Approved
08167500,"Guadalupe Rv nr Spring Branch, TX",DJF1983,1982-83 El Nino,1982-11-21,91.0,Approved
08167500,"Guadalupe Rv nr Spring Branch, TX",DJF1983,1982-83 El Nino,1982-09-21,92.0,Approved
08167500,"Guadalupe Rv nr Spring Branch, TX",DJF1983,1982-83 El Nino,1982-10-12,92.0,Approved
08167500,"Guadalupe Rv nr Spring Branch, TX",DJF1983,1982-83 El Nino,1982-09-30,85.0,Approved
08167500,"Guadalupe Rv nr Spring Branch, TX",DJF1983,1982-83 El Nino,1982-11-30,207.0,Approved
08167500,"Guadalupe Rv nr Spring Branch, TX",DJF1983,1982-83 El Nino,1982-10-30,80.0,Approved
08167500,"Guadalupe Rv nr Spring Branch, TX",DJF1983,1982-83 El Nino,1982-12-15,121.0,Approved
08167500,"Guadalupe Rv nr Spring Branch, TX",DJF1983,1982-83 El Nino,1983-02-09,149.0,Approved
08167500,"Guadalupe Rv nr Spring Branch, TX",DJF1983,1982-83 El Nino,1982-09-05,64.0,Approved
08167500,"Guadalupe Rv nr Spring Branch, TX",DJF1983,1982-83 El Nino,1982-11-15,86.0,Approved
08167500,"Guadalupe Rv nr Spring Branch, TX",DJF1983,1982-83 El Nino,1982-12-30,102.0,Approved
08167500,"Guadalupe Rv nr Spring Branch, TX",DJF1983,1982-83 El Nino,1983-02-27,138.0,Approved
08167500,"Guadalupe Rv nr Spring Branch, TX",DJF1983,1982-83 El Nino,1982-10-07,79.0,Approved
08167500,"Guadalupe Rv nr Spring Branch, TX",DJF1983,1982-83 El Nino,1982-12-18,138.0,Approved
08167500,"Guadalupe Rv nr Spring Branch, TX",DJF1983,1982-83 El Nino,1982-10-04,78.0,Approved
08167500,"Guadalupe Rv nr Spring Branch, TX",DJF1983,1982-83 El Nino,1983-01-06,114.0,Approved
08167500,"Guadalupe Rv nr Spring Branch, TX",DJF1983,1982-83 El Nino,1983-02-19,218.0,Approved
08167500,"Guadalupe Rv nr Spring Branch, TX",DJF1983,1982-83 El Nino,1983-02-22,173.0,Approved
08167500,"Guadalupe Rv nr Spring Branch, TX",DJF1983,1982-83 El Nino,1982-12-12,129.0,Approved
08167500,"Guadalupe Rv nr Spring Branch, TX",DJF1983,1982-83 El Nino,1982-11-08,99.0,Approved
08167500,"Guadalupe Rv nr Spring Branch, TX",DJF1983,1982-83 El Nino,1982-12-16,133.0,Approved
08167500,"Guadalupe Rv nr Spring Branch, TX",DJF1983,1982-83 El Nino,1982-10-13,91.0,Approved
08167500,"Guadalupe Rv nr Spring Branch, TX",DJF1983,1982-83 El Nino,1983-02-10,138.0,Approved
08167500,"Guadalupe Rv nr Spring Branch, TX",DJF1983,1982-83 El Nino,1982-12-20,116.0,Approved
08167500,"Guadalupe Rv nr Spring Branch, TX",DJF1983,1982-83 El Nino,1983-02-17,283.0,Approved
08167500,"Guadalupe Rv nr Spring Branch, TX",DJF1983,1982-83 El Nino,1982-11-29,260.0,Approved
08167500,"Guadalupe Rv nr Spring Branch, TX",DJF1983,1982-83 El Nino,1982-09-01,67.0,Approved
08167500,"Guadalupe Rv nr Spring Branch, TX",DJF1983,1982-83 El Nino,1982-09-08,70.0,Approved
08167500,"Guadalupe Rv nr Spring Branch, TX",DJF1983,1982-83 El Nino,1983-02-01,110.0,Approved
08167500,"Guadalupe Rv nr Spring Branch, TX",DJF1983,1982-83 El Nino,1982-10-08,84.0,Approved
08167500,"Guadalupe Rv nr Spring Branch, TX",DJF1983,1982-83 El Nino,1982-09-03,66.0,Approved
08167500,"Guadalupe Rv nr Spring Branch, TX",DJF1983,1982-83 El Nino,1982-10-18,86.0,Approved
08167500,"Guadalupe Rv nr Spring Branch, TX",DJF1983,1982-83 El Nino,1983-01-15,110.0,Approved
08167500,"Guadalupe Rv nr Spring Branch, TX",DJF1983,1982-83 El Nino,1982-11-07,108.0,Approved
08167500,"Guadalupe Rv nr Spring Branch, TX",DJF1983,1982-83 El Nino,1982-12-19,132.0,Approved
08167500,"Guadalupe Rv nr Spring Branch, TX",DJF1998,1997-98 El Nino,1998-02-20,416.0,Approved
08167500,"Guadalupe Rv nr Spring Branch, TX",DJF1998,1997-98 El Nino,1997-12-19,189.0,Approved
08167500,"Guadalupe Rv nr Spring Branch, TX",DJF1998,1997-98 El Nino,1997-11-16,240.0,Approved
08167500,"Guadalupe Rv nr Spring Branch, TX",DJF1998,1997-98 El Nino,1997-11-08,209.0,Approved
08167500,"Guadalupe Rv nr Spring Branch, TX",DJF1998,1997-98 El Nino,1998-01-13,286.0,Approved
08167500,"Guadalupe Rv nr Spring Branch, TX",DJF1998,1997-98 El Nino,1997-12-13,150.0,Approved
08167500,"Guadalupe Rv nr Spring Branch, TX",DJF1998,1997-98 El Nino,1998-01-06,263.0,Approved
08167500,"Guadalupe Rv nr Spring Branch, TX",DJF1998,1997-98 El Nino,1998-02-15,503.0,Approved
08167500,"Guadalupe Rv nr Spring Branch, TX",DJF1998,1997-98 El Nino,1998-02-12,369.0,Approved
08167500,"Guadalupe Rv nr Spring Branch, TX",DJF1998,1997-98 El Nino,1997-09-25,226.0,Approved
08167500,"Guadalupe Rv nr Spring Branch, TX",DJF1998,1997-98 El Nino,1997-12-24,292.0,Approved
08167500,"Guadalupe Rv nr Spring Branch, TX",DJF1998,1997-98 El Nino,1997-10-16,280.0,Approved
08167500,"Guadalupe Rv nr Spring Branch, TX",DJF1998,1997-98 El Nino,1997-11-10,210.0,Approved
08167500,"Guadalupe Rv nr Spring Branch, TX",DJF1998,1997-98 El Nino,1997-09-26,223.0,Approved
08167500,"Guadalupe Rv nr Spring Branch, TX",DJF1998,1997-98 El Nino,1997-10-12,413.0,Approved
08167500,"Guadalupe Rv nr Spring Branch, TX",DJF1998,1997-98 El Nino,1998-01-18,234.0,Approved
08167500,"Guadalupe Rv nr Spring Branch, TX",DJF1998,1997-98 El Nino,1998-02-18,457.0,Approved
08167500,"Guadalupe Rv nr Spring Branch, TX",DJF1998,1997-98 El Nino,1997-09-03,294.0,Approved
08167500,"Guadalupe Rv nr Spring Branch, TX",DJF1998,1997-98 El Nino,1997-11-19,232.0,Approved
08167500,"Guadalupe Rv nr Spring Branch, TX",DJF1998,1997-98 El Nino,1998-02-03,501.0,Approved
08167500,"Guadalupe Rv nr Spring Branch, TX",DJF1998,1997-98 El Nino,1997-10-05,207.0,Approved
08167500,"Guadalupe Rv nr Spring Branch, TX",DJF1998,1997-98 El Nino,1997-09-15,243.0,Approved
08167500,"Guadalupe Rv nr Spring Branch, TX",DJF1998,1997-98 El Nino,1997-09-28,221.0,Approved
08167500,"Guadalupe Rv nr Spring Branch, TX",DJF1998,1997-98 El Nino,1998-01-05,237.0,Approved
08167500,"Guadalupe Rv nr Spring Branch, TX",DJF1998,1997-98 El Nino,1998-02-08,348.0,Approved
08167500,"Guadalupe Rv nr Spring Branch, TX",DJF1998,1997-98 El Nino,1998-01-21,227.0,Approved
08167500,"Guadalupe Rv nr Spring Branch, TX",DJF1998,1997-98 El Nino,1997-10-20,250.0,Approved
08167500,"Guadalupe Rv nr Spring Branch, TX",DJF1998,1997-98 El Nino,1997-11-06,208.0,Approved
08167500,"Guadalupe Rv nr Spring Branch, TX",DJF1998,1997-98 El Nino,1997-10-26,230.0,Approved
08167500,"Guadalupe Rv nr Spring Branch, TX",DJF1998,1997-98 El Nino,1997-12-25,313.0,Approved
08167500,"Guadalupe Rv nr Spring Branch, TX",DJF1998,1997-98 El Nino,1997-12-14,156.0,Approved
08167500,"Guadalupe Rv nr Spring Branch, TX",DJF1998,1997-98 El Nino,1997-12-27,279.0,Approved
08167500,"Guadalupe Rv nr Spring Branch, TX",DJF1998,1997-98 El Nino,1998-02-02,617.0,Approved
08167500,"Guadalupe Rv nr Spring Branch, TX",DJF1998,1997-98 El Nino,1997-09-13,229.0,Approved
08167500,"Guadalupe Rv nr Spring Branch, TX",DJF1998,1997-98 El Nino,1998-01-12,305.0,Approved
08167500,"Guadalupe Rv nr Spring Branch, TX",DJF1998,1997-98 El Nino,1997-12-16,187.0,Approved
08167500,"Guadalupe Rv nr Spring Branch, TX",DJF1998,1997-98 El Nino,1997-10-13,332.0,Approved
08167500,"Guadalupe Rv nr Spring Branch, TX",DJF1998,1997-98 El Nino,1998-02-23,678.0,Approved
08167500,"Guadalupe Rv nr Spring Branch, TX",DJF1998,1997-98 El Nino,1998-01-20,229.0,Approved
08167500,"Guadalupe Rv nr Spring Branch, TX",DJF1998,1997-98 El Nino,1997-09-20,249.0,Approved
08167500,"Guadalupe Rv nr Spring Branch, TX",DJF1998,1997-98 El Nino,1997-12-01,210.0,Approved
08167500,"Guadalupe Rv nr Spring Branch, TX",DJF1998,1997-98 El Nino,1998-02-24,619.0,Approved
08167500,"Guadalupe Rv nr Spring Branch, TX",DJF1998,1997-98 El Nino,1997-10-11,454.0,Approved
08167500,"Guadalupe Rv nr Spring Branch, TX",DJF1998,1997-98 El Nino,1997-09-01,311.0,Approved
08167500,"Guadalupe Rv nr Spring Branch, TX",DJF1998,1997-98 El Nino,1998-01-14,275.0,Approved
08167500,"Guadalupe Rv nr Spring Branch, TX",DJF1998,1997-98 El Nino,1997-11-30,208.0,Approved
08167500,"Guadalupe Rv nr Spring Branch, TX",DJF1998,1997-98 El Nino,1997-12-05,219.0,Approved
08167500,"Guadalupe Rv nr Spring Branch, TX",DJF1998,1997-98 El Nino,1998-01-25,216.0,Approved
08167500,"Guadalupe Rv nr Spring Branch, TX",DJF1998,1997-98 El Nino,1997-11-15,257.0,Approved
08167500,"Guadalupe Rv nr Spring Branch, TX",DJF1998,1997-98 El Nino,1997-09-07,282.0,Approved
08167500,"Guadalupe Rv nr Spring Branch, TX",DJF1998,1997-98 El Nino,1997-09-21,243.0,Approved
08167500,"Guadalupe Rv nr Spring Branch, TX",DJF1998,1997-98 El Nino,1997-12-07,214.0,Approved
08167500,"Guadalupe Rv nr Spring Branch, TX",DJF1998,1997-98 El Nino,1998-02-26,627.0,Approved
08167500,"Guadalupe Rv nr Spring Branch, TX",DJF1998,1997-98 El Nino,1997-12-10,211.0,Approved
08167500,"Guadalupe Rv nr Spring Branch, TX",DJF1998,1997-98 El Nino,1998-01-26,216.0,Approved
08167500,"Guadalupe Rv nr Spring Branch, TX",DJF1998,1997-98 El Nino,1997-11-05,210.0,Approved
08167500,"Guadalupe Rv nr Spring Branch, TX",DJF1998,1997-98 El Nino,1998-02-16,488.0,Approved
08167500,"Guadalupe Rv nr Spring Branch, TX",DJF1998,1997-98 El Nino,1997-09-12,258.0,Approved
08167500,"Guadalupe Rv nr Spring Branch, TX",DJF1998,1997-98 El Nino,1997-12-09,215.0,Approved
08167500,"Guadalupe Rv nr Spring Branch, TX",DJF1998,1997-98 El Nino,1998-02-04,439.0,Approved
08167500,"Guadalupe Rv nr Spring Branch, TX",DJF1998,1997-98 El Nino,1998-01-17,244.0,Approved
08167500,"Guadalupe Rv nr Spring Branch, TX",DJF1998,1997-98 El Nino,1997-10-24,240.0,Approved
08167500,"Guadalupe Rv nr Spring Branch, TX",DJF1998,1997-98 El Nino,1997-11-23,218.0,Approved
08167500,"Guadalupe Rv nr Spring Branch, TX",DJF1998,1997-98 El Nino,1997-10-19,260.0,Approved
08167500,"Guadalupe Rv nr Spring Branch, TX",DJF1998,1997-98 El Nino,1997-12-12,169.0,Approved
08167500,"Guadalupe Rv nr Spring Branch, TX",DJF1998,1997-98 El Nino,1997-11-28,214.0,Approved
08167500,"Guadalupe Rv nr Spring Branch, TX",DJF1998,1997-98 El Nino,1998-02-28,573.0,Approved
08167500,"Guadalupe Rv nr Spring Branch, TX",DJF1998,1997-98 El Nino,1997-10-06,207.0,Approved
08167500,"Guadalupe Rv nr Spring Branch, TX",DJF1998,1997-98 El Nino,1997-09-06,285.0,Approved
08167500,"Guadalupe Rv nr Spring Branch, TX",DJF1998,1997-98 El Nino,1997-10-23,239.0,Approved
08167500,"Guadalupe Rv nr Spring Branch, TX",DJF1998,1997-98 El Nino,1998-01-03,234.0,Approved
08167500,"Guadalupe Rv nr Spring Branch, TX",DJF1998,1997-98 El Nino,1997-09-05,292.0,Approved
08167500,"Guadalupe Rv nr Spring Branch, TX",DJF1998,1997-98 El Nino,1998-01-27,215.0,Approved
08167500,"Guadalupe Rv nr Spring Branch, TX",DJF1998,1997-98 El Nino,1997-11-04,210.0,Approved
08167500,"Guadalupe Rv nr Spring Branch, TX",DJF1998,1997-98 El Nino,1997-09-29,221.0,Approved
08167500,"Guadalupe Rv nr Spring Branch, TX",DJF1998,1997-98 El Nino,1997-11-25,215.0,Approved
08167500,"Guadalupe Rv nr Spring Branch, TX",DJF1998,1997-98 El Nino,1998-01-16,258.0,Approved
08167500,"Guadalupe Rv nr Spring Branch, TX",DJF1998,1997-98 El Nino,1997-11-26,215.0,Approved
08167500,"Guadalupe Rv nr Spring Branch, TX",DJF1998,1997-98 El Nino,1997-09-08,279.0,Approved
08167500,"Guadalupe Rv nr Spring Branch, TX",DJF1998,1997-98 El Nino,1997-12-22,359.0,Approved
08167500,"Guadalupe Rv nr Spring Branch, TX",DJF1998,1997-98 El Nino,1997-09-27,223.0,Approved
08167500,"Guadalupe Rv nr Spring Branch, TX",DJF1998,1997-98 El Nino,1997-12-11,204.0,Approved
08167500,"Guadalupe Rv nr Spring Branch, TX",DJF1998,1997-98 El Nino,1997-12-26,287.0,Approved
08167500,"Guadalupe Rv nr Spring Branch, TX",DJF1998,1997-98 El Nino,1998-01-02,235.0,Approved
08167500,"Guadalupe Rv nr Spring Branch, TX",DJF1998,1997-98 El Nino,1997-11-01,221.0,Approved
08167500,"Guadalupe Rv nr Spring Branch, TX",DJF1998,1997-98 El Nino,1997-10-27,222.0,Approved
08167500,"Guadalupe Rv nr Spring Branch, TX",DJF1998,1997-98 El Nino,1997-10-31,224.0,Approved
08167500,"Guadalupe Rv nr Spring Branch, TX",DJF1998,1997-98 El Nino,1997-10-18,260.0,Approved
08167500,"Guadalupe Rv nr Spring Branch, TX",DJF1998,1997-98 El Nino,1998-01-29,221.0,Approved
08167500,"Guadalupe Rv nr Spring Branch, TX",DJF1998,1997-98 El Nino,1997-12-29,260.0,Approved
08167500,"Guadalupe Rv nr Spring Branch, TX",DJF1998,1997-98 El Nino,1997-10-17,270.0,Approved
08167500,"Guadalupe Rv nr Spring Branch, TX",DJF1998,1997-98 El Nino,1998-02-25,578.0,Approved
08167500,"Guadalupe Rv nr Spring Branch, TX",DJF1998,1997-98 El Nino,1997-09-22,237.0,Approved
08167500,"Guadalupe Rv nr Spring Branch, TX",DJF1998,1997-98 El Nino,1997-11-07,209.0,Approved
08167500,"Guadalupe Rv nr Spring Branch, TX",DJF1998,1997-98 El Nino,1997-10-22,243.0,Approved
08167500,"Guadalupe Rv nr Spring Branch, TX",DJF1998,1997-98 El Nino,1997-11-29,208.0,Approved
08167500,"Guadalupe Rv nr Spring Branch, TX",DJF1998,1997-98 El Nino,1997-10-10,356.0,Approved
08167500,"Guadalupe Rv nr Spring Branch, TX",DJF1998,1997-98 El Nino,1997-12-06,217.0,Approved
08167500,"Guadalupe Rv nr Spring Branch, TX",DJF1998,1997-98 El Nino,1997-09-10,270.0,Approved
08167500,"Guadalupe Rv nr Spring Branch, TX",DJF1998,1997-98 El Nino,1998-01-24,220.0,Approved
08167500,"Guadalupe Rv nr Spring Branch, TX",DJF1998,1997-98 El Nino,1997-10-30,222.0,Approved
08167500,"Guadalupe Rv nr Spring Branch, TX",DJF1998,1997-98 El Nino,1997-10-15,290.0,Approved
08167500,"Guadalupe Rv nr Spring Branch, TX",DJF1998,1997-98 El Nino,1997-09-17,234.0,Approved
08167500,"Guadalupe Rv nr Spring Branch, TX",DJF1998,1997-98 El Nino,1997-12-15,185.0,Approved
08167500,"Guadalupe Rv nr Spring Branch, TX",DJF1998,1997-98 El Nino,1998-02-06,387.0,Approved
08167500,"Guadalupe Rv nr Spring Branch, TX",DJF1998,1997-98 El Nino,1997-11-24,217.0,Approved
08167500,"Guadalupe Rv nr Spring Branch, TX",DJF1998,1997-98 El Nino,1998-01-19,229.0,Approved
08167500,"Guadalupe Rv nr Spring Branch, TX",DJF1998,1997-98 El Nino,1998-01-22,228.0,Approved
08167500,"Guadalupe Rv nr Spring Branch, TX",DJF1998,1997-98 El Nino,1997-09-02,301.0,Approved
08167500,"Guadalupe Rv nr Spring Branch, TX",DJF1998,1997-98 El Nino,1997-12-17,188.0,Approved
08167500,"Guadalupe Rv nr Spring Branch, TX",DJF1998,1997-98 El Nino,1997-12-20,224.0,Approved
08167500,"Guadalupe Rv nr Spring Branch, TX",DJF1998,1997-98 El Nino,1997-09-04,270.0,Approved
08167500,"Guadalupe Rv nr Spring Branch, TX",DJF1998,1997-98 El Nino,1998-01-15,266.0,Approved
08167500,"Guadalupe Rv nr Spring Branch, TX",DJF1998,1997-98 El Nino,1997-12-18,189.0,Approved
08167500,"Guadalupe Rv nr Spring Branch, TX",DJF1998,1997-98 El Nino,1998-01-11,329.0,Approved
08167500,"Guadalupe Rv nr Spring Branch, TX",DJF1998,1997-98 El Nino,1997-09-16,237.0,Approved
08167500,"Guadalupe Rv nr Spring Branch, TX",DJF1998,1997-98 El Nino,1998-02-22,927.0,Approved
08167500,"Guadalupe Rv nr Spring Branch, TX",DJF1998,1997-98 El Nino,1998-02-21,446.0,Approved
08167500,"Guadalupe Rv nr Spring Branch, TX",DJF1998,1997-98 El Nino,1997-11-14,265.0,Approved
08167500,"Guadalupe Rv nr Spring Branch, TX",DJF1998,1997-98 El Nino,1998-01-08,665.0,Approved
08167500,"Guadalupe Rv nr Spring Branch, TX",DJF1998,1997-98 El Nino,1998-01-04,236.0,Approved
08167500,"Guadalupe Rv nr Spring Branch, TX",DJF1998,1997-98 El Nino,1998-01-01,233.0,Approved
08167500,"Guadalupe Rv nr Spring Branch, TX",DJF1998,1997-98 El Nino,1997-10-14,300.0,Approved
08167500,"Guadalupe Rv nr Spring Branch, TX",DJF1998,1997-98 El Nino,1997-12-30,252.0,Approved
08167500,"Guadalupe Rv nr Spring Branch, TX",DJF1998,1997-98 El Nino,1997-09-24,229.0,Approved
08167500,"Guadalupe Rv nr Spring Branch, TX",DJF1998,1997-98 El Nino,1998-01-09,460.0,Approved
08167500,"Guadalupe Rv nr Spring Branch, TX",DJF1998,1997-98 El Nino,1998-01-10,374.0,Approved
08167500,"Guadalupe Rv nr Spring Branch, TX",DJF1998,1997-98 El Nino,1998-02-19,436.0,Approved
08167500,"Guadalupe Rv nr Spring Branch, TX",DJF1998,1997-98 El Nino,1997-11-22,223.0,Approved
08167500,"Guadalupe Rv nr Spring Branch, TX",DJF1998,1997-98 El Nino,1997-12-08,214.0,Approved
08167500,"Guadalupe Rv nr Spring Branch, TX",DJF1998,1997-98 El Nino,1997-11-17,236.0,Approved
08167500,"Guadalupe Rv nr Spring Branch, TX",DJF1998,1997-98 El Nino,1997-12-21,438.0,Approved
08167500,"Guadalupe Rv nr Spring Branch, TX",DJF1998,1997-98 El Nino,1997-09-18,255.0,Approved
08167500,"Guadalupe Rv nr Spring Branch, TX",DJF1998,1997-98 El Nino,1998-02-14,352.0,Approved
08167500,"Guadalupe Rv nr Spring Branch, TX",DJF1998,1997-98 El Nino,1997-10-07,229.0,Approved
08167500,"Guadalupe Rv nr Spring Branch, TX",DJF1998,1997-98 El Nino,1997-10-25,242.0,Approved
08167500,"Guadalupe Rv nr Spring Branch, TX",DJF1998,1997-98 El Nino,1997-12-04,221.0,Approved
08167500,"Guadalupe Rv nr Spring Branch, TX",DJF1998,1997-98 El Nino,1997-10-21,249.0,Approved
08167500,"Guadalupe Rv nr Spring Branch, TX",DJF1998,1997-98 El Nino,1997-09-11,258.0,Approved
08167500,"Guadalupe Rv nr Spring Branch, TX",DJF1998,1997-98 El Nino,1997-11-21,225.0,Approved
08167500,"Guadalupe Rv nr Spring Branch, TX",DJF1998,1997-98 El Nino,1997-09-14,252.0,Approved
08167500,"Guadalupe Rv nr Spring Branch, TX",DJF1998,1997-98 El Nino,1997-11-20,228.0,Approved
08167500,"Guadalupe Rv nr Spring Branch, TX",DJF1998,1997-98 El Nino,1997-12-23,315.0,Approved
08167500,"Guadalupe Rv nr Spring Branch, TX",DJF1998,1997-98 El Nino,1998-01-30,220.0,Approved
08167500,"Guadalupe Rv nr Spring Branch, TX",DJF1998,1997-98 El Nino,1998-02-17,494.0,Approved
08167500,"Guadalupe Rv nr Spring Branch, TX",DJF1998,1997-98 El Nino,1998-01-23,224.0,Approved
08167500,"Guadalupe Rv nr Spring Branch, TX",DJF1998,1997-98 El Nino,1997-12-31,239.0,Approved
08167500,"Guadalupe Rv nr Spring Branch, TX",DJF1998,1997-98 El Nino,1997-09-09,276.0,Approved
08167500,"Guadalupe Rv nr Spring Branch, TX",DJF1998,1997-98 El Nino,1997-10-03,204.0,Approved
08167500,"Guadalupe Rv nr Spring Branch, TX",DJF1998,1997-98 El Nino,1997-10-28,220.0,Approved
08167500,"Guadalupe Rv nr Spring Branch, TX",DJF1998,1997-98 El Nino,1998-02-07,368.0,Approved
08167500,"Guadalupe Rv nr Spring Branch, TX",DJF1998,1997-98 El Nino,1997-12-03,212.0,Approved
08167500,"Guadalupe Rv nr Spring Branch, TX",DJF1998,1997-98 El Nino,1997-12-02,209.0,Approved
08167500,"Guadalupe Rv nr Spring Branch, TX",DJF1998,1997-98 El Nino,1998-01-28,223.0,Approved
08167500,"Guadalupe Rv nr Spring Branch, TX",DJF1998,1997-98 El Nino,1997-10-08,246.0,Approved
08167500,"Guadalupe Rv nr Spring Branch, TX",DJF1998,1997-98 El Nino,1998-02-10,336.0,Approved
08167500,"Guadalupe Rv nr Spring Branch, TX",DJF1998,1997-98 El Nino,1997-10-01,215.0,Approved
08167500,"Guadalupe Rv nr Spring Branch, TX",DJF1998,1997-98 El Nino,1997-11-11,219.0,Approved
08167500,"Guadalupe Rv nr Spring Branch, TX",DJF1998,1997-98 El Nino,1997-11-09,209.0,Approved
08167500,"Guadalupe Rv nr Spring Branch, TX",DJF1998,1997-98 El Nino,1998-02-11,360.0,Approved
08167500,"Guadalupe Rv nr Spring Branch, TX",DJF1998,1997-98 El Nino,1998-02-09,335.0,Approved
08167500,"Guadalupe Rv nr Spring Branch, TX",DJF1998,1997-98 El Nino,1997-09-23,232.0,Approved
08167500,"Guadalupe Rv nr Spring Branch, TX",DJF1998,1997-98 El Nino,1997-10-09,282.0,Approved
08167500,"Guadalupe Rv nr Spring Branch, TX",DJF1998,1997-98 El Nino,1998-02-01,1110.0,Approved
08167500,"Guadalupe Rv nr Spring Branch, TX",DJF1998,1997-98 El Nino,1997-09-19,261.0,Approved
08167500,"Guadalupe Rv nr Spring Branch, TX",DJF1998,1997-98 El Nino,1997-11-13,266.0,Approved
08167500,"Guadalupe Rv nr Spring Branch, TX",DJF1998,1997-98 El Nino,1998-01-07,430.0,Approved
08167500,"Guadalupe Rv nr Spring Branch, TX",DJF1998,1997-98 El Nino,1997-11-27,216.0,Approved
08167500,"Guadalupe Rv nr Spring Branch, TX",DJF1998,1997-98 El Nino,1997-10-04,204.0,Approved
08167500,"Guadalupe Rv nr Spring Branch, TX",DJF1998,1997-98 El Nino,1998-01-31,1090.0,Approved
08167500,"Guadalupe Rv nr Spring Branch, TX",DJF1998,1997-98 El Nino,1998-02-13,338.0,Approved
08167500,"Guadalupe Rv nr Spring Branch, TX",DJF1998,1997-98 El Nino,1997-10-29,221.0,Approved
08167500,"Guadalupe Rv nr Spring Branch, TX",DJF1998,1997-98 El Nino,1997-10-02,210.0,Approved
08167500,"Guadalupe Rv nr Spring Branch, TX",DJF1998,1997-98 El Nino,1998-02-05,408.0,Approved
08167500,"Guadalupe Rv nr Spring Branch, TX",DJF1998,1997-98 El Nino,1997-11-18,234.0,Approved
08167500,"Guadalupe Rv nr Spring Branch, TX",DJF1998,1997-98 El Nino,1997-11-03,210.0,Approved
08167500,"Guadalupe Rv nr Spring Branch, TX",DJF1998,1997-98 El Nino,1997-11-02,215.0,Approved
08167500,"Guadalupe Rv nr Spring Branch, TX",DJF1998,1997-98 El Nino,1997-12-28,272.0,Approved
08167500,"Guadalupe Rv nr Spring Branch, TX",DJF1998,1997-98 El Nino,1998-02-27,652.0,Approved
08167500,"Guadalupe Rv nr Spring Branch, TX",DJF1998,1997-98 El Nino,1997-09-30,218.0,Approved
08167500,"Guadalupe Rv nr Spring Branch, TX",DJF1998,1997-98 El Nino,1997-11-12,252.0,Approved
08167500,"Guadalupe Rv nr Spring Branch, TX",DJF2016,2015-16 El Nino,2015-09-26,57.3,Approved
08167500,"Guadalupe Rv nr Spring Branch, TX",DJF2016,2015-16 El Nino,2015-11-24,155.0,Approved
08167500,"Guadalupe Rv nr Spring Branch, TX",DJF2016,2015-16 El Nino,2016-02-28,207.0,Approved
08167500,"Guadalupe Rv nr Spring Branch, TX",DJF2016,2015-16 El Nino,2015-10-01,50.5,Approved
08167500,"Guadalupe Rv nr Spring Branch, TX",DJF2016,2015-16 El Nino,2015-10-05,50.1,Approved
08167500,"Guadalupe Rv nr Spring Branch, TX",DJF2016,2015-16 El Nino,2015-10-21,51.5,Approved
08167500,"Guadalupe Rv nr Spring Branch, TX",DJF2016,2015-16 El Nino,2015-10-06,50.2,Approved
08167500,"Guadalupe Rv nr Spring Branch, TX",DJF2016,2015-16 El Nino,2016-02-22,167.0,Approved
08167500,"Guadalupe Rv nr Spring Branch, TX",DJF2016,2015-16 El Nino,2016-02-18,169.0,Approved
08167500,"Guadalupe Rv nr Spring Branch, TX",DJF2016,2015-16 El Nino,2016-01-31,239.0,Approved
08167500,"Guadalupe Rv nr Spring Branch, TX",DJF2016,2015-16 El Nino,2015-09-02,82.5,Approved
08167500,"Guadalupe Rv nr Spring Branch, TX",DJF2016,2015-16 El Nino,2015-12-07,331.0,Approved
08167500,"Guadalupe Rv nr Spring Branch, TX",DJF2016,2015-16 El Nino,2016-02-10,190.0,Approved
08167500,"Guadalupe Rv nr Spring Branch, TX",DJF2016,2015-16 El Nino,2015-10-24,670.0,Approved
08167500,"Guadalupe Rv nr Spring Branch, TX",DJF2016,2015-16 El Nino,2015-12-25,309.0,Approved
08167500,"Guadalupe Rv nr Spring Branch, TX",DJF2016,2015-16 El Nino,2015-10-19,50.0,Approved
08167500,"Guadalupe Rv nr Spring Branch, TX",DJF2016,2015-16 El Nino,2016-02-06,203.0,Approved
08167500,"Guadalupe Rv nr Spring Branch, TX",DJF2016,2015-16 El Nino,2016-02-24,264.0,Approved
08167500,"Guadalupe Rv nr Spring Branch, TX",DJF2016,2015-16 El Nino,2016-02-15,185.0,Approved
08167500,"Guadalupe Rv nr Spring Branch, TX",DJF2016,2015-16 El Nino,2015-11-18,190.0,Approved
08167500,"Guadalupe Rv nr Spring Branch, TX",DJF2016,2015-16 El Nino,2015-11-19,188.0,Approved
08167500,"Guadalupe Rv nr Spring Branch, TX",DJF2016,2015-16 El Nino,2016-02-20,166.0,Approved
08167500,"Guadalupe Rv nr Spring Branch, TX",DJF2016,2015-16 El Nino,2015-12-09,310.0,Approved
08167500,"Guadalupe Rv nr Spring Branch, TX",DJF2016,2015-16 El Nino,2015-11-20,178.0,Approved
08167500,"Guadalupe Rv nr Spring Branch, TX",DJF2016,2015-16 El Nino,2015-09-20,63.2,Approved
08167500,"Guadalupe Rv nr Spring Branch, TX",DJF2016,2015-16 El Nino,2016-01-20,276.0,Approved
08167500,"Guadalupe Rv nr Spring Branch, TX",DJF2016,2015-16 El Nino,2015-11-15,195.0,Approved
08167500,"Guadalupe Rv nr Spring Branch, TX",DJF2016,2015-16 El Nino,2015-09-12,72.7,Approved
08167500,"Guadalupe Rv nr Spring Branch, TX",DJF2016,2015-16 El Nino,2015-12-11,296.0,Approved
08167500,"Guadalupe Rv nr Spring Branch, TX",DJF2016,2015-16 El Nino,2015-09-30,52.2,Approved
08167500,"Guadalupe Rv nr Spring Branch, TX",DJF2016,2015-16 El Nino,2016-01-11,312.0,Approved
08167500,"Guadalupe Rv nr Spring Branch, TX",DJF2016,2015-16 El Nino,2015-09-17,68.5,Approved
08167500,"Guadalupe Rv nr Spring Branch, TX",DJF2016,2015-16 El Nino,2015-12-12,289.0,Approved
08167500,"Guadalupe Rv nr Spring Branch, TX",DJF2016,2015-16 El Nino,2016-01-10,318.0,Approved
08167500,"Guadalupe Rv nr Spring Branch, TX",DJF2016,2015-16 El Nino,2016-02-26,243.0,Approved
08167500,"Guadalupe Rv nr Spring Branch, TX",DJF2016,2015-16 El Nino,2016-02-25,284.0,Approved
08167500,"Guadalupe Rv nr Spring Branch, TX",DJF2016,2015-16 El Nino,2015-11-06,269.0,Approved
08167500,"Guadalupe Rv nr Spring Branch, TX",DJF2016,2015-16 El Nino,2016-01-15,305.0,Approved
08167500,"Guadalupe Rv nr Spring Branch, TX",DJF2016,2015-16 El Nino,2016-02-17,176.0,Approved
08167500,"Guadalupe Rv nr Spring Branch, TX",DJF2016,2015-16 El Nino,2016-01-01,312.0,Approved
08167500,"Guadalupe Rv nr Spring Branch, TX",DJF2016,2015-16 El Nino,2015-09-23,57.4,Approved
08167500,"Guadalupe Rv nr Spring Branch, TX",DJF2016,2015-16 El Nino,2015-11-08,275.0,Approved
08167500,"Guadalupe Rv nr Spring Branch, TX",DJF2016,2015-16 El Nino,2016-02-02,232.0,Approved
08167500,"Guadalupe Rv nr Spring Branch, TX",DJF2016,2015-16 El Nino,2015-10-16,56.1,Approved
08167500,"Guadalupe Rv nr Spring Branch, TX",DJF2016,2015-16 El Nino,2016-02-09,191.0,Approved
08167500,"Guadalupe Rv nr Spring Branch, TX",DJF2016,2015-16 El Nino,2015-12-27,322.0,Approved
08167500,"Guadalupe Rv nr Spring Branch, TX",DJF2016,2015-16 El Nino,2015-10-11,47.5,Approved
08167500,"Guadalupe Rv nr Spring Branch, TX",DJF2016,2015-16 El Nino,2016-02-04,213.0,Approved
08167500,"Guadalupe Rv nr Spring Branch, TX",DJF2016,2015-16 El Nino,2016-02-27,222.0,Approved
08167500,"Guadalupe Rv nr Spring Branch, TX",DJF2016,2015-16 El Nino,2015-12-01,589.0,Approved
08167500,"Guadalupe Rv nr Spring Branch, TX",DJF2016,2015-16 El Nino,2015-10-09,48.7,Approved
08167500,"Guadalupe Rv nr Spring Branch, TX",DJF2016,2015-16 El Nino,2016-01-17,289.0,Approved
08167500,"Guadalupe Rv nr Spring Branch, TX",DJF2016,2015-16 El Nino,2015-10-13,55.6,Approved
08167500,"Guadalupe Rv nr Spring Branch, TX",DJF2016,2015-16 El Nino,2016-02-03,221.0,Approved
08167500,"Guadalupe Rv nr Spring Branch, TX",DJF2016,2015-16 El Nino,2015-11-30,751.0,Approved
08167500,"Guadalupe Rv nr Spring Branch, TX",DJF2016,2015-16 El Nino,2015-09-21,60.4,Approved
08167500,"Guadalupe Rv nr Spring Branch, TX",DJF2016,2015-16 El Nino,2015-12-24,322.0,Approved
08167500,"Guadalupe Rv nr Spring Branch, TX",DJF2016,2015-16 El Nino,2015-09-11,76.8,Approved
08167500,"Guadalupe Rv nr Spring Branch, TX",DJF2016,2015-16 El Nino,2015-12-29,376.0,Approved
08167500,"Guadalupe Rv nr Spring Branch, TX",DJF2016,2015-16 El Nino,2015-09-27,56.4,Approved
08167500,"Guadalupe Rv nr Spring Branch, TX",DJF2016,2015-16 El Nino,2015-11-27,167.0,Approved
08167500,"Guadalupe Rv nr Spring Branch, TX",DJF2016,2015-16 El Nino,2016-01-07,355.0,Approved
08167500,"Guadalupe Rv nr Spring Branch, TX",DJF2016,2015-16 El Nino,2015-12-02,499.0,Approved
08167500,"Guadalupe Rv nr Spring Branch, TX",DJF2016,2015-16 El Nino,2015-09-14,70.7,Approved
08167500,"Guadalupe Rv nr Spring Branch, TX",DJF2016,2015-16 El Nino,2016-02-08,199.0,Approved
08167500,"Guadalupe Rv nr Spring Branch, TX",DJF2016,2015-16 El Nino,2015-12-05,375.0,Approved
08167500,"Guadalupe Rv nr Spring Branch, TX",DJF2016,2015-16 El Nino,2016-01-06,356.0,Approved
08167500,"Guadalupe Rv nr Spring Branch, TX",DJF2016,2015-16 El Nino,2015-11-01,880.0,Approved
08167500,"Guadalupe Rv nr Spring Branch, TX",DJF2016,2015-16 El Nino,2015-11-29,968.0,Approved
08167500,"Guadalupe Rv nr Spring Branch, TX",DJF2016,2015-16 El Nino,2015-11-14,202.0,Approved
08167500,"Guadalupe Rv nr Spring Branch, TX",DJF2016,2015-16 El Nino,2015-09-13,71.5,Approved
08167500,"Guadalupe Rv nr Spring Branch, TX",DJF2016,2015-16 El Nino,2015-10-30,9690.0,Approved
08167500,"Guadalupe Rv nr Spring Branch, TX",DJF2016,2015-16 El Nino,2015-09-07,76.9,Approved
08167500,"Guadalupe Rv nr Spring Branch, TX",DJF2016,2015-16 El Nino,2016-01-08,348.0,Approved
08167500,"Guadalupe Rv nr Spring Branch, TX",DJF2016,2015-16 El Nino,2015-12-26,305.0,Approved
08167500,"Guadalupe Rv nr Spring Branch, TX",DJF2016,2015-16 El Nino,2015-10-31,2070.0,Approved
08167500,"Guadalupe Rv nr Spring Branch, TX",DJF2016,2015-16 El Nino,2015-11-28,592.0,Approved
08167500,"Guadalupe Rv nr Spring Branch, TX",DJF2016,2015-16 El Nino,2015-09-03,82.2,Approved
08167500,"Guadalupe Rv nr Spring Branch, TX",DJF2016,2015-16 El Nino,2015-12-19,355.0,Approved
08167500,"Guadalupe Rv nr Spring Branch, TX",DJF2016,2015-16 El Nino,2015-12-17,405.0,Approved
08167500,"Guadalupe Rv nr Spring Branch, TX",DJF2016,2015-16 El Nino,2015-12-22,336.0,Approved
08167500,"Guadalupe Rv nr Spring Branch, TX",DJF2016,2015-16 El Nino,2015-11-02,584.0,Approved
08167500,"Guadalupe Rv nr Spring Branch, TX",DJF2016,2015-16 El Nino,2015-09-22,57.9,Approved
08167500,"Guadalupe Rv nr Spring Branch, TX",DJF2016,2015-16 El Nino,2015-09-29,53.3,Approved
08167500,"Guadalupe Rv nr Spring Branch, TX",DJF2016,2015-16 El Nino,2015-11-23,155.0,Approved
08167500,"Guadalupe Rv nr Spring Branch, TX",DJF2016,2015-16 El Nino,2016-01-03,322.0,Approved
08167500,"Guadalupe Rv nr Spring Branch, TX",DJF2016,2015-16 El Nino,2015-11-10,257.0,Approved
08167500,"Guadalupe Rv nr Spring Branch, TX",DJF2016,2015-16 El Nino,2015-11-09,258.0,Approved
08167500,"Guadalupe Rv nr Spring Branch, TX",DJF2016,2015-16 El Nino,2015-11-11,247.0,Approved
08167500,"Guadalupe Rv nr Spring Branch, TX",DJF2016,2015-16 El Nino,2016-01-12,306.0,Approved
08167500,"Guadalupe Rv nr Spring Branch, TX",DJF2016,2015-16 El Nino,2015-09-10,73.7,Approved
08167500,"Guadalupe Rv nr Spring Branch, TX",DJF2016,2015-16 El Nino,2016-02-14,184.0,Approved
08167500,"Guadalupe Rv nr Spring Branch, TX",DJF2016,2015-16 El Nino,2016-01-25,255.0,Approved
08167500,"Guadalupe Rv nr Spring Branch, TX",DJF2016,2015-16 El Nino,2015-11-12,231.0,Approved
08167500,"Guadalupe Rv nr Spring Branch, TX",DJF2016,2015-16 El Nino,2016-01-19,274.0,Approved
08167500,"Guadalupe Rv nr Spring Branch, TX",DJF2016,2015-16 El Nino,2015-10-20,50.9,Approved
08167500,"Guadalupe Rv nr Spring Branch, TX",DJF2016,2015-16 El Nino,2015-11-13,214.0,Approved
08167500,"Guadalupe Rv nr Spring Branch, TX",DJF2016,2015-16 El Nino,2015-09-18,67.1,Approved
08167500,"Guadalupe Rv nr Spring Branch, TX",DJF2016,2015-16 El Nino,2016-02-16,183.0,Approved
08167500,"Guadalupe Rv nr Spring Branch, TX",DJF2016,2015-16 El Nino,2015-12-21,343.0,Approved
08167500,"Guadalupe Rv nr Spring Branch, TX",DJF2016,2015-16 El Nino,2015-11-07,320.0,Approved
08167500,"Guadalupe Rv nr Spring Branch, TX",DJF2016,2015-16 El Nino,2015-09-25,56.7,Approved
08167500,"Guadalupe Rv nr Spring Branch, TX",DJF2016,2015-16 El Nino,2015-09-19,64.9,Approved
08167500,"Guadalupe Rv nr Spring Branch, TX",DJF2016,2015-16 El Nino,2016-01-24,258.0,Approved
08167500,"Guadalupe Rv nr Spring Branch, TX",DJF2016,2015-16 El Nino,2016-02-07,200.0,Approved
08167500,"Guadalupe Rv nr Spring Branch, TX",DJF2016,2015-16 El Nino,2015-09-06,79.7,Approved
08167500,"Guadalupe Rv nr Spring Branch, TX",DJF2016,2015-16 El Nino,2015-12-14,524.0,Approved
08167500,"Guadalupe Rv nr Spring Branch, TX",DJF2016,2015-16 El Nino,2016-02-13,185.0,Approved
08167500,"Guadalupe Rv nr Spring Branch, TX",DJF2016,2015-16 El Nino,2015-10-12,52.5,Approved
08167500,"Guadalupe Rv nr Spring Branch, TX",DJF2016,2015-16 El Nino,2015-10-28,169.0,Approved
08167500,"Guadalupe Rv nr Spring Branch, TX",DJF2016,2015-16 El Nino,2016-02-21,166.0,Approved
08167500,"Guadalupe Rv nr Spring Branch, TX",DJF2016,2015-16 El Nino,2016-02-11,189.0,Approved
08167500,"Guadalupe Rv nr Spring Branch, TX",DJF2016,2015-16 El Nino,2015-10-15,55.0,Approved
08167500,"Guadalupe Rv nr Spring Branch, TX",DJF2016,2015-16 El Nino,2015-11-16,192.0,Approved
08167500,"Guadalupe Rv nr Spring Branch, TX",DJF2016,2015-16 El Nino,2015-09-28,54.9,Approved
08167500,"Guadalupe Rv nr Spring Branch, TX",DJF2016,2015-16 El Nino,2015-12-16,446.0,Approved
08167500,"Guadalupe Rv nr Spring Branch, TX",DJF2016,2015-16 El Nino,2015-11-21,173.0,Approved
08167500,"Guadalupe Rv nr Spring Branch, TX",DJF2016,2015-16 El Nino,2015-11-17,195.0,Approved
08167500,"Guadalupe Rv nr Spring Branch, TX",DJF2016,2015-16 El Nino,2015-09-16,70.4,Approved
08167500,"Guadalupe Rv nr Spring Branch, TX",DJF2016,2015-16 El Nino,2015-11-05,297.0,Approved
08167500,"Guadalupe Rv nr Spring Branch, TX",DJF2016,2015-16 El Nino,2015-12-20,345.0,Approved
08167500,"Guadalupe Rv nr Spring Branch, TX",DJF2016,2015-16 El Nino,2015-11-03,421.0,Approved
08167500,"Guadalupe Rv nr Spring Branch, TX",DJF2016,2015-16 El Nino,2015-09-05,81.1,Approved
08167500,"Guadalupe Rv nr Spring Branch, TX",DJF2016,2015-16 El Nino,2015-11-22,159.0,Approved
08167500,"Guadalupe Rv nr Spring Branch, TX",DJF2016,2015-16 El Nino,2016-01-16,302.0,Approved
08167500,"Guadalupe Rv nr Spring Branch, TX",DJF2016,2015-16 El Nino,2015-10-14,54.0,Approved
08167500,"Guadalupe Rv nr Spring Branch, TX",DJF2016,2015-16 El Nino,2016-02-29,199.0,Approved
08167500,"Guadalupe Rv nr Spring Branch, TX",DJF2016,2015-16 El Nino,2015-10-08,48.8,Approved
08167500,"Guadalupe Rv nr Spring Branch, TX",DJF2016,2015-16 El Nino,2015-10-10,47.2,Approved
08167500,"Guadalupe Rv nr Spring Branch, TX",DJF2016,2015-16 El Nino,2015-12-15,497.0,Approved
08167500,"Guadalupe Rv nr Spring Branch, TX",DJF2016,2015-16 El Nino,2015-10-23,59.3,Approved
08167500,"Guadalupe Rv nr Spring Branch, TX",DJF2016,2015-16 El Nino,2015-10-29,141.0,Approved
08167500,"Guadalupe Rv nr Spring Branch, TX",DJF2016,2015-16 El Nino,2015-10-18,50.6,Approved
08167500,"Guadalupe Rv nr Spring Branch, TX",DJF2016,2015-16 El Nino,2015-12-31,325.0,Approved
08167500,"Guadalupe Rv nr Spring Branch, TX",DJF2016,2015-16 El Nino,2015-12-23,336.0,Approved
08167500,"Guadalupe Rv nr Spring Branch, TX",DJF2016,2015-16 El Nino,2016-01-23,267.0,Approved
08167500,"Guadalupe Rv nr Spring Branch, TX",DJF2016,2015-16 El Nino,2015-09-24,56.7,Approved
08167500,"Guadalupe Rv nr Spring Branch, TX",DJF2016,2015-16 El Nino,2016-01-18,282.0,Approved
08167500,"Guadalupe Rv nr Spring Branch, TX",DJF2016,2015-16 El Nino,2016-01-22,273.0,Approved
08167500,"Guadalupe Rv nr Spring Branch, TX",DJF2016,2015-16 El Nino,2016-02-12,188.0,Approved
08167500,"Guadalupe Rv nr Spring Branch, TX",DJF2016,2015-16 El Nino,2015-10-04,49.2,Approved
08167500,"Guadalupe Rv nr Spring Branch, TX",DJF2016,2015-16 El Nino,2016-02-23,204.0,Approved
08167500,"Guadalupe Rv nr Spring Branch, TX",DJF2016,2015-16 El Nino,2015-12-10,301.0,Approved
08167500,"Guadalupe Rv nr Spring Branch, TX",DJF2016,2015-16 El Nino,2015-12-18,373.0,Approved
08167500,"Guadalupe Rv nr Spring Branch, TX",DJF2016,2015-16 El Nino,2015-09-04,82.4,Approved
08167500,"Guadalupe Rv nr Spring Branch, TX",DJF2016,2015-16 El Nino,2015-10-17,52.6,Approved
08167500,"Guadalupe Rv nr Spring Branch, TX",DJF2016,2015-16 El Nino,2016-02-01,234.0,Approved
08167500,"Guadalupe Rv nr Spring Branch, TX",DJF2016,2015-16 El Nino,2015-12-08,321.0,Approved
08167500,"Guadalupe Rv nr Spring Branch, TX",DJF2016,2015-16 El Nino,2015-10-25,551.0,Approved
08167500,"Guadalupe Rv nr Spring Branch, TX",DJF2016,2015-16 El Nino,2015-10-26,256.0,Approved
08167500,"Guadalupe Rv nr Spring Branch, TX",DJF2016,2015-16 El Nino,2016-02-19,166.0,Approved
08167500,"Guadalupe Rv nr Spring Branch, TX",DJF2016,2015-16 El Nino,2015-09-15,71.6,Approved
08167500,"Guadalupe Rv nr Spring Branch, TX",DJF2016,2015-16 El Nino,2016-01-05,363.0,Approved
08167500,"Guadalupe Rv nr Spring Branch, TX",DJF2016,2015-16 El Nino,2016-01-04,355.0,Approved
08167500,"Guadalupe Rv nr Spring Branch, TX",DJF2016,2015-16 El Nino,2015-11-25,156.0,Approved
08167500,"Guadalupe Rv nr Spring Branch, TX",DJF2016,2015-16 El Nino,2016-01-29,239.0,Approved
08167500,"Guadalupe Rv nr Spring Branch, TX",DJF2016,2015-16 El Nino,2015-10-27,214.0,Approved
08167500,"Guadalupe Rv nr Spring Branch, TX",DJF2016,2015-16 El Nino,2015-12-06,349.0,Approved
08167500,"Guadalupe Rv nr Spring Branch, TX",DJF2016,2015-16 El Nino,2016-01-13,302.0,Approved
08167500,"Guadalupe Rv nr Spring Branch, TX",DJF2016,2015-16 El Nino,2016-01-02,307.0,Approved
08167500,"Guadalupe Rv nr Spring Branch, TX",DJF2016,2015-16 El Nino,2015-12-13,427.0,Approved
08167500,"Guadalupe Rv nr Spring Branch, TX",DJF2016,2015-16 El Nino,2015-09-09,72.8,Approved
08167500,"Guadalupe Rv nr Spring Branch, TX",DJF2016,2015-16 El Nino,2015-12-30,353.0,Approved
08167500,"Guadalupe Rv nr Spring Branch, TX",DJF2016,2015-16 El Nino,2016-01-28,238.0,Approved
08167500,"Guadalupe Rv nr Spring Branch, TX",DJF2016,2015-16 El Nino,2015-09-08,74.6,Approved
08167500,"Guadalupe Rv nr Spring Branch, TX",DJF2016,2015-16 El Nino,2016-01-14,302.0,Approved
08167500,"Guadalupe Rv nr Spring Branch, TX",DJF2016,2015-16 El Nino,2016-01-30,240.0,Approved
08167500,"Guadalupe Rv nr Spring Branch, TX",DJF2016,2015-16 El Nino,2015-10-03,49.7,Approved
08167500,"Guadalupe Rv nr Spring Branch, TX",DJF2016,2015-16 El Nino,2015-10-02,50.9,Approved
08167500,"Guadalupe Rv nr Spring Branch, TX",DJF2016,2015-16 El Nino,2015-10-22,53.5,Approved
08167500,"Guadalupe Rv nr Spring Branch, TX",DJF2016,2015-16 El Nino,2016-02-05,205.0,Approved
08167500,"Guadalupe Rv nr Spring Branch, TX",DJF2016,2015-16 El Nino,2016-01-27,245.0,Approved
08167500,"Guadalupe Rv nr Spring Branch, TX",DJF2016,2015-16 El Nino,2016-01-21,276.0,Approved
08167500,"Guadalupe Rv nr Spring Branch, TX",DJF2016,2015-16 El Nino,2015-09-01,82.7,Approved
08167500,"Guadalupe Rv nr Spring Branch, TX",DJF2016,2015-16 El Nino,2016-01-09,335.0,Approved
08167500,"Guadalupe Rv nr Spring Branch, TX",DJF2016,2015-16 El Nino,2015-12-03,438.0,Approved
08167500,"Guadalupe Rv nr Spring Branch, TX",DJF2016,2015-16 El Nino,2016-01-26,253.0,Approved
08167500,"Guadalupe Rv nr Spring Branch, TX",DJF2016,2015-16 El Nino,2015-11-04,340.0,Approved
08167500,"Guadalupe Rv nr Spring Branch, TX",DJF2016,2015-16 El Nino,2015-10-07,49.2,Approved
08167500,"Guadalupe Rv nr Spring Branch, TX",DJF2016,2015-16 El Nino,2015-12-04,403.0,Approved
08167500,"Guadalupe Rv nr Spring Branch, TX",DJF2016,2015-16 El Nino,2015-12-28,335.0,Approved
08167500,"Guadalupe Rv nr Spring Branch, TX",DJF2016,2015-16 El Nino,2015-11-26,156.0,Approved
08167500,"Guadalupe Rv nr Spring Branch, TX",DJF2024,2023-24 El Nino,2023-12-16,8.18,Approved
08167500,"Guadalupe Rv nr Spring Branch, TX",DJF2024,2023-24 El Nino,2023-11-12,3.2,Approved
08167500,"Guadalupe Rv nr Spring Branch, TX",DJF2024,2023-24 El Nino,2023-12-09,5.37,Approved
08167500,"Guadalupe Rv nr Spring Branch, TX",DJF2024,2023-24 El Nino,2023-10-21,0.0,Approved
08167500,"Guadalupe Rv nr Spring Branch, TX",DJF2024,2023-24 El Nino,2024-02-20,29.2,Approved
08167500,"Guadalupe Rv nr Spring Branch, TX",DJF2024,2023-24 El Nino,2024-02-06,26.2,Approved
08167500,"Guadalupe Rv nr Spring Branch, TX",DJF2024,2023-24 El Nino,2023-09-24,0.0,Approved
08167500,"Guadalupe Rv nr Spring Branch, TX",DJF2024,2023-24 El Nino,2023-12-25,14.7,Approved
08167500,"Guadalupe Rv nr Spring Branch, TX",DJF2024,2023-24 El Nino,2024-02-19,30.6,Approved
08167500,"Guadalupe Rv nr Spring Branch, TX",DJF2024,2023-24 El Nino,2024-02-18,32.4,Approved
08167500,"Guadalupe Rv nr Spring Branch, TX",DJF2024,2023-24 El Nino,2023-10-11,0.0,Approved
08167500,"Guadalupe Rv nr Spring Branch, TX",DJF2024,2023-24 El Nino,2024-01-12,25.1,Approved
08167500,"Guadalupe Rv nr Spring Branch, TX",DJF2024,2023-24 El Nino,2023-12-12,4.8,Approved
08167500,"Guadalupe Rv nr Spring Branch, TX",DJF2024,2023-24 El Nino,2023-10-06,0.0,Approved
08167500,"Guadalupe Rv nr Spring Branch, TX",DJF2024,2023-24 El Nino,2024-01-28,34.1,Approved
08167500,"Guadalupe Rv nr Spring Branch, TX",DJF2024,2023-24 El Nino,2023-10-09,0.0,Approved
08167500,"Guadalupe Rv nr Spring Branch, TX",DJF2024,2023-24 El Nino,2023-09-30,0.0,Approved
08167500,"Guadalupe Rv nr Spring Branch, TX",DJF2024,2023-24 El Nino,2024-02-04,28.2,Approved
08167500,"Guadalupe Rv nr Spring Branch, TX",DJF2024,2023-24 El Nino,2023-09-04,0.0,Approved
08167500,"Guadalupe Rv nr Spring Branch, TX",DJF2024,2023-24 El Nino,2024-01-30,31.2,Approved
08167500,"Guadalupe Rv nr Spring Branch, TX",DJF2024,2023-24 El Nino,2023-12-03,5.4,Approved
08167500,"Guadalupe Rv nr Spring Branch, TX",DJF2024,2023-24 El Nino,2023-12-23,11.7,Approved
08167500,"Guadalupe Rv nr Spring Branch, TX",DJF2024,2023-24 El Nino,2024-01-07,30.2,Approved
08167500,"Guadalupe Rv nr Spring Branch, TX",DJF2024,2023-24 El Nino,2024-01-27,39.4,Approved
08167500,"Guadalupe Rv nr Spring Branch, TX",DJF2024,2023-24 El Nino,2024-01-11,23.7,Approved
08167500,"Guadalupe Rv nr Spring Branch, TX",DJF2024,2023-24 El Nino,2023-10-28,0.0,Approved
08167500,"Guadalupe Rv nr Spring Branch, TX",DJF2024,2023-24 El Nino,2024-02-09,24.1,Approved
08167500,"Guadalupe Rv nr Spring Branch, TX",DJF2024,2023-24 El Nino,2023-10-07,0.0,Approved
08167500,"Guadalupe Rv nr Spring Branch, TX",DJF2024,2023-24 El Nino,2023-11-27,5.23,Approved
08167500,"Guadalupe Rv nr Spring Branch, TX",DJF2024,2023-24 El Nino,2023-09-26,0.0,Approved
08167500,"Guadalupe Rv nr Spring Branch, TX",DJF2024,2023-24 El Nino,2023-12-13,5.81,Approved
08167500,"Guadalupe Rv nr Spring Branch, TX",DJF2024,2023-24 El Nino,2023-12-29,25.7,Approved
08167500,"Guadalupe Rv nr Spring Branch, TX",DJF2024,2023-24 El Nino,2023-09-28,0.0,Approved
08167500,"Guadalupe Rv nr Spring Branch, TX",DJF2024,2023-24 El Nino,2024-02-17,35.7,Approved
08167500,"Guadalupe Rv nr Spring Branch, TX",DJF2024,2023-24 El Nino,2024-02-27,19.5,Approved
08167500,"Guadalupe Rv nr Spring Branch, TX",DJF2024,2023-24 El Nino,2024-01-18,21.7,Approved
08167500,"Guadalupe Rv nr Spring Branch, TX",DJF2024,2023-24 El Nino,2023-10-15,0.0,Approved
08167500,"Guadalupe Rv nr Spring Branch, TX",DJF2024,2023-24 El Nino,2024-02-03,27.8,Approved
08167500,"Guadalupe Rv nr Spring Branch, TX",DJF2024,2023-24 El Nino,2023-09-07,0.0,Approved
08167500,"Guadalupe Rv nr Spring Branch, TX",DJF2024,2023-24 El Nino,2024-02-07,26.6,Approved
08167500,"Guadalupe Rv nr Spring Branch, TX",DJF2024,2023-24 El Nino,2023-09-18,0.0,Approved
08167500,"Guadalupe Rv nr Spring Branch, TX",DJF2024,2023-24 El Nino,2023-11-26,6.89,Approved
08167500,"Guadalupe Rv nr Spring Branch, TX",DJF2024,2023-24 El Nino,2023-09-08,0.0,Approved
08167500,"Guadalupe Rv nr Spring Branch, TX",DJF2024,2023-24 El Nino,2023-09-19,0.0,Approved
08167500,"Guadalupe Rv nr Spring Branch, TX",DJF2024,2023-24 El Nino,2024-02-28,18.3,Approved
08167500,"Guadalupe Rv nr Spring Branch, TX",DJF2024,2023-24 El Nino,2024-02-21,27.7,Approved
08167500,"Guadalupe Rv nr Spring Branch, TX",DJF2024,2023-24 El Nino,2023-12-18,8.81,Approved
08167500,"Guadalupe Rv nr Spring Branch, TX",DJF2024,2023-24 El Nino,2023-10-25,0.0,Approved
08167500,"Guadalupe Rv nr Spring Branch, TX",DJF2024,2023-24 El Nino,2023-09-11,0.0,Approved
08167500,"Guadalupe Rv nr Spring Branch, TX",DJF2024,2023-24 El Nino,2023-11-09,0.0,Approved
08167500,"Guadalupe Rv nr Spring Branch, TX",DJF2024,2023-24 El Nino,2023-11-30,5.32,Approved
08167500,"Guadalupe Rv nr Spring Branch, TX",DJF2024,2023-24 El Nino,2023-11-16,3.16,Approved
08167500,"Guadalupe Rv nr Spring Branch, TX",DJF2024,2023-24 El Nino,2023-09-16,0.0,Approved
08167500,"Guadalupe Rv nr Spring Branch, TX",DJF2024,2023-24 El Nino,2024-01-05,22.4,Approved
08167500,"Guadalupe Rv nr Spring Branch, TX",DJF2024,2023-24 El Nino,2023-12-17,7.78,Approved
08167500,"Guadalupe Rv nr Spring Branch, TX",DJF2024,2023-24 El Nino,2024-01-20,20.7,Approved
08167500,"Guadalupe Rv nr Spring Branch, TX",DJF2024,2023-24 El Nino,2023-09-10,0.0,Approved
08167500,"Guadalupe Rv nr Spring Branch, TX",DJF2024,2023-24 El Nino,2024-01-21,19.9,Approved
08167500,"Guadalupe Rv nr Spring Branch, TX",DJF2024,2023-24 El Nino,2024-02-05,27.2,Approved
08167500,"Guadalupe Rv nr Spring Branch, TX",DJF2024,2023-24 El Nino,2024-01-24,59.3,Approved
08167500,"Guadalupe Rv nr Spring Branch, TX",DJF2024,2023-24 El Nino,2023-12-02,5.84,Approved
08167500,"Guadalupe Rv nr Spring Branch, TX",DJF2024,2023-24 El Nino,2023-09-12,0.0,Approved
08167500,"Guadalupe Rv nr Spring Branch, TX",DJF2024,2023-24 El Nino,2023-11-25,6.75,Approved
08167500,"Guadalupe Rv nr Spring Branch, TX",DJF2024,2023-24 El Nino,2023-12-07,4.83,Approved
08167500,"Guadalupe Rv nr Spring Branch, TX",DJF2024,2023-24 El Nino,2024-02-10,31.0,Approved
08167500,"Guadalupe Rv nr Spring Branch, TX",DJF2024,2023-24 El Nino,2023-12-08,4.97,Approved
08167500,"Guadalupe Rv nr Spring Branch, TX",DJF2024,2023-24 El Nino,2023-10-05,0.0,Approved
08167500,"Guadalupe Rv nr Spring Branch, TX",DJF2024,2023-24 El Nino,2023-11-01,0.0,Approved
08167500,"Guadalupe Rv nr Spring Branch, TX",DJF2024,2023-24 El Nino,2023-10-02,0.0,Approved
08167500,"Guadalupe Rv nr Spring Branch, TX",DJF2024,2023-24 El Nino,2023-10-18,0.0,Approved
08167500,"Guadalupe Rv nr Spring Branch, TX",DJF2024,2023-24 El Nino,2023-11-11,3.49,Approved
08167500,"Guadalupe Rv nr Spring Branch, TX",DJF2024,2023-24 El Nino,2023-09-29,0.0,Approved
08167500,"Guadalupe Rv nr Spring Branch, TX",DJF2024,2023-24 El Nino,2023-10-08,0.0,Approved
08167500,"Guadalupe Rv nr Spring Branch, TX",DJF2024,2023-24 El Nino,2023-11-29,4.5,Approved
08167500,"Guadalupe Rv nr Spring Branch, TX",DJF2024,2023-24 El Nino,2023-11-19,8.67,Approved
08167500,"Guadalupe Rv nr Spring Branch, TX",DJF2024,2023-24 El Nino,2023-09-01,0.0,Approved
08167500,"Guadalupe Rv nr Spring Branch, TX",DJF2024,2023-24 El Nino,2023-11-13,1.23,Approved
08167500,"Guadalupe Rv nr Spring Branch, TX",DJF2024,2023-24 El Nino,2023-10-30,0.0,Approved
08167500,"Guadalupe Rv nr Spring Branch, TX",DJF2024,2023-24 El Nino,2023-12-20,11.4,Approved
08167500,"Guadalupe Rv nr Spring Branch, TX",DJF2024,2023-24 El Nino,2023-11-05,0.0,Approved
08167500,"Guadalupe Rv nr Spring Branch, TX",DJF2024,2023-24 El Nino,2023-11-04,0.0,Approved
08167500,"Guadalupe Rv nr Spring Branch, TX",DJF2024,2023-24 El Nino,2023-09-23,0.0,Approved
08167500,"Guadalupe Rv nr Spring Branch, TX",DJF2024,2023-24 El Nino,2023-11-24,4.73,Approved
08167500,"Guadalupe Rv nr Spring Branch, TX",DJF2024,2023-24 El Nino,2023-11-10,0.31,Approved
08167500,"Guadalupe Rv nr Spring Branch, TX",DJF2024,2023-24 El Nino,2024-02-24,20.2,Approved
08167500,"Guadalupe Rv nr Spring Branch, TX",DJF2024,2023-24 El Nino,2024-02-02,26.1,Approved
08167500,"Guadalupe Rv nr Spring Branch, TX",DJF2024,2023-24 El Nino,2023-10-13,0.0,Approved
08167500,"Guadalupe Rv nr Spring Branch, TX",DJF2024,2023-24 El Nino,2023-11-14,0.83,Approved
08167500,"Guadalupe Rv nr Spring Branch, TX",DJF2024,2023-24 El Nino,2023-09-09,0.0,Approved
08167500,"Guadalupe Rv nr Spring Branch, TX",DJF2024,2023-24 El Nino,2024-01-15,26.7,Approved
08167500,"Guadalupe Rv nr Spring Branch, TX",DJF2024,2023-24 El Nino,2023-11-15,2.25,Approved
08167500,"Guadalupe Rv nr Spring Branch, TX",DJF2024,2023-24 El Nino,2023-09-27,0.0,Approved
08167500,"Guadalupe Rv nr Spring Branch, TX",DJF2024,2023-24 El Nino,2023-12-14,6.73,Approved
08167500,"Guadalupe Rv nr Spring Branch, TX",DJF2024,2023-24 El Nino,2023-12-11,4.5,Approved
08167500,"Guadalupe Rv nr Spring Branch, TX",DJF2024,2023-24 El Nino,2024-01-26,51.8,Approved
08167500,"Guadalupe Rv nr Spring Branch, TX",DJF2024,2023-24 El Nino,2023-09-02,0.0,Approved
08167500,"Guadalupe Rv nr Spring Branch, TX",DJF2024,2023-24 El Nino,2023-11-02,0.0,Approved
08167500,"Guadalupe Rv nr Spring Branch, TX",DJF2024,2023-24 El Nino,2023-11-22,5.94,Approved
08167500,"Guadalupe Rv nr Spring Branch, TX",DJF2024,2023-24 El Nino,2023-12-06,5.1,Approved
08167500,"Guadalupe Rv nr Spring Branch, TX",DJF2024,2023-24 El Nino,2023-09-22,0.0,Approved
08167500,"Guadalupe Rv nr Spring Branch, TX",DJF2024,2023-24 El Nino,2023-11-18,8.99,Approved
08167500,"Guadalupe Rv nr Spring Branch, TX",DJF2024,2023-24 El Nino,2023-11-17,6.27,Approved
08167500,"Guadalupe Rv nr Spring Branch, TX",DJF2024,2023-24 El Nino,2024-01-25,80.0,Approved
08167500,"Guadalupe Rv nr Spring Branch, TX",DJF2024,2023-24 El Nino,2024-02-13,96.0,Approved
08167500,"Guadalupe Rv nr Spring Branch, TX",DJF2024,2023-24 El Nino,2023-09-17,0.0,Approved
08167500,"Guadalupe Rv nr Spring Branch, TX",DJF2024,2023-24 El Nino,2024-01-02,22.0,Approved
08167500,"Guadalupe Rv nr Spring Branch, TX",DJF2024,2023-24 El Nino,2023-09-03,0.0,Approved
08167500,"Guadalupe Rv nr Spring Branch, TX",DJF2024,2023-24 El Nino,2024-02-08,26.6,Approved
08167500,"Guadalupe Rv nr Spring Branch, TX",DJF2024,2023-24 El Nino,2024-02-26,18.9,Approved
08167500,"Guadalupe Rv nr Spring Branch, TX",DJF2024,2023-24 El Nino,2023-10-24,0.0,Approved
08167500,"Guadalupe Rv nr Spring Branch, TX",DJF2024,2023-24 El Nino,2023-09-05,0.0,Approved
08167500,"Guadalupe Rv nr Spring Branch, TX",DJF2024,2023-24 El Nino,2023-10-22,0.0,Approved
08167500,"Guadalupe Rv nr Spring Branch, TX",DJF2024,2023-24 El Nino,2024-01-14,23.0,Approved
08167500,"Guadalupe Rv nr Spring Branch, TX",DJF2024,2023-24 El Nino,2023-09-21,0.0,Approved
08167500,"Guadalupe Rv nr Spring Branch, TX",DJF2024,2023-24 El Nino,2024-02-25,18.9,Approved
08167500,"Guadalupe Rv nr Spring Branch, TX",DJF2024,2023-24 El Nino,2023-12-28,32.9,Approved
08167500,"Guadalupe Rv nr Spring Branch, TX",DJF2024,2023-24 El Nino,2023-09-14,0.0,Approved
08167500,"Guadalupe Rv nr Spring Branch, TX",DJF2024,2023-24 El Nino,2023-10-16,0.0,Approved
08167500,"Guadalupe Rv nr Spring Branch, TX",DJF2024,2023-24 El Nino,2023-09-20,0.0,Approved
08167500,"Guadalupe Rv nr Spring Branch, TX",DJF2024,2023-24 El Nino,2023-12-15,7.92,Approved
08167500,"Guadalupe Rv nr Spring Branch, TX",DJF2024,2023-24 El Nino,2023-10-17,0.0,Approved
08167500,"Guadalupe Rv nr Spring Branch, TX",DJF2024,2023-24 El Nino,2024-02-29,17.0,Approved
08167500,"Guadalupe Rv nr Spring Branch, TX",DJF2024,2023-24 El Nino,2024-01-04,23.0,Approved
08167500,"Guadalupe Rv nr Spring Branch, TX",DJF2024,2023-24 El Nino,2024-01-19,22.1,Approved
08167500,"Guadalupe Rv nr Spring Branch, TX",DJF2024,2023-24 El Nino,2023-11-08,0.0,Approved
08167500,"Guadalupe Rv nr Spring Branch, TX",DJF2024,2023-24 El Nino,2023-11-28,4.06,Approved
08167500,"Guadalupe Rv nr Spring Branch, TX",DJF2024,2023-24 El Nino,2023-12-24,12.4,Approved
08167500,"Guadalupe Rv nr Spring Branch, TX",DJF2024,2023-24 El Nino,2023-10-19,0.0,Approved
08167500,"Guadalupe Rv nr Spring Branch, TX",DJF2024,2023-24 El Nino,2024-02-01,27.4,Approved
08167500,"Guadalupe Rv nr Spring Branch, TX",DJF2024,2023-24 El Nino,2023-12-21,11.3,Approved
08167500,"Guadalupe Rv nr Spring Branch, TX",DJF2024,2023-24 El Nino,2023-11-03,0.0,Approved
08167500,"Guadalupe Rv nr Spring Branch, TX",DJF2024,2023-24 El Nino,2023-09-25,0.0,Approved
08167500,"Guadalupe Rv nr Spring Branch, TX",DJF2024,2023-24 El Nino,2023-12-31,22.5,Approved
08167500,"Guadalupe Rv nr Spring Branch, TX",DJF2024,2023-24 El Nino,2024-02-16,40.9,Approved
08167500,"Guadalupe Rv nr Spring Branch, TX",DJF2024,2023-24 El Nino,2024-02-12,35.9,Approved
08167500,"Guadalupe Rv nr Spring Branch, TX",DJF2024,2023-24 El Nino,2024-01-08,30.7,Approved
08167500,"Guadalupe Rv nr Spring Branch, TX",DJF2024,2023-24 El Nino,2023-09-13,0.0,Approved
08167500,"Guadalupe Rv nr Spring Branch, TX",DJF2024,2023-24 El Nino,2023-11-07,0.0,Approved
08167500,"Guadalupe Rv nr Spring Branch, TX",DJF2024,2023-24 El Nino,2023-10-03,0.0,Approved
08167500,"Guadalupe Rv nr Spring Branch, TX",DJF2024,2023-24 El Nino,2023-10-04,0.0,Approved
08167500,"Guadalupe Rv nr Spring Branch, TX",DJF2024,2023-24 El Nino,2024-01-01,20.9,Approved
08167500,"Guadalupe Rv nr Spring Branch, TX",DJF2024,2023-24 El Nino,2023-09-15,0.0,Approved
08167500,"Guadalupe Rv nr Spring Branch, TX",DJF2024,2023-24 El Nino,2023-12-10,5.0,Approved
08167500,"Guadalupe Rv nr Spring Branch, TX",DJF2024,2023-24 El Nino,2023-10-20,0.0,Approved
08167500,"Guadalupe Rv nr Spring Branch, TX",DJF2024,2023-24 El Nino,2024-01-06,31.2,Approved
08167500,"Guadalupe Rv nr Spring Branch, TX",DJF2024,2023-24 El Nino,2023-10-01,0.0,Approved
08167500,"Guadalupe Rv nr Spring Branch, TX",DJF2024,2023-24 El Nino,2024-01-09,28.3,Approved
08167500,"Guadalupe Rv nr Spring Branch, TX",DJF2024,2023-24 El Nino,2023-11-06,0.0,Approved
08167500,"Guadalupe Rv nr Spring Branch, TX",DJF2024,2023-24 El Nino,2023-09-06,0.0,Approved
08167500,"Guadalupe Rv nr Spring Branch, TX",DJF2024,2023-24 El Nino,2024-01-03,25.5,Approved
08167500,"Guadalupe Rv nr Spring Branch, TX",DJF2024,2023-24 El Nino,2024-01-10,24.7,Approved
08167500,"Guadalupe Rv nr Spring Branch, TX",DJF2024,2023-24 El Nino,2024-02-11,48.6,Approved
08167500,"Guadalupe Rv nr Spring Branch, TX",DJF2024,2023-24 El Nino,2023-10-10,0.0,Approved
08167500,"Guadalupe Rv nr Spring Branch, TX",DJF2024,2023-24 El Nino,2024-01-23,33.4,Approved
08167500,"Guadalupe Rv nr Spring Branch, TX",DJF2024,2023-24 El Nino,2024-02-22,25.4,Approved
08167500,"Guadalupe Rv nr Spring Branch, TX",DJF2024,2023-24 El Nino,2023-10-31,0.0,Approved
08167500,"Guadalupe Rv nr Spring Branch, TX",DJF2024,2023-24 El Nino,2023-12-04,4.9,Approved
08167500,"Guadalupe Rv nr Spring Branch, TX",DJF2024,2023-24 El Nino,2023-10-23,0.0,Approved
08167500,"Guadalupe Rv nr Spring Branch, TX",DJF2024,2023-24 El Nino,2023-11-21,8.21,Approved
08167500,"Guadalupe Rv nr Spring Branch, TX",DJF2024,2023-24 El Nino,2023-10-29,0.0,Approved
08167500,"Guadalupe Rv nr Spring Branch, TX",DJF2024,2023-24 El Nino,2023-12-22,10.6,Approved
08167500,"Guadalupe Rv nr Spring Branch, TX",DJF2024,2023-24 El Nino,2024-01-29,32.3,Approved
08167500,"Guadalupe Rv nr Spring Branch, TX",DJF2024,2023-24 El Nino,2024-02-15,49.3,Approved
08167500,"Guadalupe Rv nr Spring Branch, TX",DJF2024,2023-24 El Nino,2023-10-14,0.0,Approved
08167500,"Guadalupe Rv nr Spring Branch, TX",DJF2024,2023-24 El Nino,2023-12-30,22.9,Approved
08167500,"Guadalupe Rv nr Spring Branch, TX",DJF2024,2023-24 El Nino,2023-12-05,4.95,Approved
08167500,"Guadalupe Rv nr Spring Branch, TX",DJF2024,2023-24 El Nino,2023-12-19,9.83,Approved
08167500,"Guadalupe Rv nr Spring Branch, TX",DJF2024,2023-24 El Nino,2024-01-16,26.8,Approved
08167500,"Guadalupe Rv nr Spring Branch, TX",DJF2024,2023-24 El Nino,2023-11-23,4.33,Approved
08167500,"Guadalupe Rv nr Spring Branch, TX",DJF2024,2023-24 El Nino,2023-10-27,0.0,Approved
08167500,"Guadalupe Rv nr Spring Branch, TX",DJF2024,2023-24 El Nino,2024-02-23,22.8,Approved
08167500,"Guadalupe Rv nr Spring Branch, TX",DJF2024,2023-24 El Nino,2024-01-13,24.2,Approved
08167500,"Guadalupe Rv nr Spring Branch, TX",DJF2024,2023-24 El Nino,2024-01-22,44.4,Approved
08167500,"Guadalupe Rv nr Spring Branch, TX",DJF2024,2023-24 El Nino,2023-11-20,9.81,Approved
08167500,"Guadalupe Rv nr Spring Branch, TX",DJF2024,2023-24 El Nino,2023-12-26,17.5,Approved
08167500,"Guadalupe Rv nr Spring Branch, TX",DJF2024,2023-24 El Nino,2023-12-27,26.6,Approved
08167500,"Guadalupe Rv nr Spring Branch, TX",DJF2024,2023-24 El Nino,2023-12-01,6.01,Approved
08167500,"Guadalupe Rv nr Spring Branch, TX",DJF2024,2023-24 El Nino,2023-10-12,0.0,Approved
08167500,"Guadalupe Rv nr Spring Branch, TX",DJF2024,2023-24 El Nino,2024-01-17,22.5,Approved
08167500,"Guadalupe Rv nr Spring Branch, TX",DJF2024,2023-24 El Nino,2024-02-14,64.7,Approved
08167500,"Guadalupe Rv nr Spring Branch, TX",DJF2024,2023-24 El Nino,2024-01-31,29.8,Approved
08167500,"Guadalupe Rv nr Spring Branch, TX",DJF2024,2023-24 El Nino,2023-10-26,0.0,Approved
08158000,"Colorado Rv at Austin, TX",DJF1900,1899-1900 El Nino,1899-11-15,425.0,Approved
08158000,"Colorado Rv at Austin, TX",DJF1900,1899-1900 El Nino,1899-11-23,7020.0,Approved
08158000,"Colorado Rv at Austin, TX",DJF1900,1899-1900 El Nino,1900-01-12,1190.0,Approved
08158000,"Colorado Rv at Austin, TX",DJF1900,1899-1900 El Nino,1900-02-16,670.0,Approved
08158000,"Colorado Rv at Austin, TX",DJF1900,1899-1900 El Nino,1899-09-14,332.0,Approved
08158000,"Colorado Rv at Austin, TX",DJF1900,1899-1900 El Nino,1899-09-20,315.0,Approved
08158000,"Colorado Rv at Austin, TX",DJF1900,1899-1900 El Nino,1900-02-23,590.0,Approved
08158000,"Colorado Rv at Austin, TX",DJF1900,1899-1900 El Nino,1900-01-10,1380.0,Approved
08158000,"Colorado Rv at Austin, TX",DJF1900,1899-1900 El Nino,1899-09-21,300.0,Approved
08158000,"Colorado Rv at Austin, TX",DJF1900,1899-1900 El Nino,1899-11-17,385.0,Approved
08158000,"Colorado Rv at Austin, TX",DJF1900,1899-1900 El Nino,1900-02-22,525.0,Approved
08158000,"Colorado Rv at Austin, TX",DJF1900,1899-1900 El Nino,1900-02-28,880.0,Approved
08158000,"Colorado Rv at Austin, TX",DJF1900,1899-1900 El Nino,1899-09-07,350.0,Approved
08158000,"Colorado Rv at Austin, TX",DJF1900,1899-1900 El Nino,1899-10-21,215.0,Approved
08158000,"Colorado Rv at Austin, TX",DJF1900,1899-1900 El Nino,1899-10-30,2300.0,Approved
08158000,"Colorado Rv at Austin, TX",DJF1900,1899-1900 El Nino,1899-11-04,765.0,Approved
08158000,"Colorado Rv at Austin, TX",DJF1900,1899-1900 El Nino,1900-01-27,1380.0,Approved
08158000,"Colorado Rv at Austin, TX",DJF1900,1899-1900 El Nino,1899-10-26,368.0,Approved
08158000,"Colorado Rv at Austin, TX",DJF1900,1899-1900 El Nino,1899-10-17,205.0,Approved
08158000,"Colorado Rv at Austin, TX",DJF1900,1899-1900 El Nino,1899-11-25,2500.0,Approved
08158000,"Colorado Rv at Austin, TX",DJF1900,1899-1900 El Nino,1899-12-04,880.0,Approved
08158000,"Colorado Rv at Austin, TX",DJF1900,1899-1900 El Nino,1899-10-02,248.0,Approved
08158000,"Colorado Rv at Austin, TX",DJF1900,1899-1900 El Nino,1900-01-30,1840.0,Approved
08158000,"Colorado Rv at Austin, TX",DJF1900,1899-1900 El Nino,1899-11-12,448.0,Approved
08158000,"Colorado Rv at Austin, TX",DJF1900,1899-1900 El Nino,1899-10-20,225.0,Approved
08158000,"Colorado Rv at Austin, TX",DJF1900,1899-1900 El Nino,1900-02-10,880.0,Approved
08158000,"Colorado Rv at Austin, TX",DJF1900,1899-1900 El Nino,1899-12-17,2200.0,Approved
08158000,"Colorado Rv at Austin, TX",DJF1900,1899-1900 El Nino,1899-11-10,498.0,Approved
08158000,"Colorado Rv at Austin, TX",DJF1900,1899-1900 El Nino,1900-01-31,1380.0,Approved
08158000,"Colorado Rv at Austin, TX",DJF1900,1899-1900 El Nino,1899-11-26,1720.0,Approved
08158000,"Colorado Rv at Austin, TX",DJF1900,1899-1900 El Nino,1899-09-05,368.0,Approved
08158000,"Colorado Rv at Austin, TX",DJF1900,1899-1900 El Nino,1899-12-11,14000.0,Approved
08158000,"Colorado Rv at Austin, TX",DJF1900,1899-1900 El Nino,1900-02-11,765.0,Approved
08158000,"Colorado Rv at Austin, TX",DJF1900,1899-1900 El Nino,1900-01-06,1190.0,Approved
08158000,"Colorado Rv at Austin, TX",DJF1900,1899-1900 El Nino,1899-09-25,260.0,Approved
08158000,"Colorado Rv at Austin, TX",DJF1900,1899-1900 El Nino,1899-09-01,368.0,Approved
08158000,"Colorado Rv at Austin, TX",DJF1900,1899-1900 El Nino,1900-01-07,1380.0,Approved
08158000,"Colorado Rv at Austin, TX",DJF1900,1899-1900 El Nino,1900-01-11,1380.0,Approved
08158000,"Colorado Rv at Austin, TX",DJF1900,1899-1900 El Nino,1900-02-08,1020.0,Approved
08158000,"Colorado Rv at Austin, TX",DJF1900,1899-1900 El Nino,1899-10-16,215.0,Approved
08158000,"Colorado Rv at Austin, TX",DJF1900,1899-1900 El Nino,1899-10-31,2700.0,Approved
08158000,"Colorado Rv at Austin, TX",DJF1900,1899-1900 El Nino,1899-11-09,525.0,Approved
08158000,"Colorado Rv at Austin, TX",DJF1900,1899-1900 El Nino,1899-12-21,2000.0,Approved
08158000,"Colorado Rv at Austin, TX",DJF1900,1899-1900 El Nino,1899-12-02,1380.0,Approved
08158000,"Colorado Rv at Austin, TX",DJF1900,1899-1900 El Nino,1899-09-04,368.0,Approved
08158000,"Colorado Rv at Austin, TX",DJF1900,1899-1900 El Nino,1899-11-19,498.0,Approved
08158000,"Colorado Rv at Austin, TX",DJF1900,1899-1900 El Nino,1899-09-22,300.0,Approved
08158000,"Colorado Rv at Austin, TX",DJF1900,1899-1900 El Nino,1899-09-26,272.0,Approved
08158000,"Colorado Rv at Austin, TX",DJF1900,1899-1900 El Nino,1900-02-02,1380.0,Approved
08158000,"Colorado Rv at Austin, TX",DJF1900,1899-1900 El Nino,1900-01-24,1190.0,Approved
08158000,"Colorado Rv at Austin, TX",DJF1900,1899-1900 El Nino,1899-09-19,315.0,Approved
08158000,"Colorado Rv at Austin, TX",DJF1900,1899-1900 El Nino,1899-12-26,2600.0,Approved
08158000,"Colorado Rv at Austin, TX",DJF1900,1899-1900 El Nino,1899-12-31,1380.0,Approved
08158000,"Colorado Rv at Austin, TX",DJF1900,1899-1900 El Nino,1899-09-12,332.0,Approved
08158000,"Colorado Rv at Austin, TX",DJF1900,1899-1900 El Nino,1899-11-21,9820.0,Approved
08158000,"Colorado Rv at Austin, TX",DJF1900,1899-1900 El Nino,1899-09-02,368.0,Approved
08158000,"Colorado Rv at Austin, TX",DJF1900,1899-1900 El Nino,1899-09-09,350.0,Approved
08158000,"Colorado Rv at Austin, TX",DJF1900,1899-1900 El Nino,1900-01-17,2100.0,Approved
08158000,"Colorado Rv at Austin, TX",DJF1900,1899-1900 El Nino,1900-02-21,590.0,Approved
08158000,"Colorado Rv at Austin, TX",DJF1900,1899-1900 El Nino,1899-12-07,718.0,Approved
08158000,"Colorado Rv at Austin, TX",DJF1900,1899-1900 El Nino,1900-02-14,590.0,Approved
08158000,"Colorado Rv at Austin, TX",DJF1900,1899-1900 El Nino,1900-01-29,1600.0,Approved
08158000,"Colorado Rv at Austin, TX",DJF1900,1899-1900 El Nino,1899-09-08,350.0,Approved
08158000,"Colorado Rv at Austin, TX",DJF1900,1899-1900 El Nino,1899-12-06,718.0,Approved
08158000,"Colorado Rv at Austin, TX",DJF1900,1899-1900 El Nino,1900-01-09,1600.0,Approved
08158000,"Colorado Rv at Austin, TX",DJF1900,1899-1900 El Nino,1899-12-15,3280.0,Approved
08158000,"Colorado Rv at Austin, TX",DJF1900,1899-1900 El Nino,1899-10-11,215.0,Approved
08158000,"Colorado Rv at Austin, TX",DJF1900,1899-1900 El Nino,1899-11-16,405.0,Approved
08158000,"Colorado Rv at Austin, TX",DJF1900,1899-1900 El Nino,1899-12-18,1840.0,Approved
08158000,"Colorado Rv at Austin, TX",DJF1900,1899-1900 El Nino,1899-10-27,405.0,Approved
08158000,"Colorado Rv at Austin, TX",DJF1900,1899-1900 El Nino,1900-01-21,1600.0,Approved
08158000,"Colorado Rv at Austin, TX",DJF1900,1899-1900 El Nino,1900-02-01,1600.0,Approved
08158000,"Colorado Rv at Austin, TX",DJF1900,1899-1900 El Nino,1900-02-15,590.0,Approved
08158000,"Colorado Rv at Austin, TX",DJF1900,1899-1900 El Nino,1899-12-10,3520.0,Approved
08158000,"Colorado Rv at Austin, TX",DJF1900,1899-1900 El Nino,1900-02-04,1190.0,Approved
08158000,"Colorado Rv at Austin, TX",DJF1900,1899-1900 El Nino,1899-12-22,2300.0,Approved
08158000,"Colorado Rv at Austin, TX",DJF1900,1899-1900 El Nino,1900-01-15,2500.0,Approved
08158000,"Colorado Rv at Austin, TX",DJF1900,1899-1900 El Nino,1899-10-19,368.0,Approved
08158000,"Colorado Rv at Austin, TX",DJF1900,1899-1900 El Nino,1900-01-26,1190.0,Approved
08158000,"Colorado Rv at Austin, TX",DJF1900,1899-1900 El Nino,1900-02-26,765.0,Approved
08158000,"Colorado Rv at Austin, TX",DJF1900,1899-1900 El Nino,1900-01-22,1380.0,Approved
08158000,"Colorado Rv at Austin, TX",DJF1900,1899-1900 El Nino,1900-02-12,670.0,Approved
08158000,"Colorado Rv at Austin, TX",DJF1900,1899-1900 El Nino,1899-12-14,4200.0,Approved
08158000,"Colorado Rv at Austin, TX",DJF1900,1899-1900 El Nino,1899-10-24,350.0,Approved
08158000,"Colorado Rv at Austin, TX",DJF1900,1899-1900 El Nino,1900-02-05,1190.0,Approved
08158000,"Colorado Rv at Austin, TX",DJF1900,1899-1900 El Nino,1899-09-23,272.0,Approved
08158000,"Colorado Rv at Austin, TX",DJF1900,1899-1900 El Nino,1899-11-01,2100.0,Approved
08158000,"Colorado Rv at Austin, TX",DJF1900,1899-1900 El Nino,1900-02-18,670.0,Approved
08158000,"Colorado Rv at Austin, TX",DJF1900,1899-1900 El Nino,1899-10-07,205.0,Approved
08158000,"Colorado Rv at Austin, TX",DJF1900,1899-1900 El Nino,1899-09-18,332.0,Approved
08158000,"Colorado Rv at Austin, TX",DJF1900,1899-1900 El Nino,1899-12-24,4800.0,Approved
08158000,"Colorado Rv at Austin, TX",DJF1900,1899-1900 El Nino,1899-09-13,332.0,Approved
08158000,"Colorado Rv at Austin, TX",DJF1900,1899-1900 El Nino,1899-12-23,5280.0,Approved
08158000,"Colorado Rv at Austin, TX",DJF1900,1899-1900 El Nino,1900-01-16,2300.0,Approved
08158000,"Colorado Rv at Austin, TX",DJF1900,1899-1900 El Nino,1899-09-16,332.0,Approved
08158000,"Colorado Rv at Austin, TX",DJF1900,1899-1900 El Nino,1899-12-12,9820.0,Approved
08158000,"Colorado Rv at Austin, TX",DJF1900,1899-1900 El Nino,1899-10-23,215.0,Approved
08158000,"Colorado Rv at Austin, TX",DJF1900,1899-1900 El Nino,1899-10-09,205.0,Approved
08158000,"Colorado Rv at Austin, TX",DJF1900,1899-1900 El Nino,1900-02-17,765.0,Approved
08158000,"Colorado Rv at Austin, TX",DJF1900,1899-1900 El Nino,1899-12-01,1720.0,Approved
08158000,"Colorado Rv at Austin, TX",DJF1900,1899-1900 El Nino,1900-02-06,1190.0,Approved
08158000,"Colorado Rv at Austin, TX",DJF1900,1899-1900 El Nino,1899-11-02,1100.0,Approved
08158000,"Colorado Rv at Austin, TX",DJF1900,1899-1900 El Nino,1900-01-18,1840.0,Approved
08158000,"Colorado Rv at Austin, TX",DJF1900,1899-1900 El Nino,1899-10-25,332.0,Approved
08158000,"Colorado Rv at Austin, TX",DJF1900,1899-1900 El Nino,1899-12-16,2600.0,Approved
08158000,"Colorado Rv at Austin, TX",DJF1900,1899-1900 El Nino,1899-11-30,2400.0,Approved
08158000,"Colorado Rv at Austin, TX",DJF1900,1899-1900 El Nino,1899-11-22,13800.0,Approved
08158000,"Colorado Rv at Austin, TX",DJF1900,1899-1900 El Nino,1900-02-13,670.0,Approved
08158000,"Colorado Rv at Austin, TX",DJF1900,1899-1900 El Nino,1899-11-11,470.0,Approved
08158000,"Colorado Rv at Austin, TX",DJF1900,1899-1900 El Nino,1899-10-05,215.0,Approved
08158000,"Colorado Rv at Austin, TX",DJF1900,1899-1900 El Nino,1899-09-24,272.0,Approved
08158000,"Colorado Rv at Austin, TX",DJF1900,1899-1900 El Nino,1900-01-14,1840.0,Approved
08158000,"Colorado Rv at Austin, TX",DJF1900,1899-1900 El Nino,1900-01-13,1600.0,Approved
08158000,"Colorado Rv at Austin, TX",DJF1900,1899-1900 El Nino,1899-12-09,2000.0,Approved
08158000,"Colorado Rv at Austin, TX",DJF1900,1899-1900 El Nino,1899-12-29,1840.0,Approved
08158000,"Colorado Rv at Austin, TX",DJF1900,1899-1900 El Nino,1900-01-01,1380.0,Approved
08158000,"Colorado Rv at Austin, TX",DJF1900,1899-1900 El Nino,1899-12-30,1490.0,Approved
08158000,"Colorado Rv at Austin, TX",DJF1900,1899-1900 El Nino,1900-02-09,880.0,Approved
08158000,"Colorado Rv at Austin, TX",DJF1900,1899-1900 El Nino,1899-10-12,215.0,Approved
08158000,"Colorado Rv at Austin, TX",DJF1900,1899-1900 El Nino,1900-01-03,1190.0,Approved
08158000,"Colorado Rv at Austin, TX",DJF1900,1899-1900 El Nino,1899-12-13,6150.0,Approved
08158000,"Colorado Rv at Austin, TX",DJF1900,1899-1900 El Nino,1899-11-14,448.0,Approved
08158000,"Colorado Rv at Austin, TX",DJF1900,1899-1900 El Nino,1899-09-29,272.0,Approved
08158000,"Colorado Rv at Austin, TX",DJF1900,1899-1900 El Nino,1899-10-22,215.0,Approved
08158000,"Colorado Rv at Austin, TX",DJF1900,1899-1900 El Nino,1899-10-14,215.0,Approved
08158000,"Colorado Rv at Austin, TX",DJF1900,1899-1900 El Nino,1900-02-27,765.0,Approved
08158000,"Colorado Rv at Austin, TX",DJF1900,1899-1900 El Nino,1899-12-25,3400.0,Approved
08158000,"Colorado Rv at Austin, TX",DJF1900,1899-1900 El Nino,1899-10-08,195.0,Approved
08158000,"Colorado Rv at Austin, TX",DJF1900,1899-1900 El Nino,1899-11-27,1490.0,Approved
08158000,"Colorado Rv at Austin, TX",DJF1900,1899-1900 El Nino,1899-11-20,670.0,Approved
08158000,"Colorado Rv at Austin, TX",DJF1900,1899-1900 El Nino,1900-01-05,1190.0,Approved
08158000,"Colorado Rv at Austin, TX",DJF1900,1899-1900 El Nino,1899-10-15,215.0,Approved
08158000,"Colorado Rv at Austin, TX",DJF1900,1899-1900 El Nino,1900-01-19,1840.0,Approved
08158000,"Colorado Rv at Austin, TX",DJF1900,1899-1900 El Nino,1899-12-19,1600.0,Approved
08158000,"Colorado Rv at Austin, TX",DJF1900,1899-1900 El Nino,1899-11-05,630.0,Approved
08158000,"Colorado Rv at Austin, TX",DJF1900,1899-1900 El Nino,1899-11-13,425.0,Approved
08158000,"Colorado Rv at Austin, TX",DJF1900,1899-1900 El Nino,1899-12-08,1190.0,Approved
08158000,"Colorado Rv at Austin, TX",DJF1900,1899-1900 El Nino,1899-12-05,718.0,Approved
08158000,"Colorado Rv at Austin, TX",DJF1900,1899-1900 El Nino,1899-11-24,11000.0,Approved
08158000,"Colorado Rv at Austin, TX",DJF1900,1899-1900 El Nino,1899-09-15,332.0,Approved
08158000,"Colorado Rv at Austin, TX",DJF1900,1899-1900 El Nino,1899-10-06,215.0,Approved
08158000,"Colorado Rv at Austin, TX",DJF1900,1899-1900 El Nino,1899-12-03,1380.0,Approved
08158000,"Colorado Rv at Austin, TX",DJF1900,1899-1900 El Nino,1899-11-08,590.0,Approved
08158000,"Colorado Rv at Austin, TX",DJF1900,1899-1900 El Nino,1899-11-28,1100.0,Approved
08158000,"Colorado Rv at Austin, TX",DJF1900,1899-1900 El Nino,1899-10-03,215.0,Approved
08158000,"Colorado Rv at Austin, TX",DJF1900,1899-1900 El Nino,1900-02-20,590.0,Approved
08158000,"Colorado Rv at Austin, TX",DJF1900,1899-1900 El Nino,1900-02-07,1020.0,Approved
08158000,"Colorado Rv at Austin, TX",DJF1900,1899-1900 El Nino,1899-10-04,205.0,Approved
08158000,"Colorado Rv at Austin, TX",DJF1900,1899-1900 El Nino,1899-12-28,2000.0,Approved
08158000,"Colorado Rv at Austin, TX",DJF1900,1899-1900 El Nino,1899-11-18,368.0,Approved
08158000,"Colorado Rv at Austin, TX",DJF1900,1899-1900 El Nino,1899-11-07,670.0,Approved
08158000,"Colorado Rv at Austin, TX",DJF1900,1899-1900 El Nino,1899-10-18,225.0,Approved
08158000,"Colorado Rv at Austin, TX",DJF1900,1899-1900 El Nino,1900-01-25,1190.0,Approved
08158000,"Colorado Rv at Austin, TX",DJF1900,1899-1900 El Nino,1900-01-28,1380.0,Approved
08158000,"Colorado Rv at Austin, TX",DJF1900,1899-1900 El Nino,1899-12-27,2200.0,Approved
08158000,"Colorado Rv at Austin, TX",DJF1900,1899-1900 El Nino,1900-02-24,590.0,Approved
08158000,"Colorado Rv at Austin, TX",DJF1900,1899-1900 El Nino,1899-12-20,1720.0,Approved
08158000,"Colorado Rv at Austin, TX",DJF1900,1899-1900 El Nino,1900-01-23,1380.0,Approved
08158000,"Colorado Rv at Austin, TX",DJF1900,1899-1900 El Nino,1899-09-03,368.0,Approved
08158000,"Colorado Rv at Austin, TX",DJF1900,1899-1900 El Nino,1900-02-19,670.0,Approved
08158000,"Colorado Rv at Austin, TX",DJF1900,1899-1900 El Nino,1899-11-03,765.0,Approved
08158000,"Colorado Rv at Austin, TX",DJF1900,1899-1900 El Nino,1899-11-06,630.0,Approved
08158000,"Colorado Rv at Austin, TX",DJF1900,1899-1900 El Nino,1900-02-03,1380.0,Approved
08158000,"Colorado Rv at Austin, TX",DJF1900,1899-1900 El Nino,1899-09-10,332.0,Approved
08158000,"Colorado Rv at Austin, TX",DJF1900,1899-1900 El Nino,1899-10-10,215.0,Approved
08158000,"Colorado Rv at Austin, TX",DJF1900,1899-1900 El Nino,1899-09-11,332.0,Approved
08158000,"Colorado Rv at Austin, TX",DJF1900,1899-1900 El Nino,1899-11-29,1100.0,Approved
08158000,"Colorado Rv at Austin, TX",DJF1900,1899-1900 El Nino,1900-01-08,1190.0,Approved
08158000,"Colorado Rv at Austin, TX",DJF1900,1899-1900 El Nino,1900-01-20,1600.0,Approved
08158000,"Colorado Rv at Austin, TX",DJF1900,1899-1900 El Nino,1899-09-28,272.0,Approved
08158000,"Colorado Rv at Austin, TX",DJF1900,1899-1900 El Nino,1900-02-25,670.0,Approved
08158000,"Colorado Rv at Austin, TX",DJF1900,1899-1900 El Nino,1899-10-01,248.0,Approved
08158000,"Colorado Rv at Austin, TX",DJF1900,1899-1900 El Nino,1899-09-17,332.0,Approved
08158000,"Colorado Rv at Austin, TX",DJF1900,1899-1900 El Nino,1899-10-13,215.0,Approved
08158000,"Colorado Rv at Austin, TX",DJF1900,1899-1900 El Nino,1899-09-06,350.0,Approved
08158000,"Colorado Rv at Austin, TX",DJF1900,1899-1900 El Nino,1899-10-29,3280.0,Approved
08158000,"Colorado Rv at Austin, TX",DJF1900,1899-1900 El Nino,1900-01-02,1190.0,Approved
08158000,"Colorado Rv at Austin, TX",DJF1900,1899-1900 El Nino,1899-10-28,1020.0,Approved
08158000,"Colorado Rv at Austin, TX",DJF1900,1899-1900 El Nino,1899-09-30,248.0,Approved
08158000,"Colorado Rv at Austin, TX",DJF1900,1899-1900 El Nino,1900-01-04,1380.0,Approved
08158000,"Colorado Rv at Austin, TX",DJF1900,1899-1900 El Nino,1899-09-27,272.0,Approved
08158000,"Colorado Rv at Austin, TX",DJF1919,1918-19 El Nino,1918-09-08,1010.0,Approved
08158000,"Colorado Rv at Austin, TX",DJF1919,1918-19 El Nino,1918-11-22,1320.0,Approved
08158000,"Colorado Rv at Austin, TX",DJF1919,1918-19 El Nino,1919-02-25,2020.0,Approved
08158000,"Colorado Rv at Austin, TX",DJF1919,1918-19 El Nino,1919-02-26,1850.0,Approved
08158000,"Colorado Rv at Austin, TX",DJF1919,1918-19 El Nino,1918-10-12,1380.0,Approved
08158000,"Colorado Rv at Austin, TX",DJF1919,1918-19 El Nino,1918-11-02,5160.0,Approved
08158000,"Colorado Rv at Austin, TX",DJF1919,1918-19 El Nino,1918-12-27,6830.0,Approved
08158000,"Colorado Rv at Austin, TX",DJF1919,1918-19 El Nino,1918-09-15,716.0,Approved
08158000,"Colorado Rv at Austin, TX",DJF1919,1918-19 El Nino,1918-12-13,1030.0,Approved
08158000,"Colorado Rv at Austin, TX",DJF1919,1918-19 El Nino,1919-02-15,1740.0,Approved
08158000,"Colorado Rv at Austin, TX",DJF1919,1918-19 El Nino,1919-02-09,2780.0,Approved
08158000,"Colorado Rv at Austin, TX",DJF1919,1918-19 El Nino,1919-02-27,1760.0,Approved
08158000,"Colorado Rv at Austin, TX",DJF1919,1918-19 El Nino,1918-10-25,22800.0,Approved
08158000,"Colorado Rv at Austin, TX",DJF1919,1918-19 El Nino,1918-10-03,312.0,Approved
08158000,"Colorado Rv at Austin, TX",DJF1919,1918-19 El Nino,1918-11-21,1400.0,Approved
08158000,"Colorado Rv at Austin, TX",DJF1919,1918-19 El Nino,1918-09-29,2830.0,Approved
08158000,"Colorado Rv at Austin, TX",DJF1919,1918-19 El Nino,1918-10-24,7950.0,Approved
08158000,"Colorado Rv at Austin, TX",DJF1919,1918-19 El Nino,1919-02-22,2860.0,Approved
08158000,"Colorado Rv at Austin, TX",DJF1919,1918-19 El Nino,1918-09-22,132.0,Approved
08158000,"Colorado Rv at Austin, TX",DJF1919,1918-19 El Nino,1918-10-30,8990.0,Approved
08158000,"Colorado Rv at Austin, TX",DJF1919,1918-19 El Nino,1919-02-17,1850.0,Approved
08158000,"Colorado Rv at Austin, TX",DJF1919,1918-19 El Nino,1919-02-02,3480.0,Approved
08158000,"Colorado Rv at Austin, TX",DJF1919,1918-19 El Nino,1918-11-26,1040.0,Approved
08158000,"Colorado Rv at Austin, TX",DJF1919,1918-19 El Nino,1919-02-20,3640.0,Approved
08158000,"Colorado Rv at Austin, TX",DJF1919,1918-19 El Nino,1918-12-21,6060.0,Approved
08158000,"Colorado Rv at Austin, TX",DJF1919,1918-19 El Nino,1918-10-29,5190.0,Approved
08158000,"Colorado Rv at Austin, TX",DJF1919,1918-19 El Nino,1919-01-11,1110.0,Approved
08158000,"Colorado Rv at Austin, TX",DJF1919,1918-19 El Nino,1918-09-10,2520.0,Approved
08158000,"Colorado Rv at Austin, TX",DJF1919,1918-19 El Nino,1918-09-24,122.0,Approved
08158000,"Colorado Rv at Austin, TX",DJF1919,1918-19 El Nino,1918-11-11,64700.0,Approved
08158000,"Colorado Rv at Austin, TX",DJF1919,1918-19 El Nino,1918-12-09,840.0,Approved
08158000,"Colorado Rv at Austin, TX",DJF1919,1918-19 El Nino,1919-01-13,1020.0,Approved
08158000,"Colorado Rv at Austin, TX",DJF1919,1918-19 El Nino,1919-01-09,1240.0,Approved
08158000,"Colorado Rv at Austin, TX",DJF1919,1918-19 El Nino,1918-12-10,810.0,Approved
08158000,"Colorado Rv at Austin, TX",DJF1919,1918-19 El Nino,1918-10-16,8380.0,Approved
08158000,"Colorado Rv at Austin, TX",DJF1919,1918-19 El Nino,1919-01-28,6240.0,Approved
08158000,"Colorado Rv at Austin, TX",DJF1919,1918-19 El Nino,1919-01-02,2000.0,Approved
08158000,"Colorado Rv at Austin, TX",DJF1919,1918-19 El Nino,1918-09-05,168.0,Approved
08158000,"Colorado Rv at Austin, TX",DJF1919,1918-19 El Nino,1918-09-11,1400.0,Approved
08158000,"Colorado Rv at Austin, TX",DJF1919,1918-19 El Nino,1919-02-28,1650.0,Approved
08158000,"Colorado Rv at Austin, TX",DJF1919,1918-19 El Nino,1918-09-19,424.0,Approved
08158000,"Colorado Rv at Austin, TX",DJF1919,1918-19 El Nino,1918-10-10,123.0,Approved
08158000,"Colorado Rv at Austin, TX",DJF1919,1918-19 El Nino,1918-09-21,138.0,Approved
08158000,"Colorado Rv at Austin, TX",DJF1919,1918-19 El Nino,1918-11-10,50200.0,Approved
08158000,"Colorado Rv at Austin, TX",DJF1919,1918-19 El Nino,1918-09-18,1010.0,Approved
08158000,"Colorado Rv at Austin, TX",DJF1919,1918-19 El Nino,1918-11-06,1320.0,Approved
08158000,"Colorado Rv at Austin, TX",DJF1919,1918-19 El Nino,1919-01-08,1300.0,Approved
08158000,"Colorado Rv at Austin, TX",DJF1919,1918-19 El Nino,1918-12-25,23000.0,Approved
08158000,"Colorado Rv at Austin, TX",DJF1919,1918-19 El Nino,1919-02-12,2150.0,Approved
08158000,"Colorado Rv at Austin, TX",DJF1919,1918-19 El Nino,1918-10-31,13400.0,Approved
08158000,"Colorado Rv at Austin, TX",DJF1919,1918-19 El Nino,1918-11-08,17100.0,Approved
08158000,"Colorado Rv at Austin, TX",DJF1919,1918-19 El Nino,1918-10-13,10000.0,Approved
08158000,"Colorado Rv at Austin, TX",DJF1919,1918-19 El Nino,1919-01-18,4070.0,Approved
08158000,"Colorado Rv at Austin, TX",DJF1919,1918-19 El Nino,1918-12-18,2040.0,Approved
08158000,"Colorado Rv at Austin, TX",DJF1919,1918-19 El Nino,1918-10-27,15600.0,Approved
08158000,"Colorado Rv at Austin, TX",DJF1919,1918-19 El Nino,1918-12-16,3700.0,Approved
08158000,"Colorado Rv at Austin, TX",DJF1919,1918-19 El Nino,1919-02-06,6060.0,Approved
08158000,"Colorado Rv at Austin, TX",DJF1919,1918-19 El Nino,1918-10-15,19000.0,Approved
08158000,"Colorado Rv at Austin, TX",DJF1919,1918-19 El Nino,1919-01-16,1560.0,Approved
08158000,"Colorado Rv at Austin, TX",DJF1919,1918-19 El Nino,1918-12-19,1880.0,Approved
08158000,"Colorado Rv at Austin, TX",DJF1919,1918-19 El Nino,1918-12-07,922.0,Approved
08158000,"Colorado Rv at Austin, TX",DJF1919,1918-19 El Nino,1918-10-28,7450.0,Approved
08158000,"Colorado Rv at Austin, TX",DJF1919,1918-19 El Nino,1918-11-30,1780.0,Approved
08158000,"Colorado Rv at Austin, TX",DJF1919,1918-19 El Nino,1918-10-09,127.0,Approved
08158000,"Colorado Rv at Austin, TX",DJF1919,1918-19 El Nino,1918-12-04,1240.0,Approved
08158000,"Colorado Rv at Austin, TX",DJF1919,1918-19 El Nino,1919-02-13,1970.0,Approved
08158000,"Colorado Rv at Austin, TX",DJF1919,1918-19 El Nino,1918-09-26,120.0,Approved
08158000,"Colorado Rv at Austin, TX",DJF1919,1918-19 El Nino,1918-09-01,165.0,Approved
08158000,"Colorado Rv at Austin, TX",DJF1919,1918-19 El Nino,1918-12-01,1970.0,Approved
08158000,"Colorado Rv at Austin, TX",DJF1919,1918-19 El Nino,1918-12-12,750.0,Approved
08158000,"Colorado Rv at Austin, TX",DJF1919,1918-19 El Nino,1918-11-01,11000.0,Approved
08158000,"Colorado Rv at Austin, TX",DJF1919,1918-19 El Nino,1918-11-27,1020.0,Approved
08158000,"Colorado Rv at Austin, TX",DJF1919,1918-19 El Nino,1918-09-30,716.0,Approved
08158000,"Colorado Rv at Austin, TX",DJF1919,1918-19 El Nino,1918-09-17,432.0,Approved
08158000,"Colorado Rv at Austin, TX",DJF1919,1918-19 El Nino,1919-01-30,8350.0,Approved
08158000,"Colorado Rv at Austin, TX",DJF1919,1918-19 El Nino,1918-10-14,23000.0,Approved
08158000,"Colorado Rv at Austin, TX",DJF1919,1918-19 El Nino,1918-10-26,26900.0,Approved
08158000,"Colorado Rv at Austin, TX",DJF1919,1918-19 El Nino,1919-02-14,1880.0,Approved
08158000,"Colorado Rv at Austin, TX",DJF1919,1918-19 El Nino,1918-10-06,140.0,Approved
08158000,"Colorado Rv at Austin, TX",DJF1919,1918-19 El Nino,1919-01-07,1400.0,Approved
08158000,"Colorado Rv at Austin, TX",DJF1919,1918-19 El Nino,1918-10-20,3030.0,Approved
08158000,"Colorado Rv at Austin, TX",DJF1919,1918-19 El Nino,1918-10-19,3730.0,Approved
08158000,"Colorado Rv at Austin, TX",DJF1919,1918-19 El Nino,1918-12-29,3700.0,Approved
08158000,"Colorado Rv at Austin, TX",DJF1919,1918-19 El Nino,1919-02-01,4230.0,Approved
08158000,"Colorado Rv at Austin, TX",DJF1919,1918-19 El Nino,1918-09-27,2970.0,Approved
08158000,"Colorado Rv at Austin, TX",DJF1919,1918-19 El Nino,1918-09-06,450.0,Approved
08158000,"Colorado Rv at Austin, TX",DJF1919,1918-19 El Nino,1918-12-14,3640.0,Approved
08158000,"Colorado Rv at Austin, TX",DJF1919,1918-19 El Nino,1918-11-15,3820.0,Approved
08158000,"Colorado Rv at Austin, TX",DJF1919,1918-19 El Nino,1919-02-24,2300.0,Approved
08158000,"Colorado Rv at Austin, TX",DJF1919,1918-19 El Nino,1918-11-05,1580.0,Approved
08158000,"Colorado Rv at Austin, TX",DJF1919,1918-19 El Nino,1919-01-03,1900.0,Approved
08158000,"Colorado Rv at Austin, TX",DJF1919,1918-19 El Nino,1919-01-19,4380.0,Approved
08158000,"Colorado Rv at Austin, TX",DJF1919,1918-19 El Nino,1919-01-31,5620.0,Approved
08158000,"Colorado Rv at Austin, TX",DJF1919,1918-19 El Nino,1918-09-20,368.0,Approved
08158000,"Colorado Rv at Austin, TX",DJF1919,1918-19 El Nino,1918-09-09,330.0,Approved
08158000,"Colorado Rv at Austin, TX",DJF1919,1918-19 El Nino,1919-01-23,20700.0,Approved
08158000,"Colorado Rv at Austin, TX",DJF1919,1918-19 El Nino,1918-09-03,148.0,Approved
08158000,"Colorado Rv at Austin, TX",DJF1919,1918-19 El Nino,1919-01-26,14300.0,Approved
08158000,"Colorado Rv at Austin, TX",DJF1919,1918-19 El Nino,1918-12-24,41500.0,Approved
08158000,"Colorado Rv at Austin, TX",DJF1919,1918-19 El Nino,1918-09-13,688.0,Approved
08158000,"Colorado Rv at Austin, TX",DJF1919,1918-19 El Nino,1919-01-04,1760.0,Approved
08158000,"Colorado Rv at Austin, TX",DJF1919,1918-19 El Nino,1918-12-23,12500.0,Approved
08158000,"Colorado Rv at Austin, TX",DJF1919,1918-19 El Nino,1919-01-29,7480.0,Approved
08158000,"Colorado Rv at Austin, TX",DJF1919,1918-19 El Nino,1918-10-21,2470.0,Approved
08158000,"Colorado Rv at Austin, TX",DJF1919,1918-19 El Nino,1918-11-13,17100.0,Approved
08158000,"Colorado Rv at Austin, TX",DJF1919,1918-19 El Nino,1919-02-10,2500.0,Approved
08158000,"Colorado Rv at Austin, TX",DJF1919,1918-19 El Nino,1918-09-28,3050.0,Approved
08158000,"Colorado Rv at Austin, TX",DJF1919,1918-19 El Nino,1919-01-15,1670.0,Approved
08158000,"Colorado Rv at Austin, TX",DJF1919,1918-19 El Nino,1919-02-23,2470.0,Approved
08158000,"Colorado Rv at Austin, TX",DJF1919,1918-19 El Nino,1919-02-18,2360.0,Approved
08158000,"Colorado Rv at Austin, TX",DJF1919,1918-19 El Nino,1919-02-16,1650.0,Approved
08158000,"Colorado Rv at Austin, TX",DJF1919,1918-19 El Nino,1919-01-21,4040.0,Approved
08158000,"Colorado Rv at Austin, TX",DJF1919,1918-19 El Nino,1919-02-21,3110.0,Approved
08158000,"Colorado Rv at Austin, TX",DJF1919,1918-19 El Nino,1918-10-08,130.0,Approved
08158000,"Colorado Rv at Austin, TX",DJF1919,1918-19 El Nino,1918-09-16,153.0,Approved
08158000,"Colorado Rv at Austin, TX",DJF1919,1918-19 El Nino,1919-02-11,2280.0,Approved
08158000,"Colorado Rv at Austin, TX",DJF1919,1918-19 El Nino,1919-01-05,1630.0,Approved
08158000,"Colorado Rv at Austin, TX",DJF1919,1918-19 El Nino,1919-01-24,20800.0,Approved
08158000,"Colorado Rv at Austin, TX",DJF1919,1918-19 El Nino,1918-11-12,56700.0,Approved
08158000,"Colorado Rv at Austin, TX",DJF1919,1918-19 El Nino,1918-11-19,2100.0,Approved
08158000,"Colorado Rv at Austin, TX",DJF1919,1918-19 El Nino,1918-11-16,4380.0,Approved
08158000,"Colorado Rv at Austin, TX",DJF1919,1918-19 El Nino,1919-01-22,11400.0,Approved
08158000,"Colorado Rv at Austin, TX",DJF1919,1918-19 El Nino,1919-01-12,1060.0,Approved
08158000,"Colorado Rv at Austin, TX",DJF1919,1918-19 El Nino,1918-12-17,2550.0,Approved
08158000,"Colorado Rv at Austin, TX",DJF1919,1918-19 El Nino,1918-10-11,123.0,Approved
08158000,"Colorado Rv at Austin, TX",DJF1919,1918-19 El Nino,1919-01-17,2410.0,Approved
08158000,"Colorado Rv at Austin, TX",DJF1919,1918-19 El Nino,1918-11-24,1110.0,Approved
08158000,"Colorado Rv at Austin, TX",DJF1919,1918-19 El Nino,1918-11-25,1060.0,Approved
08158000,"Colorado Rv at Austin, TX",DJF1919,1918-19 El Nino,1919-01-25,23800.0,Approved
08158000,"Colorado Rv at Austin, TX",DJF1919,1918-19 El Nino,1919-02-03,3200.0,Approved
08158000,"Colorado Rv at Austin, TX",DJF1919,1918-19 El Nino,1918-11-17,4820.0,Approved
08158000,"Colorado Rv at Austin, TX",DJF1919,1918-19 El Nino,1918-12-30,2970.0,Approved
08158000,"Colorado Rv at Austin, TX",DJF1919,1918-19 El Nino,1918-10-01,472.0,Approved
08158000,"Colorado Rv at Austin, TX",DJF1919,1918-19 El Nino,1918-12-03,1440.0,Approved
08158000,"Colorado Rv at Austin, TX",DJF1919,1918-19 El Nino,1918-11-07,1260.0,Approved
08158000,"Colorado Rv at Austin, TX",DJF1919,1918-19 El Nino,1918-09-04,105.0,Approved
08158000,"Colorado Rv at Austin, TX",DJF1919,1918-19 El Nino,1918-11-20,1720.0,Approved
08158000,"Colorado Rv at Austin, TX",DJF1919,1918-19 El Nino,1918-09-12,1160.0,Approved
08158000,"Colorado Rv at Austin, TX",DJF1919,1918-19 El Nino,1918-12-28,4880.0,Approved
08158000,"Colorado Rv at Austin, TX",DJF1919,1918-19 El Nino,1918-10-23,1720.0,Approved
08158000,"Colorado Rv at Austin, TX",DJF1919,1918-19 El Nino,1918-10-04,247.0,Approved
08158000,"Colorado Rv at Austin, TX",DJF1919,1918-19 El Nino,1918-09-07,1030.0,Approved
08158000,"Colorado Rv at Austin, TX",DJF1919,1918-19 El Nino,1919-01-14,1110.0,Approved
08158000,"Colorado Rv at Austin, TX",DJF1919,1918-19 El Nino,1918-10-18,4350.0,Approved
08158000,"Colorado Rv at Austin, TX",DJF1919,1918-19 El Nino,1918-12-02,1720.0,Approved
08158000,"Colorado Rv at Austin, TX",DJF1919,1918-19 El Nino,1918-11-18,3080.0,Approved
08158000,"Colorado Rv at Austin, TX",DJF1919,1918-19 El Nino,1918-12-06,988.0,Approved
08158000,"Colorado Rv at Austin, TX",DJF1919,1918-19 El Nino,1919-01-27,7610.0,Approved
08158000,"Colorado Rv at Austin, TX",DJF1919,1918-19 El Nino,1919-02-04,4260.0,Approved
08158000,"Colorado Rv at Austin, TX",DJF1919,1918-19 El Nino,1918-12-31,2800.0,Approved
08158000,"Colorado Rv at Austin, TX",DJF1919,1918-19 El Nino,1918-10-17,4970.0,Approved
08158000,"Colorado Rv at Austin, TX",DJF1919,1918-19 El Nino,1918-09-02,122.0,Approved
08158000,"Colorado Rv at Austin, TX",DJF1919,1918-19 El Nino,1918-12-20,2520.0,Approved
08158000,"Colorado Rv at Austin, TX",DJF1919,1918-19 El Nino,1919-02-07,4100.0,Approved
08158000,"Colorado Rv at Austin, TX",DJF1919,1918-19 El Nino,1919-02-19,3590.0,Approved
08158000,"Colorado Rv at Austin, TX",DJF1919,1918-19 El Nino,1918-11-03,2860.0,Approved
08158000,"Colorado Rv at Austin, TX",DJF1919,1918-19 El Nino,1919-02-05,9250.0,Approved
08158000,"Colorado Rv at Austin, TX",DJF1919,1918-19 El Nino,1918-12-05,1100.0,Approved
08158000,"Colorado Rv at Austin, TX",DJF1919,1918-19 El Nino,1918-10-22,2200.0,Approved
08158000,"Colorado Rv at Austin, TX",DJF1919,1918-19 El Nino,1918-11-23,1200.0,Approved
08158000,"Colorado Rv at Austin, TX",DJF1919,1918-19 El Nino,1918-12-22,8010.0,Approved
08158000,"Colorado Rv at Austin, TX",DJF1919,1918-19 El Nino,1918-11-29,1400.0,Approved
08158000,"Colorado Rv at Austin, TX",DJF1919,1918-19 El Nino,1918-12-11,750.0,Approved
08158000,"Colorado Rv at Austin, TX",DJF1919,1918-19 El Nino,1918-11-04,2020.0,Approved
08158000,"Colorado Rv at Austin, TX",DJF1919,1918-19 El Nino,1918-11-28,1120.0,Approved
08158000,"Colorado Rv at Austin, TX",DJF1919,1918-19 El Nino,1918-10-07,140.0,Approved
08158000,"Colorado Rv at Austin, TX",DJF1919,1918-19 El Nino,1918-09-14,520.0,Approved
08158000,"Colorado Rv at Austin, TX",DJF1919,1918-19 El Nino,1918-12-15,6210.0,Approved
08158000,"Colorado Rv at Austin, TX",DJF1919,1918-19 El Nino,1919-01-06,1460.0,Approved
08158000,"Colorado Rv at Austin, TX",DJF1919,1918-19 El Nino,1918-12-08,890.0,Approved
08158000,"Colorado Rv at Austin, TX",DJF1919,1918-19 El Nino,1918-09-25,112.0,Approved
08158000,"Colorado Rv at Austin, TX",DJF1919,1918-19 El Nino,1918-11-14,5900.0,Approved
08158000,"Colorado Rv at Austin, TX",DJF1919,1918-19 El Nino,1918-09-23,130.0,Approved
08158000,"Colorado Rv at Austin, TX",DJF1919,1918-19 El Nino,1918-11-09,62300.0,Approved
08158000,"Colorado Rv at Austin, TX",DJF1919,1918-19 El Nino,1919-01-01,2220.0,Approved
08158000,"Colorado Rv at Austin, TX",DJF1919,1918-19 El Nino,1918-10-02,288.0,Approved
08158000,"Colorado Rv at Austin, TX",DJF1919,1918-19 El Nino,1919-01-20,4070.0,Approved
08158000,"Colorado Rv at Austin, TX",DJF1919,1918-19 El Nino,1919-02-08,3310.0,Approved
08158000,"Colorado Rv at Austin, TX",DJF1919,1918-19 El Nino,1919-01-10,1170.0,Approved
08158000,"Colorado Rv at Austin, TX",DJF1919,1918-19 El Nino,1918-10-05,205.0,Approved
08158000,"Colorado Rv at Austin, TX",DJF1919,1918-19 El Nino,1918-12-26,12100.0,Approved
08158000,"Colorado Rv at Austin, TX",DJF1926,1925-26 El Nino,1926-02-02,1180.0,Approved
08158000,"Colorado Rv at Austin, TX",DJF1926,1925-26 El Nino,1925-11-08,14400.0,Approved
08158000,"Colorado Rv at Austin, TX",DJF1926,1925-26 El Nino,1925-12-12,635.0,Approved
08158000,"Colorado Rv at Austin, TX",DJF1926,1925-26 El Nino,1925-11-03,915.0,Approved
08158000,"Colorado Rv at Austin, TX",DJF1926,1925-26 El Nino,1926-01-10,580.0,Approved
08158000,"Colorado Rv at Austin, TX",DJF1926,1925-26 El Nino,1925-10-08,726.0,Approved
08158000,"Colorado Rv at Austin, TX",DJF1926,1925-26 El Nino,1925-10-01,4240.0,Approved
08158000,"Colorado Rv at Austin, TX",DJF1926,1925-26 El Nino,1925-10-11,472.0,Approved
08158000,"Colorado Rv at Austin, TX",DJF1926,1925-26 El Nino,1926-01-24,3780.0,Approved
08158000,"Colorado Rv at Austin, TX",DJF1926,1925-26 El Nino,1926-01-06,726.0,Approved
08158000,"Colorado Rv at Austin, TX",DJF1926,1925-26 El Nino,1925-11-18,1500.0,Approved
08158000,"Colorado Rv at Austin, TX",DJF1926,1925-26 El Nino,1926-02-03,1040.0,Approved
08158000,"Colorado Rv at Austin, TX",DJF1926,1925-26 El Nino,1926-01-31,1390.0,Approved
08158000,"Colorado Rv at Austin, TX",DJF1926,1925-26 El Nino,1926-02-15,657.0,Approved
08158000,"Colorado Rv at Austin, TX",DJF1926,1925-26 El Nino,1925-12-02,825.0,Approved
08158000,"Colorado Rv at Austin, TX",DJF1926,1925-26 El Nino,1925-12-09,668.0,Approved
08158000,"Colorado Rv at Austin, TX",DJF1926,1925-26 El Nino,1925-12-11,646.0,Approved
08158000,"Colorado Rv at Austin, TX",DJF1926,1925-26 El Nino,1925-09-28,7660.0,Approved
08158000,"Colorado Rv at Austin, TX",DJF1926,1925-26 El Nino,1925-11-22,1200.0,Approved
08158000,"Colorado Rv at Austin, TX",DJF1926,1925-26 El Nino,1925-09-24,1100.0,Approved
08158000,"Colorado Rv at Austin, TX",DJF1926,1925-26 El Nino,1925-09-22,1690.0,Approved
08158000,"Colorado Rv at Austin, TX",DJF1926,1925-26 El Nino,1925-10-06,930.0,Approved
08158000,"Colorado Rv at Austin, TX",DJF1926,1925-26 El Nino,1925-10-21,4240.0,Approved
08158000,"Colorado Rv at Austin, TX",DJF1926,1925-26 El Nino,1925-11-09,12800.0,Approved
08158000,"Colorado Rv at Austin, TX",DJF1926,1925-26 El Nino,1925-11-13,3040.0,Approved
08158000,"Colorado Rv at Austin, TX",DJF1926,1925-26 El Nino,1925-09-09,657.0,Approved
08158000,"Colorado Rv at Austin, TX",DJF1926,1925-26 El Nino,1925-09-10,550.0,Approved
08158000,"Colorado Rv at Austin, TX",DJF1926,1925-26 El Nino,1925-12-10,646.0,Approved
08158000,"Colorado Rv at Austin, TX",DJF1926,1925-26 El Nino,1925-12-22,550.0,Approved
08158000,"Colorado Rv at Austin, TX",DJF1926,1925-26 El Nino,1925-10-15,3640.0,Approved
08158000,"Colorado Rv at Austin, TX",DJF1926,1925-26 El Nino,1925-12-07,702.0,Approved
08158000,"Colorado Rv at Austin, TX",DJF1926,1925-26 El Nino,1926-01-16,635.0,Approved
08158000,"Colorado Rv at Austin, TX",DJF1926,1925-26 El Nino,1925-10-22,3920.0,Approved
08158000,"Colorado Rv at Austin, TX",DJF1926,1925-26 El Nino,1925-10-31,1260.0,Approved
08158000,"Colorado Rv at Austin, TX",DJF1926,1925-26 El Nino,1925-11-12,3860.0,Approved
08158000,"Colorado Rv at Austin, TX",DJF1926,1925-26 El Nino,1926-02-23,510.0,Approved
08158000,"Colorado Rv at Austin, TX",DJF1926,1925-26 El Nino,1925-10-07,825.0,Approved
08158000,"Colorado Rv at Austin, TX",DJF1926,1925-26 El Nino,1926-02-01,1220.0,Approved
08158000,"Colorado Rv at Austin, TX",DJF1926,1925-26 El Nino,1925-12-31,490.0,Approved
08158000,"Colorado Rv at Austin, TX",DJF1926,1925-26 El Nino,1926-02-17,624.0,Approved
08158000,"Colorado Rv at Austin, TX",DJF1926,1925-26 El Nino,1925-12-20,580.0,Approved
08158000,"Colorado Rv at Austin, TX",DJF1926,1925-26 El Nino,1926-01-23,1580.0,Approved
08158000,"Colorado Rv at Austin, TX",DJF1926,1925-26 El Nino,1925-10-28,3010.0,Approved
08158000,"Colorado Rv at Austin, TX",DJF1926,1925-26 El Nino,1925-10-17,29800.0,Approved
08158000,"Colorado Rv at Austin, TX",DJF1926,1925-26 El Nino,1925-11-27,930.0,Approved
08158000,"Colorado Rv at Austin, TX",DJF1926,1925-26 El Nino,1926-02-28,500.0,Approved
08158000,"Colorado Rv at Austin, TX",DJF1926,1925-26 El Nino,1925-09-13,1110.0,Approved
08158000,"Colorado Rv at Austin, TX",DJF1926,1925-26 El Nino,1926-01-12,580.0,Approved
08158000,"Colorado Rv at Austin, TX",DJF1926,1925-26 El Nino,1925-11-30,885.0,Approved
08158000,"Colorado Rv at Austin, TX",DJF1926,1925-26 El Nino,1925-12-27,570.0,Approved
08158000,"Colorado Rv at Austin, TX",DJF1926,1925-26 El Nino,1925-12-05,702.0,Approved
08158000,"Colorado Rv at Austin, TX",DJF1926,1925-26 El Nino,1926-02-24,560.0,Approved
08158000,"Colorado Rv at Austin, TX",DJF1926,1925-26 El Nino,1926-02-22,624.0,Approved
08158000,"Colorado Rv at Austin, TX",DJF1926,1925-26 El Nino,1926-02-20,472.0,Approved
08158000,"Colorado Rv at Austin, TX",DJF1926,1925-26 El Nino,1925-09-01,1290.0,Approved
08158000,"Colorado Rv at Austin, TX",DJF1926,1925-26 El Nino,1925-10-30,1560.0,Approved
08158000,"Colorado Rv at Austin, TX",DJF1926,1925-26 El Nino,1925-11-07,28400.0,Approved
08158000,"Colorado Rv at Austin, TX",DJF1926,1925-26 El Nino,1925-11-16,1900.0,Approved
08158000,"Colorado Rv at Austin, TX",DJF1926,1925-26 El Nino,1926-01-20,2350.0,Approved
08158000,"Colorado Rv at Austin, TX",DJF1926,1925-26 El Nino,1925-11-21,1240.0,Approved
08158000,"Colorado Rv at Austin, TX",DJF1926,1925-26 El Nino,1926-01-14,520.0,Approved
08158000,"Colorado Rv at Austin, TX",DJF1926,1925-26 El Nino,1925-10-09,635.0,Approved
08158000,"Colorado Rv at Austin, TX",DJF1926,1925-26 El Nino,1925-09-05,1390.0,Approved
08158000,"Colorado Rv at Austin, TX",DJF1926,1925-26 El Nino,1926-01-17,2460.0,Approved
08158000,"Colorado Rv at Austin, TX",DJF1926,1925-26 El Nino,1925-09-15,4020.0,Approved
08158000,"Colorado Rv at Austin, TX",DJF1926,1925-26 El Nino,1925-12-24,520.0,Approved
08158000,"Colorado Rv at Austin, TX",DJF1926,1925-26 El Nino,1926-02-16,613.0,Approved
08158000,"Colorado Rv at Austin, TX",DJF1926,1925-26 El Nino,1925-09-29,13200.0,Approved
08158000,"Colorado Rv at Austin, TX",DJF1926,1925-26 El Nino,1925-09-12,657.0,Approved
08158000,"Colorado Rv at Austin, TX",DJF1926,1925-26 El Nino,1925-10-02,2600.0,Approved
08158000,"Colorado Rv at Austin, TX",DJF1926,1925-26 El Nino,1926-02-12,738.0,Approved
08158000,"Colorado Rv at Austin, TX",DJF1926,1925-26 El Nino,1925-09-11,520.0,Approved
08158000,"Colorado Rv at Austin, TX",DJF1926,1925-26 El Nino,1926-02-05,945.0,Approved
08158000,"Colorado Rv at Austin, TX",DJF1926,1925-26 El Nino,1925-09-27,2100.0,Approved
08158000,"Colorado Rv at Austin, TX",DJF1926,1925-26 El Nino,1925-12-23,510.0,Approved
08158000,"Colorado Rv at Austin, TX",DJF1926,1925-26 El Nino,1925-10-20,7140.0,Approved
08158000,"Colorado Rv at Austin, TX",DJF1926,1925-26 El Nino,1926-01-28,1880.0,Approved
08158000,"Colorado Rv at Austin, TX",DJF1926,1925-26 El Nino,1926-02-26,550.0,Approved
08158000,"Colorado Rv at Austin, TX",DJF1926,1925-26 El Nino,1925-12-18,570.0,Approved
08158000,"Colorado Rv at Austin, TX",DJF1926,1925-26 El Nino,1925-11-14,2600.0,Approved
08158000,"Colorado Rv at Austin, TX",DJF1926,1925-26 El Nino,1925-11-23,1060.0,Approved
08158000,"Colorado Rv at Austin, TX",DJF1926,1925-26 El Nino,1925-10-19,15300.0,Approved
08158000,"Colorado Rv at Austin, TX",DJF1926,1925-26 El Nino,1925-10-18,26200.0,Approved
08158000,"Colorado Rv at Austin, TX",DJF1926,1925-26 El Nino,1926-02-09,810.0,Approved
08158000,"Colorado Rv at Austin, TX",DJF1926,1925-26 El Nino,1926-01-29,1690.0,Approved
08158000,"Colorado Rv at Austin, TX",DJF1926,1925-26 El Nino,1925-12-30,510.0,Approved
08158000,"Colorado Rv at Austin, TX",DJF1926,1925-26 El Nino,1925-09-16,7320.0,Approved
08158000,"Colorado Rv at Austin, TX",DJF1926,1925-26 El Nino,1925-11-28,885.0,Approved
08158000,"Colorado Rv at Austin, TX",DJF1926,1925-26 El Nino,1925-11-02,977.0,Approved
08158000,"Colorado Rv at Austin, TX",DJF1926,1925-26 El Nino,1926-02-27,500.0,Approved
08158000,"Colorado Rv at Austin, TX",DJF1926,1925-26 El Nino,1926-02-18,726.0,Approved
08158000,"Colorado Rv at Austin, TX",DJF1926,1925-26 El Nino,1926-02-21,500.0,Approved
08158000,"Colorado Rv at Austin, TX",DJF1926,1925-26 El Nino,1925-11-25,1010.0,Approved
08158000,"Colorado Rv at Austin, TX",DJF1926,1925-26 El Nino,1925-12-21,580.0,Approved
08158000,"Colorado Rv at Austin, TX",DJF1926,1925-26 El Nino,1925-10-12,612.0,Approved
08158000,"Colorado Rv at Austin, TX",DJF1926,1925-26 El Nino,1926-02-19,490.0,Approved
08158000,"Colorado Rv at Austin, TX",DJF1926,1925-26 El Nino,1925-11-29,885.0,Approved
08158000,"Colorado Rv at Austin, TX",DJF1926,1925-26 El Nino,1925-12-01,855.0,Approved
08158000,"Colorado Rv at Austin, TX",DJF1926,1925-26 El Nino,1925-12-16,602.0,Approved
08158000,"Colorado Rv at Austin, TX",DJF1926,1925-26 El Nino,1925-12-04,870.0,Approved
08158000,"Colorado Rv at Austin, TX",DJF1926,1925-26 El Nino,1926-01-27,2280.0,Approved
08158000,"Colorado Rv at Austin, TX",DJF1926,1925-26 El Nino,1925-09-21,2010.0,Approved
08158000,"Colorado Rv at Austin, TX",DJF1926,1925-26 El Nino,1925-10-25,2120.0,Approved
08158000,"Colorado Rv at Austin, TX",DJF1926,1925-26 El Nino,1925-10-26,2350.0,Approved
08158000,"Colorado Rv at Austin, TX",DJF1926,1925-26 El Nino,1925-12-28,480.0,Approved
08158000,"Colorado Rv at Austin, TX",DJF1926,1925-26 El Nino,1926-01-13,550.0,Approved
08158000,"Colorado Rv at Austin, TX",DJF1926,1925-26 El Nino,1926-01-09,613.0,Approved
08158000,"Colorado Rv at Austin, TX",DJF1926,1925-26 El Nino,1926-01-07,702.0,Approved
08158000,"Colorado Rv at Austin, TX",DJF1926,1925-26 El Nino,1926-01-18,2010.0,Approved
08158000,"Colorado Rv at Austin, TX",DJF1926,1925-26 El Nino,1925-10-14,1730.0,Approved
08158000,"Colorado Rv at Austin, TX",DJF1926,1925-26 El Nino,1925-09-07,855.0,Approved
08158000,"Colorado Rv at Austin, TX",DJF1926,1925-26 El Nino,1925-12-03,840.0,Approved
08158000,"Colorado Rv at Austin, TX",DJF1926,1925-26 El Nino,1925-09-03,2260.0,Approved
08158000,"Colorado Rv at Austin, TX",DJF1926,1925-26 El Nino,1925-12-29,490.0,Approved
08158000,"Colorado Rv at Austin, TX",DJF1926,1925-26 El Nino,1926-02-13,679.0,Approved
08158000,"Colorado Rv at Austin, TX",DJF1926,1925-26 El Nino,1925-11-01,1100.0,Approved
08158000,"Colorado Rv at Austin, TX",DJF1926,1925-26 El Nino,1925-09-08,750.0,Approved
08158000,"Colorado Rv at Austin, TX",DJF1926,1925-26 El Nino,1925-10-05,1180.0,Approved
08158000,"Colorado Rv at Austin, TX",DJF1926,1925-26 El Nino,1925-09-02,2050.0,Approved
08158000,"Colorado Rv at Austin, TX",DJF1926,1925-26 El Nino,1926-01-08,690.0,Approved
08158000,"Colorado Rv at Austin, TX",DJF1926,1925-26 El Nino,1925-09-23,1350.0,Approved
08158000,"Colorado Rv at Austin, TX",DJF1926,1925-26 El Nino,1925-12-15,613.0,Approved
08158000,"Colorado Rv at Austin, TX",DJF1926,1925-26 El Nino,1925-09-20,1840.0,Approved
08158000,"Colorado Rv at Austin, TX",DJF1926,1925-26 El Nino,1926-02-11,690.0,Approved
08158000,"Colorado Rv at Austin, TX",DJF1926,1925-26 El Nino,1925-09-26,960.0,Approved
08158000,"Colorado Rv at Austin, TX",DJF1926,1925-26 El Nino,1926-01-30,1500.0,Approved
08158000,"Colorado Rv at Austin, TX",DJF1926,1925-26 El Nino,1926-02-04,1010.0,Approved
08158000,"Colorado Rv at Austin, TX",DJF1926,1925-26 El Nino,1925-09-25,930.0,Approved
08158000,"Colorado Rv at Austin, TX",DJF1926,1925-26 El Nino,1926-01-26,2900.0,Approved
08158000,"Colorado Rv at Austin, TX",DJF1926,1925-26 El Nino,1926-02-06,960.0,Approved
08158000,"Colorado Rv at Austin, TX",DJF1926,1925-26 El Nino,1925-11-24,1030.0,Approved
08158000,"Colorado Rv at Austin, TX",DJF1926,1925-26 El Nino,1925-12-26,520.0,Approved
08158000,"Colorado Rv at Austin, TX",DJF1926,1925-26 El Nino,1925-10-16,12700.0,Approved
08158000,"Colorado Rv at Austin, TX",DJF1926,1925-26 El Nino,1925-09-19,2480.0,Approved
08158000,"Colorado Rv at Austin, TX",DJF1926,1925-26 El Nino,1926-01-19,2600.0,Approved
08158000,"Colorado Rv at Austin, TX",DJF1926,1925-26 El Nino,1925-12-17,591.0,Approved
08158000,"Colorado Rv at Austin, TX",DJF1926,1925-26 El Nino,1925-10-24,2550.0,Approved
08158000,"Colorado Rv at Austin, TX",DJF1926,1925-26 El Nino,1925-10-27,3090.0,Approved
08158000,"Colorado Rv at Austin, TX",DJF1926,1925-26 El Nino,1925-11-20,1270.0,Approved
08158000,"Colorado Rv at Austin, TX",DJF1926,1925-26 El Nino,1926-01-15,520.0,Approved
08158000,"Colorado Rv at Austin, TX",DJF1926,1925-26 El Nino,1925-11-10,8020.0,Approved
08158000,"Colorado Rv at Austin, TX",DJF1926,1925-26 El Nino,1926-02-07,870.0,Approved
08158000,"Colorado Rv at Austin, TX",DJF1926,1925-26 El Nino,1926-02-08,840.0,Approved
08158000,"Colorado Rv at Austin, TX",DJF1926,1925-26 El Nino,1925-10-04,1540.0,Approved
08158000,"Colorado Rv at Austin, TX",DJF1926,1925-26 El Nino,1925-10-13,3010.0,Approved
08158000,"Colorado Rv at Austin, TX",DJF1926,1925-26 El Nino,1925-12-08,702.0,Approved
08158000,"Colorado Rv at Austin, TX",DJF1926,1925-26 El Nino,1926-02-14,679.0,Approved
08158000,"Colorado Rv at Austin, TX",DJF1926,1925-26 El Nino,1926-01-03,624.0,Approved
08158000,"Colorado Rv at Austin, TX",DJF1926,1925-26 El Nino,1925-11-15,2240.0,Approved
08158000,"Colorado Rv at Austin, TX",DJF1926,1925-26 El Nino,1925-11-06,3230.0,Approved
08158000,"Colorado Rv at Austin, TX",DJF1926,1925-26 El Nino,1926-01-11,580.0,Approved
08158000,"Colorado Rv at Austin, TX",DJF1926,1925-26 El Nino,1926-01-21,2100.0,Approved
08158000,"Colorado Rv at Austin, TX",DJF1926,1925-26 El Nino,1925-09-14,885.0,Approved
08158000,"Colorado Rv at Austin, TX",DJF1926,1925-26 El Nino,1926-01-04,690.0,Approved
08158000,"Colorado Rv at Austin, TX",DJF1926,1925-26 El Nino,1925-09-04,1940.0,Approved
08158000,"Colorado Rv at Austin, TX",DJF1926,1925-26 El Nino,1925-10-23,3120.0,Approved
08158000,"Colorado Rv at Austin, TX",DJF1926,1925-26 El Nino,1925-09-17,6790.0,Approved
08158000,"Colorado Rv at Austin, TX",DJF1926,1925-26 El Nino,1926-01-01,530.0,Approved
08158000,"Colorado Rv at Austin, TX",DJF1926,1925-26 El Nino,1925-12-25,560.0,Approved
08158000,"Colorado Rv at Austin, TX",DJF1926,1925-26 El Nino,1925-11-17,1650.0,Approved
08158000,"Colorado Rv at Austin, TX",DJF1926,1925-26 El Nino,1925-12-06,714.0,Approved
08158000,"Colorado Rv at Austin, TX",DJF1926,1925-26 El Nino,1926-02-10,726.0,Approved
08158000,"Colorado Rv at Austin, TX",DJF1926,1925-26 El Nino,1926-01-25,4180.0,Approved
08158000,"Colorado Rv at Austin, TX",DJF1926,1925-26 El Nino,1925-10-03,1990.0,Approved
08158000,"Colorado Rv at Austin, TX",DJF1926,1925-26 El Nino,1925-09-18,3800.0,Approved
08158000,"Colorado Rv at Austin, TX",DJF1926,1925-26 El Nino,1925-12-14,657.0,Approved
08158000,"Colorado Rv at Austin, TX",DJF1926,1925-26 El Nino,1925-09-06,994.0,Approved
08158000,"Colorado Rv at Austin, TX",DJF1926,1925-26 El Nino,1925-12-19,550.0,Approved
08158000,"Colorado Rv at Austin, TX",DJF1926,1925-26 El Nino,1926-01-05,774.0,Approved
08158000,"Colorado Rv at Austin, TX",DJF1926,1925-26 El Nino,1925-11-19,1350.0,Approved
08158000,"Colorado Rv at Austin, TX",DJF1926,1925-26 El Nino,1926-01-02,613.0,Approved
08158000,"Colorado Rv at Austin, TX",DJF1926,1925-26 El Nino,1925-11-04,945.0,Approved
08158000,"Colorado Rv at Austin, TX",DJF1926,1925-26 El Nino,1925-11-11,5740.0,Approved
08158000,"Colorado Rv at Austin, TX",DJF1926,1925-26 El Nino,1925-12-13,613.0,Approved
08158000,"Colorado Rv at Austin, TX",DJF1926,1925-26 El Nino,1925-11-05,1150.0,Approved
08158000,"Colorado Rv at Austin, TX",DJF1926,1925-26 El Nino,1926-01-22,1670.0,Approved
08158000,"Colorado Rv at Austin, TX",DJF1926,1925-26 El Nino,1926-02-25,520.0,Approved
08158000,"Colorado Rv at Austin, TX",DJF1926,1925-26 El Nino,1925-11-26,977.0,Approved
08158000,"Colorado Rv at Austin, TX",DJF1926,1925-26 El Nino,1925-09-30,9420.0,Approved
08158000,"Colorado Rv at Austin, TX",DJF1926,1925-26 El Nino,1925-10-29,2120.0,Approved
08158000,"Colorado Rv at Austin, TX",DJF1926,1925-26 El Nino,1925-10-10,520.0,Approved
08158000,"Colorado Rv at Austin, TX",DJF1931,1930-31 El Nino,1931-01-29,2020.0,Approved
08158000,"Colorado Rv at Austin, TX",DJF1931,1930-31 El Nino,1930-09-15,3250.0,Approved
08158000,"Colorado Rv at Austin, TX",DJF1931,1930-31 El Nino,1930-11-04,1810.0,Approved
08158000,"Colorado Rv at Austin, TX",DJF1931,1930-31 El Nino,1930-11-30,652.0,Approved
08158000,"Colorado Rv at Austin, TX",DJF1931,1930-31 El Nino,1931-02-12,3230.0,Approved
08158000,"Colorado Rv at Austin, TX",DJF1931,1930-31 El Nino,1930-12-20,1120.0,Approved
08158000,"Colorado Rv at Austin, TX",DJF1931,1930-31 El Nino,1930-10-14,16600.0,Approved
08158000,"Colorado Rv at Austin, TX",DJF1931,1930-31 El Nino,1931-01-31,3400.0,Approved
08158000,"Colorado Rv at Austin, TX",DJF1931,1930-31 El Nino,1931-01-11,835.0,Approved
08158000,"Colorado Rv at Austin, TX",DJF1931,1930-31 El Nino,1930-11-21,990.0,Approved
08158000,"Colorado Rv at Austin, TX",DJF1931,1930-31 El Nino,1931-01-28,2000.0,Approved
08158000,"Colorado Rv at Austin, TX",DJF1931,1930-31 El Nino,1930-10-11,38600.0,Approved
08158000,"Colorado Rv at Austin, TX",DJF1931,1930-31 El Nino,1930-11-17,1260.0,Approved
08158000,"Colorado Rv at Austin, TX",DJF1931,1930-31 El Nino,1930-09-02,310.0,Approved
08158000,"Colorado Rv at Austin, TX",DJF1931,1930-31 El Nino,1931-02-13,4300.0,Approved
08158000,"Colorado Rv at Austin, TX",DJF1931,1930-31 El Nino,1930-09-26,376.0,Approved
08158000,"Colorado Rv at Austin, TX",DJF1931,1930-31 El Nino,1930-09-04,240.0,Approved
08158000,"Colorado Rv at Austin, TX",DJF1931,1930-31 El Nino,1930-10-24,3520.0,Approved
08158000,"Colorado Rv at Austin, TX",DJF1931,1930-31 El Nino,1930-11-24,835.0,Approved
08158000,"Colorado Rv at Austin, TX",DJF1931,1930-31 El Nino,1930-12-15,1650.0,Approved
08158000,"Colorado Rv at Austin, TX",DJF1931,1930-31 El Nino,1931-01-12,805.0,Approved
08158000,"Colorado Rv at Austin, TX",DJF1931,1930-31 El Nino,1930-11-28,640.0,Approved
08158000,"Colorado Rv at Austin, TX",DJF1931,1930-31 El Nino,1931-02-18,5470.0,Approved
08158000,"Colorado Rv at Austin, TX",DJF1931,1930-31 El Nino,1931-01-15,835.0,Approved
08158000,"Colorado Rv at Austin, TX",DJF1931,1930-31 El Nino,1930-11-19,1090.0,Approved
08158000,"Colorado Rv at Austin, TX",DJF1931,1930-31 El Nino,1930-10-09,55600.0,Approved
08158000,"Colorado Rv at Austin, TX",DJF1931,1930-31 El Nino,1931-01-16,1040.0,Approved
08158000,"Colorado Rv at Austin, TX",DJF1931,1930-31 El Nino,1930-10-04,450.0,Approved
08158000,"Colorado Rv at Austin, TX",DJF1931,1930-31 El Nino,1931-02-28,5100.0,Approved
08158000,"Colorado Rv at Austin, TX",DJF1931,1930-31 El Nino,1931-01-09,790.0,Approved
08158000,"Colorado Rv at Austin, TX",DJF1931,1930-31 El Nino,1930-09-19,842.0,Approved
08158000,"Colorado Rv at Austin, TX",DJF1931,1930-31 El Nino,1930-09-12,500.0,Approved
08158000,"Colorado Rv at Austin, TX",DJF1931,1930-31 El Nino,1930-10-18,66200.0,Approved
08158000,"Colorado Rv at Austin, TX",DJF1931,1930-31 El Nino,1931-01-05,865.0,Approved
08158000,"Colorado Rv at Austin, TX",DJF1931,1930-31 El Nino,1931-02-04,3910.0,Approved
08158000,"Colorado Rv at Austin, TX",DJF1931,1930-31 El Nino,1930-12-26,1140.0,Approved
08158000,"Colorado Rv at Austin, TX",DJF1931,1930-31 El Nino,1931-02-14,3910.0,Approved
08158000,"Colorado Rv at Austin, TX",DJF1931,1930-31 El Nino,1931-01-06,850.0,Approved
08158000,"Colorado Rv at Austin, TX",DJF1931,1930-31 El Nino,1931-01-18,9610.0,Approved
08158000,"Colorado Rv at Austin, TX",DJF1931,1930-31 El Nino,1930-12-16,1460.0,Approved
08158000,"Colorado Rv at Austin, TX",DJF1931,1930-31 El Nino,1931-01-13,850.0,Approved
08158000,"Colorado Rv at Austin, TX",DJF1931,1930-31 El Nino,1931-02-21,2920.0,Approved
08158000,"Colorado Rv at Austin, TX",DJF1931,1930-31 El Nino,1930-12-27,1090.0,Approved
08158000,"Colorado Rv at Austin, TX",DJF1931,1930-31 El Nino,1930-12-24,1090.0,Approved
08158000,"Colorado Rv at Austin, TX",DJF1931,1930-31 El Nino,1931-01-26,2150.0,Approved
08158000,"Colorado Rv at Austin, TX",DJF1931,1930-31 El Nino,1930-10-07,79500.0,Approved
08158000,"Colorado Rv at Austin, TX",DJF1931,1930-31 El Nino,1930-09-21,526.0,Approved
08158000,"Colorado Rv at Austin, TX",DJF1931,1930-31 El Nino,1930-09-01,252.0,Approved
08158000,"Colorado Rv at Austin, TX",DJF1931,1930-31 El Nino,1930-12-28,1070.0,Approved
08158000,"Colorado Rv at Austin, TX",DJF1931,1930-31 El Nino,1930-09-20,798.0,Approved
08158000,"Colorado Rv at Austin, TX",DJF1931,1930-31 El Nino,1930-11-02,1770.0,Approved
08158000,"Colorado Rv at Austin, TX",DJF1931,1930-31 El Nino,1930-12-18,1280.0,Approved
08158000,"Colorado Rv at Austin, TX",DJF1931,1930-31 El Nino,1930-11-01,1940.0,Approved
08158000,"Colorado Rv at Austin, TX",DJF1931,1930-31 El Nino,1930-09-27,300.0,Approved
08158000,"Colorado Rv at Austin, TX",DJF1931,1930-31 El Nino,1930-12-21,1120.0,Approved
08158000,"Colorado Rv at Austin, TX",DJF1931,1930-31 El Nino,1930-12-13,2190.0,Approved
08158000,"Colorado Rv at Austin, TX",DJF1931,1930-31 El Nino,1930-09-06,215.0,Approved
08158000,"Colorado Rv at Austin, TX",DJF1931,1930-31 El Nino,1931-02-24,10500.0,Approved
08158000,"Colorado Rv at Austin, TX",DJF1931,1930-31 El Nino,1930-10-01,250.0,Approved
08158000,"Colorado Rv at Austin, TX",DJF1931,1930-31 El Nino,1930-11-07,1480.0,Approved
08158000,"Colorado Rv at Austin, TX",DJF1931,1930-31 El Nino,1931-01-30,3110.0,Approved
08158000,"Colorado Rv at Austin, TX",DJF1931,1930-31 El Nino,1931-02-26,6350.0,Approved
08158000,"Colorado Rv at Austin, TX",DJF1931,1930-31 El Nino,1931-02-07,3780.0,Approved
08158000,"Colorado Rv at Austin, TX",DJF1931,1930-31 El Nino,1931-02-03,3160.0,Approved
08158000,"Colorado Rv at Austin, TX",DJF1931,1930-31 El Nino,1931-01-03,895.0,Approved
08158000,"Colorado Rv at Austin, TX",DJF1931,1930-31 El Nino,1931-01-04,910.0,Approved
08158000,"Colorado Rv at Austin, TX",DJF1931,1930-31 El Nino,1930-10-06,1620.0,Approved
08158000,"Colorado Rv at Austin, TX",DJF1931,1930-31 El Nino,1930-11-15,1440.0,Approved
08158000,"Colorado Rv at Austin, TX",DJF1931,1930-31 El Nino,1930-10-03,245.0,Approved
08158000,"Colorado Rv at Austin, TX",DJF1931,1930-31 El Nino,1931-01-22,3400.0,Approved
08158000,"Colorado Rv at Austin, TX",DJF1931,1930-31 El Nino,1931-01-25,2300.0,Approved
08158000,"Colorado Rv at Austin, TX",DJF1931,1930-31 El Nino,1930-09-10,221.0,Approved
08158000,"Colorado Rv at Austin, TX",DJF1931,1930-31 El Nino,1930-09-07,180.0,Approved
08158000,"Colorado Rv at Austin, TX",DJF1931,1930-31 El Nino,1931-01-02,895.0,Approved
08158000,"Colorado Rv at Austin, TX",DJF1931,1930-31 El Nino,1930-11-29,664.0,Approved
08158000,"Colorado Rv at Austin, TX",DJF1931,1930-31 El Nino,1931-02-20,3300.0,Approved
08158000,"Colorado Rv at Austin, TX",DJF1931,1930-31 El Nino,1930-12-07,3940.0,Approved
08158000,"Colorado Rv at Austin, TX",DJF1931,1930-31 El Nino,1931-02-25,7470.0,Approved
08158000,"Colorado Rv at Austin, TX",DJF1931,1930-31 El Nino,1931-02-15,4960.0,Approved
08158000,"Colorado Rv at Austin, TX",DJF1931,1930-31 El Nino,1930-12-19,1210.0,Approved
08158000,"Colorado Rv at Austin, TX",DJF1931,1930-31 El Nino,1931-02-16,3910.0,Approved
08158000,"Colorado Rv at Austin, TX",DJF1931,1930-31 El Nino,1930-09-03,280.0,Approved
08158000,"Colorado Rv at Austin, TX",DJF1931,1930-31 El Nino,1930-09-05,240.0,Approved
08158000,"Colorado Rv at Austin, TX",DJF1931,1930-31 El Nino,1930-09-25,330.0,Approved
08158000,"Colorado Rv at Austin, TX",DJF1931,1930-31 El Nino,1930-10-21,6520.0,Approved
08158000,"Colorado Rv at Austin, TX",DJF1931,1930-31 El Nino,1930-12-29,974.0,Approved
08158000,"Colorado Rv at Austin, TX",DJF1931,1930-31 El Nino,1931-01-07,880.0,Approved
08158000,"Colorado Rv at Austin, TX",DJF1931,1930-31 El Nino,1930-10-20,18900.0,Approved
08158000,"Colorado Rv at Austin, TX",DJF1931,1930-31 El Nino,1931-02-09,3380.0,Approved
08158000,"Colorado Rv at Austin, TX",DJF1931,1930-31 El Nino,1931-02-05,3650.0,Approved
08158000,"Colorado Rv at Austin, TX",DJF1931,1930-31 El Nino,1930-09-29,290.0,Approved
08158000,"Colorado Rv at Austin, TX",DJF1931,1930-31 El Nino,1930-09-11,210.0,Approved
08158000,"Colorado Rv at Austin, TX",DJF1931,1930-31 El Nino,1930-10-27,4430.0,Approved
08158000,"Colorado Rv at Austin, TX",DJF1931,1930-31 El Nino,1930-12-12,2610.0,Approved
08158000,"Colorado Rv at Austin, TX",DJF1931,1930-31 El Nino,1931-01-24,2520.0,Approved
08158000,"Colorado Rv at Austin, TX",DJF1931,1930-31 El Nino,1931-01-14,835.0,Approved
08158000,"Colorado Rv at Austin, TX",DJF1931,1930-31 El Nino,1930-10-16,39000.0,Approved
08158000,"Colorado Rv at Austin, TX",DJF1931,1930-31 El Nino,1931-01-01,926.0,Approved
08158000,"Colorado Rv at Austin, TX",DJF1931,1930-31 El Nino,1931-02-19,4040.0,Approved
08158000,"Colorado Rv at Austin, TX",DJF1931,1930-31 El Nino,1930-10-13,6820.0,Approved
08158000,"Colorado Rv at Austin, TX",DJF1931,1930-31 El Nino,1931-02-01,3400.0,Approved
08158000,"Colorado Rv at Austin, TX",DJF1931,1930-31 El Nino,1930-09-22,467.0,Approved
08158000,"Colorado Rv at Austin, TX",DJF1931,1930-31 El Nino,1931-02-06,4170.0,Approved
08158000,"Colorado Rv at Austin, TX",DJF1931,1930-31 El Nino,1931-02-22,3930.0,Approved
08158000,"Colorado Rv at Austin, TX",DJF1931,1930-31 El Nino,1930-10-02,250.0,Approved
08158000,"Colorado Rv at Austin, TX",DJF1931,1930-31 El Nino,1930-12-25,1140.0,Approved
08158000,"Colorado Rv at Austin, TX",DJF1931,1930-31 El Nino,1930-10-15,21200.0,Approved
08158000,"Colorado Rv at Austin, TX",DJF1931,1930-31 El Nino,1930-09-14,4340.0,Approved
08158000,"Colorado Rv at Austin, TX",DJF1931,1930-31 El Nino,1931-01-19,7960.0,Approved
08158000,"Colorado Rv at Austin, TX",DJF1931,1930-31 El Nino,1930-11-03,1710.0,Approved
08158000,"Colorado Rv at Austin, TX",DJF1931,1930-31 El Nino,1930-09-16,2150.0,Approved
08158000,"Colorado Rv at Austin, TX",DJF1931,1930-31 El Nino,1931-02-02,3350.0,Approved
08158000,"Colorado Rv at Austin, TX",DJF1931,1930-31 El Nino,1930-12-22,1090.0,Approved
08158000,"Colorado Rv at Austin, TX",DJF1931,1930-31 El Nino,1930-11-13,1260.0,Approved
08158000,"Colorado Rv at Austin, TX",DJF1931,1930-31 El Nino,1930-10-30,2730.0,Approved
08158000,"Colorado Rv at Austin, TX",DJF1931,1930-31 El Nino,1930-11-25,736.0,Approved
08158000,"Colorado Rv at Austin, TX",DJF1931,1930-31 El Nino,1930-10-23,4040.0,Approved
08158000,"Colorado Rv at Austin, TX",DJF1931,1930-31 El Nino,1930-12-04,2400.0,Approved
08158000,"Colorado Rv at Austin, TX",DJF1931,1930-31 El Nino,1931-02-08,3380.0,Approved
08158000,"Colorado Rv at Austin, TX",DJF1931,1930-31 El Nino,1931-01-21,4430.0,Approved
08158000,"Colorado Rv at Austin, TX",DJF1931,1930-31 El Nino,1931-02-11,3910.0,Approved
08158000,"Colorado Rv at Austin, TX",DJF1931,1930-31 El Nino,1931-01-10,760.0,Approved
08158000,"Colorado Rv at Austin, TX",DJF1931,1930-31 El Nino,1930-12-31,926.0,Approved
08158000,"Colorado Rv at Austin, TX",DJF1931,1930-31 El Nino,1930-12-09,8870.0,Approved
08158000,"Colorado Rv at Austin, TX",DJF1931,1930-31 El Nino,1930-10-08,66300.0,Approved
08158000,"Colorado Rv at Austin, TX",DJF1931,1930-31 El Nino,1930-12-10,6560.0,Approved
08158000,"Colorado Rv at Austin, TX",DJF1931,1930-31 El Nino,1930-11-14,1280.0,Approved
08158000,"Colorado Rv at Austin, TX",DJF1931,1930-31 El Nino,1930-10-28,4430.0,Approved
08158000,"Colorado Rv at Austin, TX",DJF1931,1930-31 El Nino,1930-11-16,1380.0,Approved
08158000,"Colorado Rv at Austin, TX",DJF1931,1930-31 El Nino,1930-10-31,2500.0,Approved
08158000,"Colorado Rv at Austin, TX",DJF1931,1930-31 El Nino,1930-10-22,4430.0,Approved
08158000,"Colorado Rv at Austin, TX",DJF1931,1930-31 El Nino,1930-11-27,700.0,Approved
08158000,"Colorado Rv at Austin, TX",DJF1931,1930-31 El Nino,1930-12-03,1400.0,Approved
08158000,"Colorado Rv at Austin, TX",DJF1931,1930-31 El Nino,1931-02-27,5370.0,Approved
08158000,"Colorado Rv at Austin, TX",DJF1931,1930-31 El Nino,1931-01-20,5790.0,Approved
08158000,"Colorado Rv at Austin, TX",DJF1931,1930-31 El Nino,1930-11-22,958.0,Approved
08158000,"Colorado Rv at Austin, TX",DJF1931,1930-31 El Nino,1930-12-06,8860.0,Approved
08158000,"Colorado Rv at Austin, TX",DJF1931,1930-31 El Nino,1930-11-12,1240.0,Approved
08158000,"Colorado Rv at Austin, TX",DJF1931,1930-31 El Nino,1930-11-05,1770.0,Approved
08158000,"Colorado Rv at Austin, TX",DJF1931,1930-31 El Nino,1930-12-23,1070.0,Approved
08158000,"Colorado Rv at Austin, TX",DJF1931,1930-31 El Nino,1930-11-20,1010.0,Approved
08158000,"Colorado Rv at Austin, TX",DJF1931,1930-31 El Nino,1930-10-12,11200.0,Approved
08158000,"Colorado Rv at Austin, TX",DJF1931,1930-31 El Nino,1930-09-28,320.0,Approved
08158000,"Colorado Rv at Austin, TX",DJF1931,1930-31 El Nino,1930-12-17,1330.0,Approved
08158000,"Colorado Rv at Austin, TX",DJF1931,1930-31 El Nino,1930-09-24,366.0,Approved
08158000,"Colorado Rv at Austin, TX",DJF1931,1930-31 El Nino,1930-12-02,1340.0,Approved
08158000,"Colorado Rv at Austin, TX",DJF1931,1930-31 El Nino,1930-09-17,1550.0,Approved
08158000,"Colorado Rv at Austin, TX",DJF1931,1930-31 El Nino,1930-12-01,652.0,Approved
08158000,"Colorado Rv at Austin, TX",DJF1931,1930-31 El Nino,1930-12-05,3660.0,Approved
08158000,"Colorado Rv at Austin, TX",DJF1931,1930-31 El Nino,1930-09-08,158.0,Approved
08158000,"Colorado Rv at Austin, TX",DJF1931,1930-31 El Nino,1930-12-11,3620.0,Approved
08158000,"Colorado Rv at Austin, TX",DJF1931,1930-31 El Nino,1930-10-29,3300.0,Approved
08158000,"Colorado Rv at Austin, TX",DJF1931,1930-31 El Nino,1930-09-30,280.0,Approved
08158000,"Colorado Rv at Austin, TX",DJF1931,1930-31 El Nino,1931-02-23,10400.0,Approved
08158000,"Colorado Rv at Austin, TX",DJF1931,1930-31 El Nino,1930-11-10,1260.0,Approved
08158000,"Colorado Rv at Austin, TX",DJF1931,1930-31 El Nino,1930-12-30,958.0,Approved
08158000,"Colorado Rv at Austin, TX",DJF1931,1930-31 El Nino,1930-10-05,585.0,Approved
08158000,"Colorado Rv at Austin, TX",DJF1931,1930-31 El Nino,1930-10-17,51300.0,Approved
08158000,"Colorado Rv at Austin, TX",DJF1931,1930-31 El Nino,1930-11-11,1240.0,Approved
08158000,"Colorado Rv at Austin, TX",DJF1931,1930-31 El Nino,1930-10-26,3380.0,Approved
08158000,"Colorado Rv at Austin, TX",DJF1931,1930-31 El Nino,1930-10-19,56700.0,Approved
08158000,"Colorado Rv at Austin, TX",DJF1931,1930-31 El Nino,1930-11-23,865.0,Approved
08158000,"Colorado Rv at Austin, TX",DJF1931,1930-31 El Nino,1931-01-23,2870.0,Approved
08158000,"Colorado Rv at Austin, TX",DJF1931,1930-31 El Nino,1930-09-18,1140.0,Approved
08158000,"Colorado Rv at Austin, TX",DJF1931,1930-31 El Nino,1930-09-09,156.0,Approved
08158000,"Colorado Rv at Austin, TX",DJF1931,1930-31 El Nino,1930-11-26,748.0,Approved
08158000,"Colorado Rv at Austin, TX",DJF1931,1930-31 El Nino,1930-11-08,1370.0,Approved
08158000,"Colorado Rv at Austin, TX",DJF1931,1930-31 El Nino,1930-10-10,48400.0,Approved
08158000,"Colorado Rv at Austin, TX",DJF1931,1930-31 El Nino,1931-01-27,2040.0,Approved
08158000,"Colorado Rv at Austin, TX",DJF1931,1930-31 El Nino,1931-01-08,835.0,Approved
08158000,"Colorado Rv at Austin, TX",DJF1931,1930-31 El Nino,1930-10-25,3380.0,Approved
08158000,"Colorado Rv at Austin, TX",DJF1931,1930-31 El Nino,1931-01-17,2940.0,Approved
08158000,"Colorado Rv at Austin, TX",DJF1931,1930-31 El Nino,1930-11-18,1100.0,Approved
08158000,"Colorado Rv at Austin, TX",DJF1931,1930-31 El Nino,1930-09-13,3810.0,Approved
08158000,"Colorado Rv at Austin, TX",DJF1931,1930-31 El Nino,1930-11-06,1650.0,Approved
08158000,"Colorado Rv at Austin, TX",DJF1931,1930-31 El Nino,1930-12-14,1830.0,Approved
08158000,"Colorado Rv at Austin, TX",DJF1931,1930-31 El Nino,1930-11-09,1290.0,Approved
08158000,"Colorado Rv at Austin, TX",DJF1931,1930-31 El Nino,1931-02-17,6700.0,Approved
08158000,"Colorado Rv at Austin, TX",DJF1931,1930-31 El Nino,1930-12-08,3020.0,Approved
08158000,"Colorado Rv at Austin, TX",DJF1931,1930-31 El Nino,1930-09-23,408.0,Approved
08158000,"Colorado Rv at Austin, TX",DJF1931,1930-31 El Nino,1931-02-10,3910.0,Approved
08158000,"Colorado Rv at Austin, TX",DJF1941,1940-41 El Nino,1940-11-12,1690.0,Approved
08158000,"Colorado Rv at Austin, TX",DJF1941,1940-41 El Nino,1940-11-09,1720.0,Approved
08158000,"Colorado Rv at Austin, TX",DJF1941,1940-41 El Nino,1940-11-22,1790.0,Approved
08158000,"Colorado Rv at Austin, TX",DJF1941,1940-41 El Nino,1940-11-02,1460.0,Approved
08158000,"Colorado Rv at Austin, TX",DJF1941,1940-41 El Nino,1940-09-10,882.0,Approved
08158000,"Colorado Rv at Austin, TX",DJF1941,1940-41 El Nino,1940-12-26,2740.0,Approved
08158000,"Colorado Rv at Austin, TX",DJF1941,1940-41 El Nino,1941-01-29,2300.0,Approved
08158000,"Colorado Rv at Austin, TX",DJF1941,1940-41 El Nino,1940-09-26,1550.0,Approved
08158000,"Colorado Rv at Austin, TX",DJF1941,1940-41 El Nino,1940-10-23,2100.0,Approved
08158000,"Colorado Rv at Austin, TX",DJF1941,1940-41 El Nino,1940-10-07,1040.0,Approved
08158000,"Colorado Rv at Austin, TX",DJF1941,1940-41 El Nino,1941-02-20,3340.0,Approved
08158000,"Colorado Rv at Austin, TX",DJF1941,1940-41 El Nino,1941-02-14,3110.0,Approved
08158000,"Colorado Rv at Austin, TX",DJF1941,1940-41 El Nino,1940-09-09,1550.0,Approved
08158000,"Colorado Rv at Austin, TX",DJF1941,1940-41 El Nino,1940-12-09,1270.0,Approved
08158000,"Colorado Rv at Austin, TX",DJF1941,1940-41 El Nino,1941-01-30,1710.0,Approved
08158000,"Colorado Rv at Austin, TX",DJF1941,1940-41 El Nino,1940-10-10,1170.0,Approved
08158000,"Colorado Rv at Austin, TX",DJF1941,1940-41 El Nino,1940-12-30,3950.0,Approved
08158000,"Colorado Rv at Austin, TX",DJF1941,1940-41 El Nino,1940-10-15,1650.0,Approved
08158000,"Colorado Rv at Austin, TX",DJF1941,1940-41 El Nino,1940-10-08,1120.0,Approved
08158000,"Colorado Rv at Austin, TX",DJF1941,1940-41 El Nino,1941-02-13,3220.0,Approved
08158000,"Colorado Rv at Austin, TX",DJF1941,1940-41 El Nino,1941-01-31,1450.0,Approved
08158000,"Colorado Rv at Austin, TX",DJF1941,1940-41 El Nino,1940-12-10,1580.0,Approved
08158000,"Colorado Rv at Austin, TX",DJF1941,1940-41 El Nino,1941-01-01,1920.0,Approved
08158000,"Colorado Rv at Austin, TX",DJF1941,1940-41 El Nino,1940-09-25,1860.0,Approved
08158000,"Colorado Rv at Austin, TX",DJF1941,1940-41 El Nino,1940-12-08,1410.0,Approved
08158000,"Colorado Rv at Austin, TX",DJF1941,1940-41 El Nino,1940-10-02,1090.0,Approved
08158000,"Colorado Rv at Austin, TX",DJF1941,1940-41 El Nino,1940-11-27,1630.0,Approved
08158000,"Colorado Rv at Austin, TX",DJF1941,1940-41 El Nino,1940-12-29,5900.0,Approved
08158000,"Colorado Rv at Austin, TX",DJF1941,1940-41 El Nino,1940-10-17,1250.0,Approved
08158000,"Colorado Rv at Austin, TX",DJF1941,1940-41 El Nino,1940-12-22,3600.0,Approved
08158000,"Colorado Rv at Austin, TX",DJF1941,1940-41 El Nino,1940-09-03,1410.0,Approved
08158000,"Colorado Rv at Austin, TX",DJF1941,1940-41 El Nino,1940-12-25,2970.0,Approved
08158000,"Colorado Rv at Austin, TX",DJF1941,1940-41 El Nino,1940-12-16,20700.0,Approved
08158000,"Colorado Rv at Austin, TX",DJF1941,1940-41 El Nino,1940-11-25,2360.0,Approved
08158000,"Colorado Rv at Austin, TX",DJF1941,1940-41 El Nino,1940-12-06,1360.0,Approved
08158000,"Colorado Rv at Austin, TX",DJF1941,1940-41 El Nino,1941-02-19,3320.0,Approved
08158000,"Colorado Rv at Austin, TX",DJF1941,1940-41 El Nino,1940-11-21,1500.0,Approved
08158000,"Colorado Rv at Austin, TX",DJF1941,1940-41 El Nino,1940-09-02,1560.0,Approved
08158000,"Colorado Rv at Austin, TX",DJF1941,1940-41 El Nino,1940-10-29,1870.0,Approved
08158000,"Colorado Rv at Austin, TX",DJF1941,1940-41 El Nino,1940-12-19,5230.0,Approved
08158000,"Colorado Rv at Austin, TX",DJF1941,1940-41 El Nino,1940-10-05,1290.0,Approved
08158000,"Colorado Rv at Austin, TX",DJF1941,1940-41 El Nino,1940-09-29,1060.0,Approved
08158000,"Colorado Rv at Austin, TX",DJF1941,1940-41 El Nino,1941-01-24,1900.0,Approved
08158000,"Colorado Rv at Austin, TX",DJF1941,1940-41 El Nino,1940-11-01,1500.0,Approved
08158000,"Colorado Rv at Austin, TX",DJF1941,1940-41 El Nino,1940-09-08,1630.0,Approved
08158000,"Colorado Rv at Austin, TX",DJF1941,1940-41 El Nino,1940-12-13,1900.0,Approved
08158000,"Colorado Rv at Austin, TX",DJF1941,1940-41 El Nino,1941-01-28,2040.0,Approved
08158000,"Colorado Rv at Austin, TX",DJF1941,1940-41 El Nino,1940-10-11,1570.0,Approved
08158000,"Colorado Rv at Austin, TX",DJF1941,1940-41 El Nino,1941-02-17,3250.0,Approved
08158000,"Colorado Rv at Austin, TX",DJF1941,1940-41 El Nino,1941-01-15,2930.0,Approved
08158000,"Colorado Rv at Austin, TX",DJF1941,1940-41 El Nino,1940-11-16,1550.0,Approved
08158000,"Colorado Rv at Austin, TX",DJF1941,1940-41 El Nino,1940-09-19,1950.0,Approved
08158000,"Colorado Rv at Austin, TX",DJF1941,1940-41 El Nino,1940-11-15,1540.0,Approved
08158000,"Colorado Rv at Austin, TX",DJF1941,1940-41 El Nino,1941-02-06,2080.0,Approved
08158000,"Colorado Rv at Austin, TX",DJF1941,1940-41 El Nino,1941-02-16,2860.0,Approved
08158000,"Colorado Rv at Austin, TX",DJF1941,1940-41 El Nino,1940-12-31,3360.0,Approved
08158000,"Colorado Rv at Austin, TX",DJF1941,1940-41 El Nino,1940-09-17,1720.0,Approved
08158000,"Colorado Rv at Austin, TX",DJF1941,1940-41 El Nino,1941-01-10,2020.0,Approved
08158000,"Colorado Rv at Austin, TX",DJF1941,1940-41 El Nino,1940-11-19,1420.0,Approved
08158000,"Colorado Rv at Austin, TX",DJF1941,1940-41 El Nino,1941-01-18,2960.0,Approved
08158000,"Colorado Rv at Austin, TX",DJF1941,1940-41 El Nino,1940-12-03,1510.0,Approved
08158000,"Colorado Rv at Austin, TX",DJF1941,1940-41 El Nino,1940-10-18,1250.0,Approved
08158000,"Colorado Rv at Austin, TX",DJF1941,1940-41 El Nino,1940-10-20,894.0,Approved
08158000,"Colorado Rv at Austin, TX",DJF1941,1940-41 El Nino,1941-02-26,3750.0,Approved
08158000,"Colorado Rv at Austin, TX",DJF1941,1940-41 El Nino,1941-01-02,3780.0,Approved
08158000,"Colorado Rv at Austin, TX",DJF1941,1940-41 El Nino,1940-12-05,1460.0,Approved
08158000,"Colorado Rv at Austin, TX",DJF1941,1940-41 El Nino,1940-11-08,1350.0,Approved
08158000,"Colorado Rv at Austin, TX",DJF1941,1940-41 El Nino,1940-11-30,1480.0,Approved
08158000,"Colorado Rv at Austin, TX",DJF1941,1940-41 El Nino,1941-02-12,3140.0,Approved
08158000,"Colorado Rv at Austin, TX",DJF1941,1940-41 El Nino,1940-12-04,1640.0,Approved
08158000,"Colorado Rv at Austin, TX",DJF1941,1940-41 El Nino,1940-12-21,3690.0,Approved
08158000,"Colorado Rv at Austin, TX",DJF1941,1940-41 El Nino,1940-12-11,2660.0,Approved
08158000,"Colorado Rv at Austin, TX",DJF1941,1940-41 El Nino,1940-10-19,1400.0,Approved
08158000,"Colorado Rv at Austin, TX",DJF1941,1940-41 El Nino,1941-01-22,2650.0,Approved
08158000,"Colorado Rv at Austin, TX",DJF1941,1940-41 El Nino,1940-10-03,1260.0,Approved
08158000,"Colorado Rv at Austin, TX",DJF1941,1940-41 El Nino,1940-10-30,1850.0,Approved
08158000,"Colorado Rv at Austin, TX",DJF1941,1940-41 El Nino,1940-11-29,1510.0,Approved
08158000,"Colorado Rv at Austin, TX",DJF1941,1940-41 El Nino,1940-11-17,1360.0,Approved
08158000,"Colorado Rv at Austin, TX",DJF1941,1940-41 El Nino,1940-12-20,5100.0,Approved
08158000,"Colorado Rv at Austin, TX",DJF1941,1940-41 El Nino,1940-11-07,1190.0,Approved
08158000,"Colorado Rv at Austin, TX",DJF1941,1940-41 El Nino,1940-09-07,1850.0,Approved
08158000,"Colorado Rv at Austin, TX",DJF1941,1940-41 El Nino,1941-02-28,3250.0,Approved
08158000,"Colorado Rv at Austin, TX",DJF1941,1940-41 El Nino,1940-09-15,1110.0,Approved
08158000,"Colorado Rv at Austin, TX",DJF1941,1940-41 El Nino,1940-09-20,1510.0,Approved
08158000,"Colorado Rv at Austin, TX",DJF1941,1940-41 El Nino,1940-09-05,1110.0,Approved
08158000,"Colorado Rv at Austin, TX",DJF1941,1940-41 El Nino,1941-02-07,2400.0,Approved
08158000,"Colorado Rv at Austin, TX",DJF1941,1940-41 El Nino,1940-10-21,1320.0,Approved
08158000,"Colorado Rv at Austin, TX",DJF1941,1940-41 El Nino,1941-02-15,3130.0,Approved
08158000,"Colorado Rv at Austin, TX",DJF1941,1940-41 El Nino,1941-02-23,3250.0,Approved
08158000,"Colorado Rv at Austin, TX",DJF1941,1940-41 El Nino,1940-12-12,2130.0,Approved
08158000,"Colorado Rv at Austin, TX",DJF1941,1940-41 El Nino,1940-12-01,1450.0,Approved
08158000,"Colorado Rv at Austin, TX",DJF1941,1940-41 El Nino,1940-11-26,1670.0,Approved
08158000,"Colorado Rv at Austin, TX",DJF1941,1940-41 El Nino,1940-11-05,1370.0,Approved
08158000,"Colorado Rv at Austin, TX",DJF1941,1940-41 El Nino,1940-12-18,7000.0,Approved
08158000,"Colorado Rv at Austin, TX",DJF1941,1940-41 El Nino,1940-10-12,882.0,Approved
08158000,"Colorado Rv at Austin, TX",DJF1941,1940-41 El Nino,1940-11-13,1340.0,Approved
08158000,"Colorado Rv at Austin, TX",DJF1941,1940-41 El Nino,1940-10-13,990.0,Approved
08158000,"Colorado Rv at Austin, TX",DJF1941,1940-41 El Nino,1940-12-02,1440.0,Approved
08158000,"Colorado Rv at Austin, TX",DJF1941,1940-41 El Nino,1941-02-04,5020.0,Approved
08158000,"Colorado Rv at Austin, TX",DJF1941,1940-41 El Nino,1940-10-28,2180.0,Approved
08158000,"Colorado Rv at Austin, TX",DJF1941,1940-41 El Nino,1940-11-23,2200.0,Approved
08158000,"Colorado Rv at Austin, TX",DJF1941,1940-41 El Nino,1940-12-24,2260.0,Approved
08158000,"Colorado Rv at Austin, TX",DJF1941,1940-41 El Nino,1940-11-06,1130.0,Approved
08158000,"Colorado Rv at Austin, TX",DJF1941,1940-41 El Nino,1940-10-24,2190.0,Approved
08158000,"Colorado Rv at Austin, TX",DJF1941,1940-41 El Nino,1940-10-27,930.0,Approved
08158000,"Colorado Rv at Austin, TX",DJF1941,1940-41 El Nino,1940-09-06,1410.0,Approved
08158000,"Colorado Rv at Austin, TX",DJF1941,1940-41 El Nino,1941-01-04,1660.0,Approved
08158000,"Colorado Rv at Austin, TX",DJF1941,1940-41 El Nino,1940-11-20,1490.0,Approved
08158000,"Colorado Rv at Austin, TX",DJF1941,1940-41 El Nino,1941-01-25,1870.0,Approved
08158000,"Colorado Rv at Austin, TX",DJF1941,1940-41 El Nino,1940-09-13,3260.0,Approved
08158000,"Colorado Rv at Austin, TX",DJF1941,1940-41 El Nino,1940-11-24,3560.0,Approved
08158000,"Colorado Rv at Austin, TX",DJF1941,1940-41 El Nino,1941-01-11,2830.0,Approved
08158000,"Colorado Rv at Austin, TX",DJF1941,1940-41 El Nino,1940-09-04,1080.0,Approved
08158000,"Colorado Rv at Austin, TX",DJF1941,1940-41 El Nino,1941-02-01,5600.0,Approved
08158000,"Colorado Rv at Austin, TX",DJF1941,1940-41 El Nino,1941-01-27,2180.0,Approved
08158000,"Colorado Rv at Austin, TX",DJF1941,1940-41 El Nino,1941-01-23,2080.0,Approved
08158000,"Colorado Rv at Austin, TX",DJF1941,1940-41 El Nino,1941-01-13,2570.0,Approved
08158000,"Colorado Rv at Austin, TX",DJF1941,1940-41 El Nino,1940-11-14,1300.0,Approved
08158000,"Colorado Rv at Austin, TX",DJF1941,1940-41 El Nino,1941-01-26,2370.0,Approved
08158000,"Colorado Rv at Austin, TX",DJF1941,1940-41 El Nino,1941-02-22,3250.0,Approved
08158000,"Colorado Rv at Austin, TX",DJF1941,1940-41 El Nino,1940-09-16,1200.0,Approved
08158000,"Colorado Rv at Austin, TX",DJF1941,1940-41 El Nino,1941-02-09,4060.0,Approved
08158000,"Colorado Rv at Austin, TX",DJF1941,1940-41 El Nino,1941-01-07,2250.0,Approved
08158000,"Colorado Rv at Austin, TX",DJF1941,1940-41 El Nino,1940-12-27,3770.0,Approved
08158000,"Colorado Rv at Austin, TX",DJF1941,1940-41 El Nino,1940-10-04,1360.0,Approved
08158000,"Colorado Rv at Austin, TX",DJF1941,1940-41 El Nino,1941-02-21,3340.0,Approved
08158000,"Colorado Rv at Austin, TX",DJF1941,1940-41 El Nino,1941-01-03,2770.0,Approved
08158000,"Colorado Rv at Austin, TX",DJF1941,1940-41 El Nino,1940-09-28,1330.0,Approved
08158000,"Colorado Rv at Austin, TX",DJF1941,1940-41 El Nino,1940-09-01,1130.0,Approved
08158000,"Colorado Rv at Austin, TX",DJF1941,1940-41 El Nino,1940-12-17,9780.0,Approved
08158000,"Colorado Rv at Austin, TX",DJF1941,1940-41 El Nino,1940-09-30,1120.0,Approved
08158000,"Colorado Rv at Austin, TX",DJF1941,1940-41 El Nino,1941-02-03,9040.0,Approved
08158000,"Colorado Rv at Austin, TX",DJF1941,1940-41 El Nino,1941-02-10,5000.0,Approved
08158000,"Colorado Rv at Austin, TX",DJF1941,1940-41 El Nino,1940-12-28,5410.0,Approved
08158000,"Colorado Rv at Austin, TX",DJF1941,1940-41 El Nino,1940-10-25,1920.0,Approved
08158000,"Colorado Rv at Austin, TX",DJF1941,1940-41 El Nino,1940-09-21,1120.0,Approved
08158000,"Colorado Rv at Austin, TX",DJF1941,1940-41 El Nino,1941-01-20,1780.0,Approved
08158000,"Colorado Rv at Austin, TX",DJF1941,1940-41 El Nino,1940-10-16,1150.0,Approved
08158000,"Colorado Rv at Austin, TX",DJF1941,1940-41 El Nino,1941-01-16,3910.0,Approved
08158000,"Colorado Rv at Austin, TX",DJF1941,1940-41 El Nino,1940-09-22,2300.0,Approved
08158000,"Colorado Rv at Austin, TX",DJF1941,1940-41 El Nino,1941-02-25,3960.0,Approved
08158000,"Colorado Rv at Austin, TX",DJF1941,1940-41 El Nino,1940-09-12,709.0,Approved
08158000,"Colorado Rv at Austin, TX",DJF1941,1940-41 El Nino,1941-01-19,1960.0,Approved
08158000,"Colorado Rv at Austin, TX",DJF1941,1940-41 El Nino,1940-11-03,1930.0,Approved
08158000,"Colorado Rv at Austin, TX",DJF1941,1940-41 El Nino,1940-09-11,554.0,Approved
08158000,"Colorado Rv at Austin, TX",DJF1941,1940-41 El Nino,1941-02-18,3320.0,Approved
08158000,"Colorado Rv at Austin, TX",DJF1941,1940-41 El Nino,1940-11-18,1360.0,Approved
08158000,"Colorado Rv at Austin, TX",DJF1941,1940-41 El Nino,1940-11-04,1860.0,Approved
08158000,"Colorado Rv at Austin, TX",DJF1941,1940-41 El Nino,1940-11-11,1390.0,Approved
08158000,"Colorado Rv at Austin, TX",DJF1941,1940-41 El Nino,1940-10-01,1050.0,Approved
08158000,"Colorado Rv at Austin, TX",DJF1941,1940-41 El Nino,1941-01-21,2550.0,Approved
08158000,"Colorado Rv at Austin, TX",DJF1941,1940-41 El Nino,1941-01-06,2010.0,Approved
08158000,"Colorado Rv at Austin, TX",DJF1941,1940-41 El Nino,1940-10-22,1760.0,Approved
08158000,"Colorado Rv at Austin, TX",DJF1941,1940-41 El Nino,1940-09-24,1520.0,Approved
08158000,"Colorado Rv at Austin, TX",DJF1941,1940-41 El Nino,1940-12-15,7880.0,Approved
08158000,"Colorado Rv at Austin, TX",DJF1941,1940-41 El Nino,1940-10-06,984.0,Approved
08158000,"Colorado Rv at Austin, TX",DJF1941,1940-41 El Nino,1941-02-08,2520.0,Approved
08158000,"Colorado Rv at Austin, TX",DJF1941,1940-41 El Nino,1941-01-05,2210.0,Approved
08158000,"Colorado Rv at Austin, TX",DJF1941,1940-41 El Nino,1940-09-27,1440.0,Approved
08158000,"Colorado Rv at Austin, TX",DJF1941,1940-41 El Nino,1940-09-23,1380.0,Approved
08158000,"Colorado Rv at Austin, TX",DJF1941,1940-41 El Nino,1941-01-17,2310.0,Approved
08158000,"Colorado Rv at Austin, TX",DJF1941,1940-41 El Nino,1940-12-14,1740.0,Approved
08158000,"Colorado Rv at Austin, TX",DJF1941,1940-41 El Nino,1941-01-12,2620.0,Approved
08158000,"Colorado Rv at Austin, TX",DJF1941,1940-41 El Nino,1940-12-23,4060.0,Approved
08158000,"Colorado Rv at Austin, TX",DJF1941,1940-41 El Nino,1941-01-08,2500.0,Approved
08158000,"Colorado Rv at Austin, TX",DJF1941,1940-41 El Nino,1941-02-02,19000.0,Approved
08158000,"Colorado Rv at Austin, TX",DJF1941,1940-41 El Nino,1941-02-27,3310.0,Approved
08158000,"Colorado Rv at Austin, TX",DJF1941,1940-41 El Nino,1940-10-09,1150.0,Approved
08158000,"Colorado Rv at Austin, TX",DJF1941,1940-41 El Nino,1940-12-07,1330.0,Approved
08158000,"Colorado Rv at Austin, TX",DJF1941,1940-41 El Nino,1941-01-14,2250.0,Approved
08158000,"Colorado Rv at Austin, TX",DJF1941,1940-41 El Nino,1940-10-26,1510.0,Approved
08158000,"Colorado Rv at Austin, TX",DJF1941,1940-41 El Nino,1940-10-31,1120.0,Approved
08158000,"Colorado Rv at Austin, TX",DJF1941,1940-41 El Nino,1940-09-18,1250.0,Approved
08158000,"Colorado Rv at Austin, TX",DJF1941,1940-41 El Nino,1940-09-14,3030.0,Approved
08158000,"Colorado Rv at Austin, TX",DJF1941,1940-41 El Nino,1941-01-09,2040.0,Approved
08158000,"Colorado Rv at Austin, TX",DJF1941,1940-41 El Nino,1941-02-24,3140.0,Approved
08158000,"Colorado Rv at Austin, TX",DJF1941,1940-41 El Nino,1941-02-11,5000.0,Approved
08158000,"Colorado Rv at Austin, TX",DJF1941,1940-41 El Nino,1940-10-14,1100.0,Approved
08158000,"Colorado Rv at Austin, TX",DJF1941,1940-41 El Nino,1941-02-05,3000.0,Approved
08158000,"Colorado Rv at Austin, TX",DJF1941,1940-41 El Nino,1940-11-10,2040.0,Approved
08158000,"Colorado Rv at Austin, TX",DJF1941,1940-41 El Nino,1940-11-28,1480.0,Approved
08158000,"Colorado Rv at Austin, TX",DJF1973,1972-73 El Nino,1972-12-19,400.0,Approved
08158000,"Colorado Rv at Austin, TX",DJF1973,1972-73 El Nino,1972-09-25,1060.0,Approved
08158000,"Colorado Rv at Austin, TX",DJF1973,1972-73 El Nino,1972-09-10,1610.0,Approved
08158000,"Colorado Rv at Austin, TX",DJF1973,1972-73 El Nino,1973-01-29,1560.0,Approved
08158000,"Colorado Rv at Austin, TX",DJF1973,1972-73 El Nino,1972-11-25,335.0,Approved
08158000,"Colorado Rv at Austin, TX",DJF1973,1972-73 El Nino,1973-02-10,2000.0,Approved
08158000,"Colorado Rv at Austin, TX",DJF1973,1972-73 El Nino,1972-09-16,1330.0,Approved
08158000,"Colorado Rv at Austin, TX",DJF1973,1972-73 El Nino,1973-02-15,159.0,Approved
08158000,"Colorado Rv at Austin, TX",DJF1973,1972-73 El Nino,1973-02-25,324.0,Approved
08158000,"Colorado Rv at Austin, TX",DJF1973,1972-73 El Nino,1972-10-05,603.0,Approved
08158000,"Colorado Rv at Austin, TX",DJF1973,1972-73 El Nino,1973-02-05,817.0,Approved
08158000,"Colorado Rv at Austin, TX",DJF1973,1972-73 El Nino,1972-10-01,628.0,Approved
08158000,"Colorado Rv at Austin, TX",DJF1973,1972-73 El Nino,1973-01-23,179.0,Approved
08158000,"Colorado Rv at Austin, TX",DJF1973,1972-73 El Nino,1972-10-26,260.0,Approved
08158000,"Colorado Rv at Austin, TX",DJF1973,1972-73 El Nino,1972-11-03,250.0,Approved
08158000,"Colorado Rv at Austin, TX",DJF1973,1972-73 El Nino,1972-11-16,160.0,Approved
08158000,"Colorado Rv at Austin, TX",DJF1973,1972-73 El Nino,1973-02-11,2010.0,Approved
08158000,"Colorado Rv at Austin, TX",DJF1973,1972-73 El Nino,1972-12-07,974.0,Approved
08158000,"Colorado Rv at Austin, TX",DJF1973,1972-73 El Nino,1973-01-07,1310.0,Approved
08158000,"Colorado Rv at Austin, TX",DJF1973,1972-73 El Nino,1973-01-04,512.0,Approved
08158000,"Colorado Rv at Austin, TX",DJF1973,1972-73 El Nino,1972-09-26,899.0,Approved
08158000,"Colorado Rv at Austin, TX",DJF1973,1972-73 El Nino,1972-09-24,1020.0,Approved
08158000,"Colorado Rv at Austin, TX",DJF1973,1972-73 El Nino,1973-02-14,409.0,Approved
08158000,"Colorado Rv at Austin, TX",DJF1973,1972-73 El Nino,1972-09-04,1610.0,Approved
08158000,"Colorado Rv at Austin, TX",DJF1973,1972-73 El Nino,1972-09-12,1590.0,Approved
08158000,"Colorado Rv at Austin, TX",DJF1973,1972-73 El Nino,1972-10-09,60.0,Approved
08158000,"Colorado Rv at Austin, TX",DJF1973,1972-73 El Nino,1972-10-13,298.0,Approved
08158000,"Colorado Rv at Austin, TX",DJF1973,1972-73 El Nino,1972-10-30,160.0,Approved
08158000,"Colorado Rv at Austin, TX",DJF1973,1972-73 El Nino,1972-12-16,397.0,Approved
08158000,"Colorado Rv at Austin, TX",DJF1973,1972-73 El Nino,1973-02-27,709.0,Approved
08158000,"Colorado Rv at Austin, TX",DJF1973,1972-73 El Nino,1972-11-26,250.0,Approved
08158000,"Colorado Rv at Austin, TX",DJF1973,1972-73 El Nino,1972-12-03,124.0,Approved
08158000,"Colorado Rv at Austin, TX",DJF1973,1972-73 El Nino,1972-11-06,80.0,Approved
08158000,"Colorado Rv at Austin, TX",DJF1973,1972-73 El Nino,1972-12-12,109.0,Approved
08158000,"Colorado Rv at Austin, TX",DJF1973,1972-73 El Nino,1973-01-21,282.0,Approved
08158000,"Colorado Rv at Austin, TX",DJF1973,1972-73 El Nino,1973-02-09,1820.0,Approved
08158000,"Colorado Rv at Austin, TX",DJF1973,1972-73 El Nino,1972-10-18,20.0,Approved
08158000,"Colorado Rv at Austin, TX",DJF1973,1972-73 El Nino,1973-01-08,1290.0,Approved
08158000,"Colorado Rv at Austin, TX",DJF1973,1972-73 El Nino,1973-01-12,1970.0,Approved
08158000,"Colorado Rv at Austin, TX",DJF1973,1972-73 El Nino,1972-12-22,133.0,Approved
08158000,"Colorado Rv at Austin, TX",DJF1973,1972-73 El Nino,1972-09-02,1700.0,Approved
08158000,"Colorado Rv at Austin, TX",DJF1973,1972-73 El Nino,1972-10-04,576.0,Approved
08158000,"Colorado Rv at Austin, TX",DJF1973,1972-73 El Nino,1972-10-29,195.0,Approved
08158000,"Colorado Rv at Austin, TX",DJF1973,1972-73 El Nino,1973-01-19,244.0,Approved
08158000,"Colorado Rv at Austin, TX",DJF1973,1972-73 El Nino,1972-12-13,365.0,Approved
08158000,"Colorado Rv at Austin, TX",DJF1973,1972-73 El Nino,1972-11-10,175.0,Approved
08158000,"Colorado Rv at Austin, TX",DJF1973,1972-73 El Nino,1973-01-22,191.0,Approved
08158000,"Colorado Rv at Austin, TX",DJF1973,1972-73 El Nino,1973-02-06,218.0,Approved
08158000,"Colorado Rv at Austin, TX",DJF1973,1972-73 El Nino,1972-10-10,693.0,Approved
08158000,"Colorado Rv at Austin, TX",DJF1973,1972-73 El Nino,1972-12-18,36.0,Approved
08158000,"Colorado Rv at Austin, TX",DJF1973,1972-73 El Nino,1973-01-27,565.0,Approved
08158000,"Colorado Rv at Austin, TX",DJF1973,1972-73 El Nino,1972-11-17,150.0,Approved
08158000,"Colorado Rv at Austin, TX",DJF1973,1972-73 El Nino,1972-10-14,218.0,Approved
08158000,"Colorado Rv at Austin, TX",DJF1973,1972-73 El Nino,1972-09-20,968.0,Approved
08158000,"Colorado Rv at Austin, TX",DJF1973,1972-73 El Nino,1973-01-30,2040.0,Approved
08158000,"Colorado Rv at Austin, TX",DJF1973,1972-73 El Nino,1973-02-01,2050.0,Approved
08158000,"Colorado Rv at Austin, TX",DJF1973,1972-73 El Nino,1973-01-14,1990.0,Approved
08158000,"Colorado Rv at Austin, TX",DJF1973,1972-73 El Nino,1973-02-26,638.0,Approved
08158000,"Colorado Rv at Austin, TX",DJF1973,1972-73 El Nino,1972-11-08,390.0,Approved
08158000,"Colorado Rv at Austin, TX",DJF1973,1972-73 El Nino,1972-09-30,594.0,Approved
08158000,"Colorado Rv at Austin, TX",DJF1973,1972-73 El Nino,1973-01-05,351.0,Approved
08158000,"Colorado Rv at Austin, TX",DJF1973,1972-73 El Nino,1973-02-28,604.0,Approved
08158000,"Colorado Rv at Austin, TX",DJF1973,1972-73 El Nino,1973-02-03,185.0,Approved
08158000,"Colorado Rv at Austin, TX",DJF1973,1972-73 El Nino,1972-11-05,92.0,Approved
08158000,"Colorado Rv at Austin, TX",DJF1973,1972-73 El Nino,1972-11-29,110.0,Approved
08158000,"Colorado Rv at Austin, TX",DJF1973,1972-73 El Nino,1972-10-27,265.0,Approved
08158000,"Colorado Rv at Austin, TX",DJF1973,1972-73 El Nino,1973-01-11,2130.0,Approved
08158000,"Colorado Rv at Austin, TX",DJF1973,1972-73 El Nino,1972-09-23,971.0,Approved
08158000,"Colorado Rv at Austin, TX",DJF1973,1972-73 El Nino,1972-10-11,110.0,Approved
08158000,"Colorado Rv at Austin, TX",DJF1973,1972-73 El Nino,1973-02-08,1210.0,Approved
08158000,"Colorado Rv at Austin, TX",DJF1973,1972-73 El Nino,1973-01-15,1440.0,Approved
08158000,"Colorado Rv at Austin, TX",DJF1973,1972-73 El Nino,1973-02-23,710.0,Approved
08158000,"Colorado Rv at Austin, TX",DJF1973,1972-73 El Nino,1972-12-08,82.0,Approved
08158000,"Colorado Rv at Austin, TX",DJF1973,1972-73 El Nino,1973-01-25,1410.0,Approved
08158000,"Colorado Rv at Austin, TX",DJF1973,1972-73 El Nino,1972-11-13,265.0,Approved
08158000,"Colorado Rv at Austin, TX",DJF1973,1972-73 El Nino,1973-01-06,923.0,Approved
08158000,"Colorado Rv at Austin, TX",DJF1973,1972-73 El Nino,1972-11-02,290.0,Approved
08158000,"Colorado Rv at Austin, TX",DJF1973,1972-73 El Nino,1972-11-11,120.0,Approved
08158000,"Colorado Rv at Austin, TX",DJF1973,1972-73 El Nino,1972-11-30,150.0,Approved
08158000,"Colorado Rv at Austin, TX",DJF1973,1972-73 El Nino,1972-10-07,600.0,Approved
08158000,"Colorado Rv at Austin, TX",DJF1973,1972-73 El Nino,1973-02-21,562.0,Approved
08158000,"Colorado Rv at Austin, TX",DJF1973,1972-73 El Nino,1973-02-04,201.0,Approved
08158000,"Colorado Rv at Austin, TX",DJF1973,1972-73 El Nino,1972-10-06,592.0,Approved
08158000,"Colorado Rv at Austin, TX",DJF1973,1972-73 El Nino,1972-10-20,71.0,Approved
08158000,"Colorado Rv at Austin, TX",DJF1973,1972-73 El Nino,1972-12-15,622.0,Approved
08158000,"Colorado Rv at Austin, TX",DJF1973,1972-73 El Nino,1972-12-26,134.0,Approved
08158000,"Colorado Rv at Austin, TX",DJF1973,1972-73 El Nino,1972-12-14,115.0,Approved
08158000,"Colorado Rv at Austin, TX",DJF1973,1972-73 El Nino,1972-12-30,85.0,Approved
08158000,"Colorado Rv at Austin, TX",DJF1973,1972-73 El Nino,1972-10-12,469.0,Approved
08158000,"Colorado Rv at Austin, TX",DJF1973,1972-73 El Nino,1973-02-07,201.0,Approved
08158000,"Colorado Rv at Austin, TX",DJF1973,1972-73 El Nino,1972-12-27,84.0,Approved
08158000,"Colorado Rv at Austin, TX",DJF1973,1972-73 El Nino,1972-11-24,450.0,Approved
08158000,"Colorado Rv at Austin, TX",DJF1973,1972-73 El Nino,1972-11-12,400.0,Approved
08158000,"Colorado Rv at Austin, TX",DJF1973,1972-73 El Nino,1972-09-06,1620.0,Approved
08158000,"Colorado Rv at Austin, TX",DJF1973,1972-73 El Nino,1972-11-21,165.0,Approved
08158000,"Colorado Rv at Austin, TX",DJF1973,1972-73 El Nino,1972-12-02,135.0,Approved
08158000,"Colorado Rv at Austin, TX",DJF1973,1972-73 El Nino,1972-12-17,10.0,Approved
08158000,"Colorado Rv at Austin, TX",DJF1973,1972-73 El Nino,1973-01-24,431.0,Approved
08158000,"Colorado Rv at Austin, TX",DJF1973,1972-73 El Nino,1973-01-17,241.0,Approved
08158000,"Colorado Rv at Austin, TX",DJF1973,1972-73 El Nino,1972-10-25,250.0,Approved
08158000,"Colorado Rv at Austin, TX",DJF1973,1972-73 El Nino,1972-09-14,1400.0,Approved
08158000,"Colorado Rv at Austin, TX",DJF1973,1972-73 El Nino,1972-10-15,29.0,Approved
08158000,"Colorado Rv at Austin, TX",DJF1973,1972-73 El Nino,1972-10-31,148.0,Approved
08158000,"Colorado Rv at Austin, TX",DJF1973,1972-73 El Nino,1972-12-05,95.0,Approved
08158000,"Colorado Rv at Austin, TX",DJF1973,1972-73 El Nino,1973-02-16,312.0,Approved
08158000,"Colorado Rv at Austin, TX",DJF1973,1972-73 El Nino,1972-09-11,1590.0,Approved
08158000,"Colorado Rv at Austin, TX",DJF1973,1972-73 El Nino,1972-11-14,310.0,Approved
08158000,"Colorado Rv at Austin, TX",DJF1973,1972-73 El Nino,1973-01-26,582.0,Approved
08158000,"Colorado Rv at Austin, TX",DJF1973,1972-73 El Nino,1972-10-08,1560.0,Approved
08158000,"Colorado Rv at Austin, TX",DJF1973,1972-73 El Nino,1972-09-22,1030.0,Approved
08158000,"Colorado Rv at Austin, TX",DJF1973,1972-73 El Nino,1972-11-22,100.0,Approved
08158000,"Colorado Rv at Austin, TX",DJF1973,1972-73 El Nino,1973-01-09,1430.0,Approved
08158000,"Colorado Rv at Austin, TX",DJF1973,1972-73 El Nino,1973-01-02,366.0,Approved
08158000,"Colorado Rv at Austin, TX",DJF1973,1972-73 El Nino,1972-12-21,82.0,Approved
08158000,"Colorado Rv at Austin, TX",DJF1973,1972-73 El Nino,1973-01-20,370.0,Approved
08158000,"Colorado Rv at Austin, TX",DJF1973,1972-73 El Nino,1972-12-04,146.0,Approved
08158000,"Colorado Rv at Austin, TX",DJF1973,1972-73 El Nino,1973-01-28,753.0,Approved
08158000,"Colorado Rv at Austin, TX",DJF1973,1972-73 El Nino,1973-02-13,1710.0,Approved
08158000,"Colorado Rv at Austin, TX",DJF1973,1972-73 El Nino,1972-12-11,165.0,Approved
08158000,"Colorado Rv at Austin, TX",DJF1973,1972-73 El Nino,1972-12-09,137.0,Approved
08158000,"Colorado Rv at Austin, TX",DJF1973,1972-73 El Nino,1972-09-18,1300.0,Approved
08158000,"Colorado Rv at Austin, TX",DJF1973,1972-73 El Nino,1972-12-23,140.0,Approved
08158000,"Colorado Rv at Austin, TX",DJF1973,1972-73 El Nino,1972-10-24,230.0,Approved
08158000,"Colorado Rv at Austin, TX",DJF1973,1972-73 El Nino,1973-01-16,279.0,Approved
08158000,"Colorado Rv at Austin, TX",DJF1973,1972-73 El Nino,1973-01-18,273.0,Approved
08158000,"Colorado Rv at Austin, TX",DJF1973,1972-73 El Nino,1973-02-24,677.0,Approved
08158000,"Colorado Rv at Austin, TX",DJF1973,1972-73 El Nino,1972-10-22,3770.0,Approved
08158000,"Colorado Rv at Austin, TX",DJF1973,1972-73 El Nino,1972-10-17,183.0,Approved
08158000,"Colorado Rv at Austin, TX",DJF1973,1972-73 El Nino,1972-09-21,925.0,Approved
08158000,"Colorado Rv at Austin, TX",DJF1973,1972-73 El Nino,1973-01-31,2040.0,Approved
08158000,"Colorado Rv at Austin, TX",DJF1973,1972-73 El Nino,1972-09-28,677.0,Approved
08158000,"Colorado Rv at Austin, TX",DJF1973,1972-73 El Nino,1973-02-12,2000.0,Approved
08158000,"Colorado Rv at Austin, TX",DJF1973,1972-73 El Nino,1972-10-19,25.0,Approved
08158000,"Colorado Rv at Austin, TX",DJF1973,1972-73 El Nino,1972-11-15,260.0,Approved
08158000,"Colorado Rv at Austin, TX",DJF1973,1972-73 El Nino,1973-02-18,453.0,Approved
08158000,"Colorado Rv at Austin, TX",DJF1973,1972-73 El Nino,1972-11-04,145.0,Approved
08158000,"Colorado Rv at Austin, TX",DJF1973,1972-73 El Nino,1972-11-27,180.0,Approved
08158000,"Colorado Rv at Austin, TX",DJF1973,1972-73 El Nino,1972-09-17,1290.0,Approved
08158000,"Colorado Rv at Austin, TX",DJF1973,1972-73 El Nino,1973-02-19,244.0,Approved
08158000,"Colorado Rv at Austin, TX",DJF1973,1972-73 El Nino,1972-11-23,89.0,Approved
08158000,"Colorado Rv at Austin, TX",DJF1973,1972-73 El Nino,1972-12-31,177.0,Approved
08158000,"Colorado Rv at Austin, TX",DJF1973,1972-73 El Nino,1972-10-16,217.0,Approved
08158000,"Colorado Rv at Austin, TX",DJF1973,1972-73 El Nino,1972-09-03,1650.0,Approved
08158000,"Colorado Rv at Austin, TX",DJF1973,1972-73 El Nino,1972-09-09,1610.0,Approved
08158000,"Colorado Rv at Austin, TX",DJF1973,1972-73 El Nino,1972-09-19,1030.0,Approved
08158000,"Colorado Rv at Austin, TX",DJF1973,1972-73 El Nino,1972-10-03,598.0,Approved
08158000,"Colorado Rv at Austin, TX",DJF1973,1972-73 El Nino,1972-11-09,250.0,Approved
08158000,"Colorado Rv at Austin, TX",DJF1973,1972-73 El Nino,1972-10-02,565.0,Approved
08158000,"Colorado Rv at Austin, TX",DJF1973,1972-73 El Nino,1973-01-01,145.0,Approved
08158000,"Colorado Rv at Austin, TX",DJF1973,1972-73 El Nino,1973-01-10,2110.0,Approved
08158000,"Colorado Rv at Austin, TX",DJF1973,1972-73 El Nino,1973-02-02,1710.0,Approved
08158000,"Colorado Rv at Austin, TX",DJF1973,1972-73 El Nino,1973-02-17,280.0,Approved
08158000,"Colorado Rv at Austin, TX",DJF1973,1972-73 El Nino,1973-01-03,319.0,Approved
08158000,"Colorado Rv at Austin, TX",DJF1973,1972-73 El Nino,1972-11-07,210.0,Approved
08158000,"Colorado Rv at Austin, TX",DJF1973,1972-73 El Nino,1972-12-29,140.0,Approved
08158000,"Colorado Rv at Austin, TX",DJF1973,1972-73 El Nino,1972-10-23,284.0,Approved
08158000,"Colorado Rv at Austin, TX",DJF1973,1972-73 El Nino,1972-11-20,105.0,Approved
08158000,"Colorado Rv at Austin, TX",DJF1973,1972-73 El Nino,1972-12-06,457.0,Approved
08158000,"Colorado Rv at Austin, TX",DJF1973,1972-73 El Nino,1972-09-13,1370.0,Approved
08158000,"Colorado Rv at Austin, TX",DJF1973,1972-73 El Nino,1973-01-13,2120.0,Approved
08158000,"Colorado Rv at Austin, TX",DJF1973,1972-73 El Nino,1973-02-22,428.0,Approved
08158000,"Colorado Rv at Austin, TX",DJF1973,1972-73 El Nino,1972-11-01,250.0,Approved
08158000,"Colorado Rv at Austin, TX",DJF1973,1972-73 El Nino,1972-12-10,135.0,Approved
08158000,"Colorado Rv at Austin, TX",DJF1973,1972-73 El Nino,1972-12-28,140.0,Approved
08158000,"Colorado Rv at Austin, TX",DJF1973,1972-73 El Nino,1972-09-15,1460.0,Approved
08158000,"Colorado Rv at Austin, TX",DJF1973,1972-73 El Nino,1972-09-29,748.0,Approved
08158000,"Colorado Rv at Austin, TX",DJF1973,1972-73 El Nino,1972-12-24,143.0,Approved
08158000,"Colorado Rv at Austin, TX",DJF1973,1972-73 El Nino,1972-12-25,82.0,Approved
08158000,"Colorado Rv at Austin, TX",DJF1973,1972-73 El Nino,1972-10-21,98.0,Approved
08158000,"Colorado Rv at Austin, TX",DJF1973,1972-73 El Nino,1972-12-20,138.0,Approved
08158000,"Colorado Rv at Austin, TX",DJF1973,1972-73 El Nino,1972-11-19,115.0,Approved
08158000,"Colorado Rv at Austin, TX",DJF1973,1972-73 El Nino,1972-09-05,1710.0,Approved
08158000,"Colorado Rv at Austin, TX",DJF1973,1972-73 El Nino,1972-11-18,130.0,Approved
08158000,"Colorado Rv at Austin, TX",DJF1973,1972-73 El Nino,1972-09-08,1640.0,Approved
08158000,"Colorado Rv at Austin, TX",DJF1973,1972-73 El Nino,1972-12-01,183.0,Approved
08158000,"Colorado Rv at Austin, TX",DJF1973,1972-73 El Nino,1973-02-20,573.0,Approved
08158000,"Colorado Rv at Austin, TX",DJF1973,1972-73 El Nino,1972-09-01,1670.0,Approved
08158000,"Colorado Rv at Austin, TX",DJF1973,1972-73 El Nino,1972-09-07,1620.0,Approved
08158000,"Colorado Rv at Austin, TX",DJF1973,1972-73 El Nino,1972-09-27,730.0,Approved
08158000,"Colorado Rv at Austin, TX",DJF1973,1972-73 El Nino,1972-11-28,135.0,Approved
08158000,"Colorado Rv at Austin, TX",DJF1973,1972-73 El Nino,1972-10-28,225.0,Approved
08158000,"Colorado Rv at Austin, TX",DJF1983,1982-83 El Nino,1982-11-24,976.0,Approved
08158000,"Colorado Rv at Austin, TX",DJF1983,1982-83 El Nino,1982-11-15,47.0,Approved
08158000,"Colorado Rv at Austin, TX",DJF1983,1982-83 El Nino,1982-09-26,1460.0,Approved
08158000,"Colorado Rv at Austin, TX",DJF1983,1982-83 El Nino,1982-11-11,56.0,Approved
08158000,"Colorado Rv at Austin, TX",DJF1983,1982-83 El Nino,1982-11-04,59.0,Approved
08158000,"Colorado Rv at Austin, TX",DJF1983,1982-83 El Nino,1982-11-08,51.0,Approved
08158000,"Colorado Rv at Austin, TX",DJF1983,1982-83 El Nino,1982-09-03,2750.0,Approved
08158000,"Colorado Rv at Austin, TX",DJF1983,1982-83 El Nino,1982-09-14,2120.0,Approved
08158000,"Colorado Rv at Austin, TX",DJF1983,1982-83 El Nino,1983-01-21,148.0,Approved
08158000,"Colorado Rv at Austin, TX",DJF1983,1982-83 El Nino,1983-01-13,71.0,Approved
08158000,"Colorado Rv at Austin, TX",DJF1983,1982-83 El Nino,1982-10-07,136.0,Approved
08158000,"Colorado Rv at Austin, TX",DJF1983,1982-83 El Nino,1982-12-01,833.0,Approved
08158000,"Colorado Rv at Austin, TX",DJF1983,1982-83 El Nino,1982-12-08,67.0,Approved
08158000,"Colorado Rv at Austin, TX",DJF1983,1982-83 El Nino,1983-01-31,114.0,Approved
08158000,"Colorado Rv at Austin, TX",DJF1983,1982-83 El Nino,1983-01-28,108.0,Approved
08158000,"Colorado Rv at Austin, TX",DJF1983,1982-83 El Nino,1982-12-29,70.0,Approved
08158000,"Colorado Rv at Austin, TX",DJF1983,1982-83 El Nino,1982-11-14,63.0,Approved
08158000,"Colorado Rv at Austin, TX",DJF1983,1982-83 El Nino,1982-09-15,2240.0,Approved
08158000,"Colorado Rv at Austin, TX",DJF1983,1982-83 El Nino,1982-09-17,1910.0,Approved
08158000,"Colorado Rv at Austin, TX",DJF1983,1982-83 El Nino,1982-12-17,63.0,Approved
08158000,"Colorado Rv at Austin, TX",DJF1983,1982-83 El Nino,1982-11-20,60.0,Approved
08158000,"Colorado Rv at Austin, TX",DJF1983,1982-83 El Nino,1983-01-03,69.0,Approved
08158000,"Colorado Rv at Austin, TX",DJF1983,1982-83 El Nino,1982-12-09,54.0,Approved
08158000,"Colorado Rv at Austin, TX",DJF1983,1982-83 El Nino,1983-02-18,135.0,Approved
08158000,"Colorado Rv at Austin, TX",DJF1983,1982-83 El Nino,1982-09-04,2650.0,Approved
08158000,"Colorado Rv at Austin, TX",DJF1983,1982-83 El Nino,1983-01-07,82.0,Approved
08158000,"Colorado Rv at Austin, TX",DJF1983,1982-83 El Nino,1982-12-13,57.0,Approved
08158000,"Colorado Rv at Austin, TX",DJF1983,1982-83 El Nino,1983-02-25,103.0,Approved
08158000,"Colorado Rv at Austin, TX",DJF1983,1982-83 El Nino,1982-11-26,674.0,Approved
08158000,"Colorado Rv at Austin, TX",DJF1983,1982-83 El Nino,1983-01-16,83.0,Approved
08158000,"Colorado Rv at Austin, TX",DJF1983,1982-83 El Nino,1982-12-03,636.0,Approved
08158000,"Colorado Rv at Austin, TX",DJF1983,1982-83 El Nino,1982-10-30,49.0,Approved
08158000,"Colorado Rv at Austin, TX",DJF1983,1982-83 El Nino,1983-02-05,291.0,Approved
08158000,"Colorado Rv at Austin, TX",DJF1983,1982-83 El Nino,1982-11-17,57.0,Approved
08158000,"Colorado Rv at Austin, TX",DJF1983,1982-83 El Nino,1983-02-26,117.0,Approved
08158000,"Colorado Rv at Austin, TX",DJF1983,1982-83 El Nino,1983-02-22,137.0,Approved
08158000,"Colorado Rv at Austin, TX",DJF1983,1982-83 El Nino,1982-11-06,53.0,Approved
08158000,"Colorado Rv at Austin, TX",DJF1983,1982-83 El Nino,1982-09-28,1040.0,Approved
08158000,"Colorado Rv at Austin, TX",DJF1983,1982-83 El Nino,1982-12-19,60.0,Approved
08158000,"Colorado Rv at Austin, TX",DJF1983,1982-83 El Nino,1982-09-12,2150.0,Approved
08158000,"Colorado Rv at Austin, TX",DJF1983,1982-83 El Nino,1982-10-06,73.0,Approved
08158000,"Colorado Rv at Austin, TX",DJF1983,1982-83 El Nino,1983-02-09,343.0,Approved
08158000,"Colorado Rv at Austin, TX",DJF1983,1982-83 El Nino,1983-01-27,97.0,Approved
08158000,"Colorado Rv at Austin, TX",DJF1983,1982-83 El Nino,1982-09-08,2350.0,Approved
08158000,"Colorado Rv at Austin, TX",DJF1983,1982-83 El Nino,1983-02-04,119.0,Approved
08158000,"Colorado Rv at Austin, TX",DJF1983,1982-83 El Nino,1982-11-23,89.0,Approved
08158000,"Colorado Rv at Austin, TX",DJF1983,1982-83 El Nino,1983-01-23,103.0,Approved
08158000,"Colorado Rv at Austin, TX",DJF1983,1982-83 El Nino,1983-01-10,70.0,Approved
08158000,"Colorado Rv at Austin, TX",DJF1983,1982-83 El Nino,1982-09-06,2770.0,Approved
08158000,"Colorado Rv at Austin, TX",DJF1983,1982-83 El Nino,1982-11-05,64.0,Approved
08158000,"Colorado Rv at Austin, TX",DJF1983,1982-83 El Nino,1982-11-03,232.0,Approved
08158000,"Colorado Rv at Austin, TX",DJF1983,1982-83 El Nino,1982-11-25,65.0,Approved
08158000,"Colorado Rv at Austin, TX",DJF1983,1982-83 El Nino,1983-02-06,111.0,Approved
08158000,"Colorado Rv at Austin, TX",DJF1983,1982-83 El Nino,1982-09-24,1630.0,Approved
08158000,"Colorado Rv at Austin, TX",DJF1983,1982-83 El Nino,1983-02-16,136.0,Approved
08158000,"Colorado Rv at Austin, TX",DJF1983,1982-83 El Nino,1982-12-25,58.0,Approved
08158000,"Colorado Rv at Austin, TX",DJF1983,1982-83 El Nino,1982-09-23,1940.0,Approved
08158000,"Colorado Rv at Austin, TX",DJF1983,1982-83 El Nino,1983-01-25,99.0,Approved
08158000,"Colorado Rv at Austin, TX",DJF1983,1982-83 El Nino,1982-10-02,848.0,Approved
08158000,"Colorado Rv at Austin, TX",DJF1983,1982-83 El Nino,1982-09-13,2180.0,Approved
08158000,"Colorado Rv at Austin, TX",DJF1983,1982-83 El Nino,1982-12-21,79.0,Approved
08158000,"Colorado Rv at Austin, TX",DJF1983,1982-83 El Nino,1982-09-19,1870.0,Approved
08158000,"Colorado Rv at Austin, TX",DJF1983,1982-83 El Nino,1982-10-08,73.0,Approved
08158000,"Colorado Rv at Austin, TX",DJF1983,1982-83 El Nino,1982-12-26,70.0,Approved
08158000,"Colorado Rv at Austin, TX",DJF1983,1982-83 El Nino,1982-12-31,81.0,Approved
08158000,"Colorado Rv at Austin, TX",DJF1983,1982-83 El Nino,1982-12-30,65.0,Approved
08158000,"Colorado Rv at Austin, TX",DJF1983,1982-83 El Nino,1983-02-24,127.0,Approved
08158000,"Colorado Rv at Austin, TX",DJF1983,1982-83 El Nino,1982-10-25,36.0,Approved
08158000,"Colorado Rv at Austin, TX",DJF1983,1982-83 El Nino,1983-02-01,97.0,Approved
08158000,"Colorado Rv at Austin, TX",DJF1983,1982-83 El Nino,1983-02-15,293.0,Approved
08158000,"Colorado Rv at Austin, TX",DJF1983,1982-83 El Nino,1983-01-18,179.0,Approved
08158000,"Colorado Rv at Austin, TX",DJF1983,1982-83 El Nino,1982-12-02,1220.0,Approved
08158000,"Colorado Rv at Austin, TX",DJF1983,1982-83 El Nino,1982-10-20,41.0,Approved
08158000,"Colorado Rv at Austin, TX",DJF1983,1982-83 El Nino,1982-10-01,993.0,Approved
08158000,"Colorado Rv at Austin, TX",DJF1983,1982-83 El Nino,1982-10-04,707.0,Approved
08158000,"Colorado Rv at Austin, TX",DJF1983,1982-83 El Nino,1982-12-07,124.0,Approved
08158000,"Colorado Rv at Austin, TX",DJF1983,1982-83 El Nino,1983-01-19,156.0,Approved
08158000,"Colorado Rv at Austin, TX",DJF1983,1982-83 El Nino,1983-02-20,148.0,Approved
08158000,"Colorado Rv at Austin, TX",DJF1983,1982-83 El Nino,1983-01-04,76.0,Approved
08158000,"Colorado Rv at Austin, TX",DJF1983,1982-83 El Nino,1983-01-09,75.0,Approved
08158000,"Colorado Rv at Austin, TX",DJF1983,1982-83 El Nino,1982-11-02,180.0,Approved
08158000,"Colorado Rv at Austin, TX",DJF1983,1982-83 El Nino,1982-10-15,53.0,Approved
08158000,"Colorado Rv at Austin, TX",DJF1983,1982-83 El Nino,1982-10-23,65.0,Approved
08158000,"Colorado Rv at Austin, TX",DJF1983,1982-83 El Nino,1983-01-11,70.0,Approved
08158000,"Colorado Rv at Austin, TX",DJF1983,1982-83 El Nino,1982-12-14,69.0,Approved
08158000,"Colorado Rv at Austin, TX",DJF1983,1982-83 El Nino,1982-12-11,126.0,Approved
08158000,"Colorado Rv at Austin, TX",DJF1983,1982-83 El Nino,1982-11-10,57.0,Approved
08158000,"Colorado Rv at Austin, TX",DJF1983,1982-83 El Nino,1982-10-22,6.5,Approved
08158000,"Colorado Rv at Austin, TX",DJF1983,1982-83 El Nino,1983-01-06,74.0,Approved
08158000,"Colorado Rv at Austin, TX",DJF1983,1982-83 El Nino,1982-10-24,49.0,Approved
08158000,"Colorado Rv at Austin, TX",DJF1983,1982-83 El Nino,1982-12-12,71.0,Approved
08158000,"Colorado Rv at Austin, TX",DJF1983,1982-83 El Nino,1982-09-20,2090.0,Approved
08158000,"Colorado Rv at Austin, TX",DJF1983,1982-83 El Nino,1983-02-11,111.0,Approved
08158000,"Colorado Rv at Austin, TX",DJF1983,1982-83 El Nino,1983-02-19,133.0,Approved
08158000,"Colorado Rv at Austin, TX",DJF1983,1982-83 El Nino,1983-01-30,96.0,Approved
08158000,"Colorado Rv at Austin, TX",DJF1983,1982-83 El Nino,1982-10-27,41.0,Approved
08158000,"Colorado Rv at Austin, TX",DJF1983,1982-83 El Nino,1982-11-30,68.0,Approved
08158000,"Colorado Rv at Austin, TX",DJF1983,1982-83 El Nino,1982-12-28,66.0,Approved
08158000,"Colorado Rv at Austin, TX",DJF1983,1982-83 El Nino,1982-09-09,2490.0,Approved
08158000,"Colorado Rv at Austin, TX",DJF1983,1982-83 El Nino,1983-01-15,66.0,Approved
08158000,"Colorado Rv at Austin, TX",DJF1983,1982-83 El Nino,1982-12-18,63.0,Approved
08158000,"Colorado Rv at Austin, TX",DJF1983,1982-83 El Nino,1982-09-27,1460.0,Approved
08158000,"Colorado Rv at Austin, TX",DJF1983,1982-83 El Nino,1982-12-05,71.0,Approved
08158000,"Colorado Rv at Austin, TX",DJF1983,1982-83 El Nino,1982-09-05,2730.0,Approved
08158000,"Colorado Rv at Austin, TX",DJF1983,1982-83 El Nino,1983-02-27,112.0,Approved
08158000,"Colorado Rv at Austin, TX",DJF1983,1982-83 El Nino,1982-11-09,63.0,Approved
08158000,"Colorado Rv at Austin, TX",DJF1983,1982-83 El Nino,1983-02-13,113.0,Approved
08158000,"Colorado Rv at Austin, TX",DJF1983,1982-83 El Nino,1982-11-18,65.0,Approved
08158000,"Colorado Rv at Austin, TX",DJF1983,1982-83 El Nino,1982-11-29,70.0,Approved
08158000,"Colorado Rv at Austin, TX",DJF1983,1982-83 El Nino,1983-02-10,131.0,Approved
08158000,"Colorado Rv at Austin, TX",DJF1983,1982-83 El Nino,1983-01-01,245.0,Approved
08158000,"Colorado Rv at Austin, TX",DJF1983,1982-83 El Nino,1982-10-29,184.0,Approved
08158000,"Colorado Rv at Austin, TX",DJF1983,1982-83 El Nino,1982-11-19,83.0,Approved
08158000,"Colorado Rv at Austin, TX",DJF1983,1982-83 El Nino,1982-09-30,984.0,Approved
08158000,"Colorado Rv at Austin, TX",DJF1983,1982-83 El Nino,1982-10-14,67.0,Approved
08158000,"Colorado Rv at Austin, TX",DJF1983,1982-83 El Nino,1983-01-12,72.0,Approved
08158000,"Colorado Rv at Austin, TX",DJF1983,1982-83 El Nino,1983-01-14,73.0,Approved
08158000,"Colorado Rv at Austin, TX",DJF1983,1982-83 El Nino,1982-12-22,509.0,Approved
08158000,"Colorado Rv at Austin, TX",DJF1983,1982-83 El Nino,1982-12-20,61.0,Approved
08158000,"Colorado Rv at Austin, TX",DJF1983,1982-83 El Nino,1982-12-15,67.0,Approved
08158000,"Colorado Rv at Austin, TX",DJF1983,1982-83 El Nino,1982-10-03,369.0,Approved
08158000,"Colorado Rv at Austin, TX",DJF1983,1982-83 El Nino,1982-12-06,71.0,Approved
08158000,"Colorado Rv at Austin, TX",DJF1983,1982-83 El Nino,1983-02-23,124.0,Approved
08158000,"Colorado Rv at Austin, TX",DJF1983,1982-83 El Nino,1983-02-12,117.0,Approved
08158000,"Colorado Rv at Austin, TX",DJF1983,1982-83 El Nino,1982-12-10,120.0,Approved
08158000,"Colorado Rv at Austin, TX",DJF1983,1982-83 El Nino,1982-11-21,64.0,Approved
08158000,"Colorado Rv at Austin, TX",DJF1983,1982-83 El Nino,1983-02-21,136.0,Approved
08158000,"Colorado Rv at Austin, TX",DJF1983,1982-83 El Nino,1982-11-16,65.0,Approved
08158000,"Colorado Rv at Austin, TX",DJF1983,1982-83 El Nino,1982-10-17,49.0,Approved
08158000,"Colorado Rv at Austin, TX",DJF1983,1982-83 El Nino,1983-01-22,102.0,Approved
08158000,"Colorado Rv at Austin, TX",DJF1983,1982-83 El Nino,1982-09-10,2170.0,Approved
08158000,"Colorado Rv at Austin, TX",DJF1983,1982-83 El Nino,1983-01-05,73.0,Approved
08158000,"Colorado Rv at Austin, TX",DJF1983,1982-83 El Nino,1982-10-05,59.0,Approved
08158000,"Colorado Rv at Austin, TX",DJF1983,1982-83 El Nino,1983-01-08,85.0,Approved
08158000,"Colorado Rv at Austin, TX",DJF1983,1982-83 El Nino,1982-09-29,959.0,Approved
08158000,"Colorado Rv at Austin, TX",DJF1983,1982-83 El Nino,1982-12-16,63.0,Approved
08158000,"Colorado Rv at Austin, TX",DJF1983,1982-83 El Nino,1982-12-23,103.0,Approved
08158000,"Colorado Rv at Austin, TX",DJF1983,1982-83 El Nino,1982-09-11,2140.0,Approved
08158000,"Colorado Rv at Austin, TX",DJF1983,1982-83 El Nino,1983-01-20,121.0,Approved
08158000,"Colorado Rv at Austin, TX",DJF1983,1982-83 El Nino,1983-02-14,115.0,Approved
08158000,"Colorado Rv at Austin, TX",DJF1983,1982-83 El Nino,1982-10-13,82.0,Approved
08158000,"Colorado Rv at Austin, TX",DJF1983,1982-83 El Nino,1983-01-29,107.0,Approved
08158000,"Colorado Rv at Austin, TX",DJF1983,1982-83 El Nino,1983-02-28,102.0,Approved
08158000,"Colorado Rv at Austin, TX",DJF1983,1982-83 El Nino,1982-10-09,67.0,Approved
08158000,"Colorado Rv at Austin, TX",DJF1983,1982-83 El Nino,1982-10-26,59.0,Approved
08158000,"Colorado Rv at Austin, TX",DJF1983,1982-83 El Nino,1982-10-18,49.0,Approved
08158000,"Colorado Rv at Austin, TX",DJF1983,1982-83 El Nino,1982-09-01,2850.0,Approved
08158000,"Colorado Rv at Austin, TX",DJF1983,1982-83 El Nino,1982-12-27,145.0,Approved
08158000,"Colorado Rv at Austin, TX",DJF1983,1982-83 El Nino,1983-02-02,97.0,Approved
08158000,"Colorado Rv at Austin, TX",DJF1983,1982-83 El Nino,1982-09-22,2280.0,Approved
08158000,"Colorado Rv at Austin, TX",DJF1983,1982-83 El Nino,1982-09-25,1440.0,Approved
08158000,"Colorado Rv at Austin, TX",DJF1983,1982-83 El Nino,1982-11-07,61.0,Approved
08158000,"Colorado Rv at Austin, TX",DJF1983,1982-83 El Nino,1982-11-01,47.0,Approved
08158000,"Colorado Rv at Austin, TX",DJF1983,1982-83 El Nino,1982-11-13,51.0,Approved
08158000,"Colorado Rv at Austin, TX",DJF1983,1982-83 El Nino,1983-01-02,80.0,Approved
08158000,"Colorado Rv at Austin, TX",DJF1983,1982-83 El Nino,1982-11-27,213.0,Approved
08158000,"Colorado Rv at Austin, TX",DJF1983,1982-83 El Nino,1982-11-28,82.0,Approved
08158000,"Colorado Rv at Austin, TX",DJF1983,1982-83 El Nino,1982-09-02,2710.0,Approved
08158000,"Colorado Rv at Austin, TX",DJF1983,1982-83 El Nino,1982-10-12,98.0,Approved
08158000,"Colorado Rv at Austin, TX",DJF1983,1982-83 El Nino,1983-02-07,101.0,Approved
08158000,"Colorado Rv at Austin, TX",DJF1983,1982-83 El Nino,1982-09-16,2130.0,Approved
08158000,"Colorado Rv at Austin, TX",DJF1983,1982-83 El Nino,1982-10-21,6.3,Approved
08158000,"Colorado Rv at Austin, TX",DJF1983,1982-83 El Nino,1983-01-26,104.0,Approved
08158000,"Colorado Rv at Austin, TX",DJF1983,1982-83 El Nino,1982-09-21,1930.0,Approved
08158000,"Colorado Rv at Austin, TX",DJF1983,1982-83 El Nino,1982-10-19,51.0,Approved
08158000,"Colorado Rv at Austin, TX",DJF1983,1982-83 El Nino,1982-10-11,46.0,Approved
08158000,"Colorado Rv at Austin, TX",DJF1983,1982-83 El Nino,1982-10-31,44.0,Approved
08158000,"Colorado Rv at Austin, TX",DJF1983,1982-83 El Nino,1983-01-17,80.0,Approved
08158000,"Colorado Rv at Austin, TX",DJF1983,1982-83 El Nino,1982-10-16,49.0,Approved
08158000,"Colorado Rv at Austin, TX",DJF1983,1982-83 El Nino,1983-02-03,98.0,Approved
08158000,"Colorado Rv at Austin, TX",DJF1983,1982-83 El Nino,1983-02-08,105.0,Approved
08158000,"Colorado Rv at Austin, TX",DJF1983,1982-83 El Nino,1983-01-24,108.0,Approved
08158000,"Colorado Rv at Austin, TX",DJF1983,1982-83 El Nino,1982-10-10,89.0,Approved
08158000,"Colorado Rv at Austin, TX",DJF1983,1982-83 El Nino,1982-10-28,125.0,Approved
08158000,"Colorado Rv at Austin, TX",DJF1983,1982-83 El Nino,1982-11-12,73.0,Approved
08158000,"Colorado Rv at Austin, TX",DJF1983,1982-83 El Nino,1982-09-18,1930.0,Approved
08158000,"Colorado Rv at Austin, TX",DJF1983,1982-83 El Nino,1983-02-17,134.0,Approved
08158000,"Colorado Rv at Austin, TX",DJF1983,1982-83 El Nino,1982-12-04,77.0,Approved
08158000,"Colorado Rv at Austin, TX",DJF1983,1982-83 El Nino,1982-11-22,65.0,Approved
08158000,"Colorado Rv at Austin, TX",DJF1983,1982-83 El Nino,1982-09-07,2640.0,Approved
08158000,"Colorado Rv at Austin, TX",DJF1983,1982-83 El Nino,1982-12-24,73.0,Approved
08158000,"Colorado Rv at Austin, TX",DJF1998,1997-98 El Nino,1997-12-09,204.0,Approved
08158000,"Colorado Rv at Austin, TX",DJF1998,1997-98 El Nino,1997-11-25,145.0,Approved
08158000,"Colorado Rv at Austin, TX",DJF1998,1997-98 El Nino,1998-01-08,530.0,Approved
08158000,"Colorado Rv at Austin, TX",DJF1998,1997-98 El Nino,1997-10-07,931.0,Approved
08158000,"Colorado Rv at Austin, TX",DJF1998,1997-98 El Nino,1997-12-11,187.0,Approved
08158000,"Colorado Rv at Austin, TX",DJF1998,1997-98 El Nino,1998-02-28,3030.0,Approved
08158000,"Colorado Rv at Austin, TX",DJF1998,1997-98 El Nino,1997-12-08,191.0,Approved
08158000,"Colorado Rv at Austin, TX",DJF1998,1997-98 El Nino,1997-11-26,231.0,Approved
08158000,"Colorado Rv at Austin, TX",DJF1998,1997-98 El Nino,1997-10-27,154.0,Approved
08158000,"Colorado Rv at Austin, TX",DJF1998,1997-98 El Nino,1997-09-01,833.0,Approved
08158000,"Colorado Rv at Austin, TX",DJF1998,1997-98 El Nino,1998-01-07,2010.0,Approved
08158000,"Colorado Rv at Austin, TX",DJF1998,1997-98 El Nino,1997-09-25,1260.0,Approved
08158000,"Colorado Rv at Austin, TX",DJF1998,1997-98 El Nino,1997-11-14,205.0,Approved
08158000,"Colorado Rv at Austin, TX",DJF1998,1997-98 El Nino,1997-09-27,917.0,Approved
08158000,"Colorado Rv at Austin, TX",DJF1998,1997-98 El Nino,1997-09-26,815.0,Approved
08158000,"Colorado Rv at Austin, TX",DJF1998,1997-98 El Nino,1997-09-30,743.0,Approved
08158000,"Colorado Rv at Austin, TX",DJF1998,1997-98 El Nino,1997-12-24,326.0,Approved
08158000,"Colorado Rv at Austin, TX",DJF1998,1997-98 El Nino,1997-12-16,127.0,Approved
08158000,"Colorado Rv at Austin, TX",DJF1998,1997-98 El Nino,1998-01-25,454.0,Approved
08158000,"Colorado Rv at Austin, TX",DJF1998,1997-98 El Nino,1997-10-08,867.0,Approved
08158000,"Colorado Rv at Austin, TX",DJF1998,1997-98 El Nino,1997-10-06,799.0,Approved
08158000,"Colorado Rv at Austin, TX",DJF1998,1997-98 El Nino,1997-09-09,1190.0,Approved
08158000,"Colorado Rv at Austin, TX",DJF1998,1997-98 El Nino,1998-02-26,3830.0,Approved
08158000,"Colorado Rv at Austin, TX",DJF1998,1997-98 El Nino,1997-09-29,880.0,Approved
08158000,"Colorado Rv at Austin, TX",DJF1998,1997-98 El Nino,1997-11-03,209.0,Approved
08158000,"Colorado Rv at Austin, TX",DJF1998,1997-98 El Nino,1997-11-23,206.0,Approved
08158000,"Colorado Rv at Austin, TX",DJF1998,1997-98 El Nino,1998-01-21,568.0,Approved
08158000,"Colorado Rv at Austin, TX",DJF1998,1997-98 El Nino,1997-11-09,268.0,Approved
08158000,"Colorado Rv at Austin, TX",DJF1998,1997-98 El Nino,1997-11-18,237.0,Approved
08158000,"Colorado Rv at Austin, TX",DJF1998,1997-98 El Nino,1997-10-24,373.0,Approved
08158000,"Colorado Rv at Austin, TX",DJF1998,1997-98 El Nino,1998-02-11,1740.0,Approved
08158000,"Colorado Rv at Austin, TX",DJF1998,1997-98 El Nino,1998-01-11,281.0,Approved
08158000,"Colorado Rv at Austin, TX",DJF1998,1997-98 El Nino,1997-10-17,351.0,Approved
08158000,"Colorado Rv at Austin, TX",DJF1998,1997-98 El Nino,1997-11-04,221.0,Approved
08158000,"Colorado Rv at Austin, TX",DJF1998,1997-98 El Nino,1997-11-22,286.0,Approved
08158000,"Colorado Rv at Austin, TX",DJF1998,1997-98 El Nino,1997-10-21,405.0,Approved
08158000,"Colorado Rv at Austin, TX",DJF1998,1997-98 El Nino,1997-12-01,267.0,Approved
08158000,"Colorado Rv at Austin, TX",DJF1998,1997-98 El Nino,1998-02-27,3980.0,Approved
08158000,"Colorado Rv at Austin, TX",DJF1998,1997-98 El Nino,1998-02-12,1180.0,Approved
08158000,"Colorado Rv at Austin, TX",DJF1998,1997-98 El Nino,1997-11-01,187.0,Approved
08158000,"Colorado Rv at Austin, TX",DJF1998,1997-98 El Nino,1997-09-13,963.0,Approved
08158000,"Colorado Rv at Austin, TX",DJF1998,1997-98 El Nino,1997-09-03,868.0,Approved
08158000,"Colorado Rv at Austin, TX",DJF1998,1997-98 El Nino,1998-02-18,1710.0,Approved
08158000,"Colorado Rv at Austin, TX",DJF1998,1997-98 El Nino,1997-11-24,124.0,Approved
08158000,"Colorado Rv at Austin, TX",DJF1998,1997-98 El Nino,1998-01-31,1860.0,Approved
08158000,"Colorado Rv at Austin, TX",DJF1998,1997-98 El Nino,1998-02-15,2540.0,Approved
08158000,"Colorado Rv at Austin, TX",DJF1998,1997-98 El Nino,1997-11-20,269.0,Approved
08158000,"Colorado Rv at Austin, TX",DJF1998,1997-98 El Nino,1997-11-29,229.0,Approved
08158000,"Colorado Rv at Austin, TX",DJF1998,1997-98 El Nino,1998-02-17,3810.0,Approved
08158000,"Colorado Rv at Austin, TX",DJF1998,1997-98 El Nino,1997-09-02,833.0,Approved
08158000,"Colorado Rv at Austin, TX",DJF1998,1997-98 El Nino,1997-12-18,185.0,Approved
08158000,"Colorado Rv at Austin, TX",DJF1998,1997-98 El Nino,1998-01-27,482.0,Approved
08158000,"Colorado Rv at Austin, TX",DJF1998,1997-98 El Nino,1998-02-25,3260.0,Approved
08158000,"Colorado Rv at Austin, TX",DJF1998,1997-98 El Nino,1998-02-22,4190.0,Approved
08158000,"Colorado Rv at Austin, TX",DJF1998,1997-98 El Nino,1997-12-26,316.0,Approved
08158000,"Colorado Rv at Austin, TX",DJF1998,1997-98 El Nino,1998-02-19,1920.0,Approved
08158000,"Colorado Rv at Austin, TX",DJF1998,1997-98 El Nino,1997-10-09,963.0,Approved
08158000,"Colorado Rv at Austin, TX",DJF1998,1997-98 El Nino,1997-11-05,397.0,Approved
08158000,"Colorado Rv at Austin, TX",DJF1998,1997-98 El Nino,1997-09-22,952.0,Approved
08158000,"Colorado Rv at Austin, TX",DJF1998,1997-98 El Nino,1998-01-06,1710.0,Approved
08158000,"Colorado Rv at Austin, TX",DJF1998,1997-98 El Nino,1998-02-14,2690.0,Approved
08158000,"Colorado Rv at Austin, TX",DJF1998,1997-98 El Nino,1998-01-20,606.0,Approved
08158000,"Colorado Rv at Austin, TX",DJF1998,1997-98 El Nino,1997-12-20,1410.0,Approved
08158000,"Colorado Rv at Austin, TX",DJF1998,1997-98 El Nino,1998-02-21,1600.0,Approved
08158000,"Colorado Rv at Austin, TX",DJF1998,1997-98 El Nino,1997-09-17,966.0,Approved
08158000,"Colorado Rv at Austin, TX",DJF1998,1997-98 El Nino,1998-01-22,574.0,Approved
08158000,"Colorado Rv at Austin, TX",DJF1998,1997-98 El Nino,1997-12-13,193.0,Approved
08158000,"Colorado Rv at Austin, TX",DJF1998,1997-98 El Nino,1997-12-15,267.0,Approved
08158000,"Colorado Rv at Austin, TX",DJF1998,1997-98 El Nino,1997-10-04,824.0,Approved
08158000,"Colorado Rv at Austin, TX",DJF1998,1997-98 El Nino,1997-09-23,942.0,Approved
08158000,"Colorado Rv at Austin, TX",DJF1998,1997-98 El Nino,1998-01-30,637.0,Approved
08158000,"Colorado Rv at Austin, TX",DJF1998,1997-98 El Nino,1998-01-05,249.0,Approved
08158000,"Colorado Rv at Austin, TX",DJF1998,1997-98 El Nino,1997-12-07,201.0,Approved
08158000,"Colorado Rv at Austin, TX",DJF1998,1997-98 El Nino,1997-11-27,206.0,Approved
08158000,"Colorado Rv at Austin, TX",DJF1998,1997-98 El Nino,1997-10-29,282.0,Approved
08158000,"Colorado Rv at Austin, TX",DJF1998,1997-98 El Nino,1997-09-12,990.0,Approved
08158000,"Colorado Rv at Austin, TX",DJF1998,1997-98 El Nino,1997-09-05,1130.0,Approved
08158000,"Colorado Rv at Austin, TX",DJF1998,1997-98 El Nino,1997-10-31,216.0,Approved
08158000,"Colorado Rv at Austin, TX",DJF1998,1997-98 El Nino,1998-01-26,485.0,Approved
08158000,"Colorado Rv at Austin, TX",DJF1998,1997-98 El Nino,1998-02-03,3220.0,Approved
08158000,"Colorado Rv at Austin, TX",DJF1998,1997-98 El Nino,1997-11-17,219.0,Approved
08158000,"Colorado Rv at Austin, TX",DJF1998,1997-98 El Nino,1998-01-14,551.0,Approved
08158000,"Colorado Rv at Austin, TX",DJF1998,1997-98 El Nino,1997-12-27,286.0,Approved
08158000,"Colorado Rv at Austin, TX",DJF1998,1997-98 El Nino,1998-01-13,321.0,Approved
08158000,"Colorado Rv at Austin, TX",DJF1998,1997-98 El Nino,1998-01-28,450.0,Approved
08158000,"Colorado Rv at Austin, TX",DJF1998,1997-98 El Nino,1997-12-21,1330.0,Approved
08158000,"Colorado Rv at Austin, TX",DJF1998,1997-98 El Nino,1997-10-22,356.0,Approved
08158000,"Colorado Rv at Austin, TX",DJF1998,1997-98 El Nino,1997-10-14,840.0,Approved
08158000,"Colorado Rv at Austin, TX",DJF1998,1997-98 El Nino,1997-09-04,846.0,Approved
08158000,"Colorado Rv at Austin, TX",DJF1998,1997-98 El Nino,1998-02-20,2150.0,Approved
08158000,"Colorado Rv at Austin, TX",DJF1998,1997-98 El Nino,1998-01-16,575.0,Approved
08158000,"Colorado Rv at Austin, TX",DJF1998,1997-98 El Nino,1997-12-25,245.0,Approved
08158000,"Colorado Rv at Austin, TX",DJF1998,1997-98 El Nino,1997-10-25,303.0,Approved
08158000,"Colorado Rv at Austin, TX",DJF1998,1997-98 El Nino,1998-01-29,495.0,Approved
08158000,"Colorado Rv at Austin, TX",DJF1998,1997-98 El Nino,1997-11-02,214.0,Approved
08158000,"Colorado Rv at Austin, TX",DJF1998,1997-98 El Nino,1997-12-05,125.0,Approved
08158000,"Colorado Rv at Austin, TX",DJF1998,1997-98 El Nino,1997-12-22,263.0,Approved
08158000,"Colorado Rv at Austin, TX",DJF1998,1997-98 El Nino,1998-01-12,352.0,Approved
08158000,"Colorado Rv at Austin, TX",DJF1998,1997-98 El Nino,1997-11-13,339.0,Approved
08158000,"Colorado Rv at Austin, TX",DJF1998,1997-98 El Nino,1997-10-03,813.0,Approved
08158000,"Colorado Rv at Austin, TX",DJF1998,1997-98 El Nino,1997-12-29,483.0,Approved
08158000,"Colorado Rv at Austin, TX",DJF1998,1997-98 El Nino,1997-10-01,904.0,Approved
08158000,"Colorado Rv at Austin, TX",DJF1998,1997-98 El Nino,1998-01-09,380.0,Approved
08158000,"Colorado Rv at Austin, TX",DJF1998,1997-98 El Nino,1998-02-02,1340.0,Approved
08158000,"Colorado Rv at Austin, TX",DJF1998,1997-98 El Nino,1997-10-20,395.0,Approved
08158000,"Colorado Rv at Austin, TX",DJF1998,1997-98 El Nino,1998-01-17,320.0,Approved
08158000,"Colorado Rv at Austin, TX",DJF1998,1997-98 El Nino,1997-11-07,135.0,Approved
08158000,"Colorado Rv at Austin, TX",DJF1998,1997-98 El Nino,1997-10-26,319.0,Approved
08158000,"Colorado Rv at Austin, TX",DJF1998,1997-98 El Nino,1998-01-18,569.0,Approved
08158000,"Colorado Rv at Austin, TX",DJF1998,1997-98 El Nino,1998-01-24,567.0,Approved
08158000,"Colorado Rv at Austin, TX",DJF1998,1997-98 El Nino,1997-09-18,896.0,Approved
08158000,"Colorado Rv at Austin, TX",DJF1998,1997-98 El Nino,1997-10-12,1530.0,Approved
08158000,"Colorado Rv at Austin, TX",DJF1998,1997-98 El Nino,1998-01-23,616.0,Approved
08158000,"Colorado Rv at Austin, TX",DJF1998,1997-98 El Nino,1998-01-10,317.0,Approved
08158000,"Colorado Rv at Austin, TX",DJF1998,1997-98 El Nino,1997-11-16,233.0,Approved
08158000,"Colorado Rv at Austin, TX",DJF1998,1997-98 El Nino,1997-12-12,164.0,Approved
08158000,"Colorado Rv at Austin, TX",DJF1998,1997-98 El Nino,1998-02-06,3130.0,Approved
08158000,"Colorado Rv at Austin, TX",DJF1998,1997-98 El Nino,1997-12-30,635.0,Approved
08158000,"Colorado Rv at Austin, TX",DJF1998,1997-98 El Nino,1997-09-20,899.0,Approved
08158000,"Colorado Rv at Austin, TX",DJF1998,1997-98 El Nino,1997-12-10,189.0,Approved
08158000,"Colorado Rv at Austin, TX",DJF1998,1997-98 El Nino,1997-10-10,1020.0,Approved
08158000,"Colorado Rv at Austin, TX",DJF1998,1997-98 El Nino,1998-02-05,3250.0,Approved
08158000,"Colorado Rv at Austin, TX",DJF1998,1997-98 El Nino,1998-02-07,2190.0,Approved
08158000,"Colorado Rv at Austin, TX",DJF1998,1997-98 El Nino,1997-10-16,410.0,Approved
08158000,"Colorado Rv at Austin, TX",DJF1998,1997-98 El Nino,1998-02-08,1440.0,Approved
08158000,"Colorado Rv at Austin, TX",DJF1998,1997-98 El Nino,1997-10-05,807.0,Approved
08158000,"Colorado Rv at Austin, TX",DJF1998,1997-98 El Nino,1997-10-02,810.0,Approved
08158000,"Colorado Rv at Austin, TX",DJF1998,1997-98 El Nino,1997-12-03,208.0,Approved
08158000,"Colorado Rv at Austin, TX",DJF1998,1997-98 El Nino,1997-11-11,215.0,Approved
08158000,"Colorado Rv at Austin, TX",DJF1998,1997-98 El Nino,1997-12-06,181.0,Approved
08158000,"Colorado Rv at Austin, TX",DJF1998,1997-98 El Nino,1997-11-30,204.0,Approved
08158000,"Colorado Rv at Austin, TX",DJF1998,1997-98 El Nino,1998-02-09,344.0,Approved
08158000,"Colorado Rv at Austin, TX",DJF1998,1997-98 El Nino,1997-09-24,384.0,Approved
08158000,"Colorado Rv at Austin, TX",DJF1998,1997-98 El Nino,1997-11-10,483.0,Approved
08158000,"Colorado Rv at Austin, TX",DJF1998,1997-98 El Nino,1998-01-01,299.0,Approved
08158000,"Colorado Rv at Austin, TX",DJF1998,1997-98 El Nino,1997-10-18,398.0,Approved
08158000,"Colorado Rv at Austin, TX",DJF1998,1997-98 El Nino,1998-02-01,1610.0,Approved
08158000,"Colorado Rv at Austin, TX",DJF1998,1997-98 El Nino,1997-09-06,1160.0,Approved
08158000,"Colorado Rv at Austin, TX",DJF1998,1997-98 El Nino,1998-02-04,2300.0,Approved
08158000,"Colorado Rv at Austin, TX",DJF1998,1997-98 El Nino,1997-10-23,403.0,Approved
08158000,"Colorado Rv at Austin, TX",DJF1998,1997-98 El Nino,1997-11-06,441.0,Approved
08158000,"Colorado Rv at Austin, TX",DJF1998,1997-98 El Nino,1997-12-17,233.0,Approved
08158000,"Colorado Rv at Austin, TX",DJF1998,1997-98 El Nino,1997-09-28,847.0,Approved
08158000,"Colorado Rv at Austin, TX",DJF1998,1997-98 El Nino,1997-10-11,1330.0,Approved
08158000,"Colorado Rv at Austin, TX",DJF1998,1997-98 El Nino,1998-02-10,370.0,Approved
08158000,"Colorado Rv at Austin, TX",DJF1998,1997-98 El Nino,1998-01-02,283.0,Approved
08158000,"Colorado Rv at Austin, TX",DJF1998,1997-98 El Nino,1997-09-07,1070.0,Approved
08158000,"Colorado Rv at Austin, TX",DJF1998,1997-98 El Nino,1997-10-28,365.0,Approved
08158000,"Colorado Rv at Austin, TX",DJF1998,1997-98 El Nino,1998-01-19,450.0,Approved
08158000,"Colorado Rv at Austin, TX",DJF1998,1997-98 El Nino,1997-09-15,1030.0,Approved
08158000,"Colorado Rv at Austin, TX",DJF1998,1997-98 El Nino,1997-11-21,151.0,Approved
08158000,"Colorado Rv at Austin, TX",DJF1998,1997-98 El Nino,1998-01-04,205.0,Approved
08158000,"Colorado Rv at Austin, TX",DJF1998,1997-98 El Nino,1997-09-16,947.0,Approved
08158000,"Colorado Rv at Austin, TX",DJF1998,1997-98 El Nino,1997-11-19,217.0,Approved
08158000,"Colorado Rv at Austin, TX",DJF1998,1997-98 El Nino,1998-01-15,937.0,Approved
08158000,"Colorado Rv at Austin, TX",DJF1998,1997-98 El Nino,1997-11-15,227.0,Approved
08158000,"Colorado Rv at Austin, TX",DJF1998,1997-98 El Nino,1997-12-04,306.0,Approved
08158000,"Colorado Rv at Austin, TX",DJF1998,1997-98 El Nino,1997-10-30,303.0,Approved
08158000,"Colorado Rv at Austin, TX",DJF1998,1997-98 El Nino,1997-09-10,992.0,Approved
08158000,"Colorado Rv at Austin, TX",DJF1998,1997-98 El Nino,1997-12-23,307.0,Approved
08158000,"Colorado Rv at Austin, TX",DJF1998,1997-98 El Nino,1998-02-13,1720.0,Approved
08158000,"Colorado Rv at Austin, TX",DJF1998,1997-98 El Nino,1997-12-31,254.0,Approved
08158000,"Colorado Rv at Austin, TX",DJF1998,1997-98 El Nino,1997-10-13,1070.0,Approved
08158000,"Colorado Rv at Austin, TX",DJF1998,1997-98 El Nino,1997-10-15,449.0,Approved
08158000,"Colorado Rv at Austin, TX",DJF1998,1997-98 El Nino,1998-02-16,2630.0,Approved
08158000,"Colorado Rv at Austin, TX",DJF1998,1997-98 El Nino,1998-01-03,177.0,Approved
08158000,"Colorado Rv at Austin, TX",DJF1998,1997-98 El Nino,1997-12-02,129.0,Approved
08158000,"Colorado Rv at Austin, TX",DJF1998,1997-98 El Nino,1997-11-28,276.0,Approved
08158000,"Colorado Rv at Austin, TX",DJF1998,1997-98 El Nino,1998-02-24,2940.0,Approved
08158000,"Colorado Rv at Austin, TX",DJF1998,1997-98 El Nino,1997-09-14,920.0,Approved
08158000,"Colorado Rv at Austin, TX",DJF1998,1997-98 El Nino,1997-09-08,1130.0,Approved
08158000,"Colorado Rv at Austin, TX",DJF1998,1997-98 El Nino,1997-09-19,882.0,Approved
08158000,"Colorado Rv at Austin, TX",DJF1998,1997-98 El Nino,1997-12-28,241.0,Approved
08158000,"Colorado Rv at Austin, TX",DJF1998,1997-98 El Nino,1998-02-23,3770.0,Approved
08158000,"Colorado Rv at Austin, TX",DJF1998,1997-98 El Nino,1997-09-21,884.0,Approved
08158000,"Colorado Rv at Austin, TX",DJF1998,1997-98 El Nino,1997-12-14,171.0,Approved
08158000,"Colorado Rv at Austin, TX",DJF1998,1997-98 El Nino,1997-12-19,126.0,Approved
08158000,"Colorado Rv at Austin, TX",DJF1998,1997-98 El Nino,1997-11-12,505.0,Approved
08158000,"Colorado Rv at Austin, TX",DJF1998,1997-98 El Nino,1997-11-08,148.0,Approved
08158000,"Colorado Rv at Austin, TX",DJF1998,1997-98 El Nino,1997-09-11,978.0,Approved
08158000,"Colorado Rv at Austin, TX",DJF1998,1997-98 El Nino,1997-10-19,385.0,Approved
08158000,"Colorado Rv at Austin, TX",DJF2016,2015-16 El Nino,2016-01-01,204.0,Approved
08158000,"Colorado Rv at Austin, TX",DJF2016,2015-16 El Nino,2015-10-12,149.0,Approved
08158000,"Colorado Rv at Austin, TX",DJF2016,2015-16 El Nino,2016-02-22,168.0,Approved
08158000,"Colorado Rv at Austin, TX",DJF2016,2015-16 El Nino,2015-10-28,142.0,Approved
08158000,"Colorado Rv at Austin, TX",DJF2016,2015-16 El Nino,2015-09-21,154.0,Approved
08158000,"Colorado Rv at Austin, TX",DJF2016,2015-16 El Nino,2015-11-10,218.0,Approved
08158000,"Colorado Rv at Austin, TX",DJF2016,2015-16 El Nino,2015-12-12,161.0,Approved
08158000,"Colorado Rv at Austin, TX",DJF2016,2015-16 El Nino,2016-01-05,205.0,Approved
08158000,"Colorado Rv at Austin, TX",DJF2016,2015-16 El Nino,2015-11-14,200.0,Approved
08158000,"Colorado Rv at Austin, TX",DJF2016,2015-16 El Nino,2016-02-16,174.0,Approved
08158000,"Colorado Rv at Austin, TX",DJF2016,2015-16 El Nino,2015-09-14,138.0,Approved
08158000,"Colorado Rv at Austin, TX",DJF2016,2015-16 El Nino,2016-01-25,206.0,Approved
08158000,"Colorado Rv at Austin, TX",DJF2016,2015-16 El Nino,2015-12-28,390.0,Approved
08158000,"Colorado Rv at Austin, TX",DJF2016,2015-16 El Nino,2015-09-12,140.0,Approved
08158000,"Colorado Rv at Austin, TX",DJF2016,2015-16 El Nino,2015-10-02,157.0,Approved
08158000,"Colorado Rv at Austin, TX",DJF2016,2015-16 El Nino,2015-11-27,261.0,Approved
08158000,"Colorado Rv at Austin, TX",DJF2016,2015-16 El Nino,2015-09-20,127.0,Approved
08158000,"Colorado Rv at Austin, TX",DJF2016,2015-16 El Nino,2016-01-11,213.0,Approved
08158000,"Colorado Rv at Austin, TX",DJF2016,2015-16 El Nino,2015-09-29,140.0,Approved
08158000,"Colorado Rv at Austin, TX",DJF2016,2015-16 El Nino,2015-10-01,186.0,Approved
08158000,"Colorado Rv at Austin, TX",DJF2016,2015-16 El Nino,2016-02-19,217.0,Approved
08158000,"Colorado Rv at Austin, TX",DJF2016,2015-16 El Nino,2015-09-16,126.0,Approved
08158000,"Colorado Rv at Austin, TX",DJF2016,2015-16 El Nino,2015-12-29,223.0,Approved
08158000,"Colorado Rv at Austin, TX",DJF2016,2015-16 El Nino,2016-01-27,210.0,Approved
08158000,"Colorado Rv at Austin, TX",DJF2016,2015-16 El Nino,2015-09-15,130.0,Approved
08158000,"Colorado Rv at Austin, TX",DJF2016,2015-16 El Nino,2016-02-17,181.0,Approved
08158000,"Colorado Rv at Austin, TX",DJF2016,2015-16 El Nino,2016-02-10,173.0,Approved
08158000,"Colorado Rv at Austin, TX",DJF2016,2015-16 El Nino,2016-02-21,185.0,Approved
08158000,"Colorado Rv at Austin, TX",DJF2016,2015-16 El Nino,2016-01-22,189.0,Approved
08158000,"Colorado Rv at Austin, TX",DJF2016,2015-16 El Nino,2016-02-05,175.0,Approved
08158000,"Colorado Rv at Austin, TX",DJF2016,2015-16 El Nino,2015-11-01,865.0,Approved
08158000,"Colorado Rv at Austin, TX",DJF2016,2015-16 El Nino,2015-11-20,185.0,Approved
08158000,"Colorado Rv at Austin, TX",DJF2016,2015-16 El Nino,2016-01-18,210.0,Approved
08158000,"Colorado Rv at Austin, TX",DJF2016,2015-16 El Nino,2016-01-14,201.0,Approved
08158000,"Colorado Rv at Austin, TX",DJF2016,2015-16 El Nino,2016-02-28,189.0,Approved
08158000,"Colorado Rv at Austin, TX",DJF2016,2015-16 El Nino,2016-02-03,192.0,Approved
08158000,"Colorado Rv at Austin, TX",DJF2016,2015-16 El Nino,2015-09-11,224.0,Approved
08158000,"Colorado Rv at Austin, TX",DJF2016,2015-16 El Nino,2016-01-30,189.0,Approved
08158000,"Colorado Rv at Austin, TX",DJF2016,2015-16 El Nino,2016-02-12,183.0,Approved
08158000,"Colorado Rv at Austin, TX",DJF2016,2015-16 El Nino,2015-12-19,189.0,Approved
08158000,"Colorado Rv at Austin, TX",DJF2016,2015-16 El Nino,2015-10-27,151.0,Approved
08158000,"Colorado Rv at Austin, TX",DJF2016,2015-16 El Nino,2015-10-23,170.0,Approved
08158000,"Colorado Rv at Austin, TX",DJF2016,2015-16 El Nino,2015-11-23,155.0,Approved
08158000,"Colorado Rv at Austin, TX",DJF2016,2015-16 El Nino,2015-09-26,132.0,Approved
08158000,"Colorado Rv at Austin, TX",DJF2016,2015-16 El Nino,2016-02-02,185.0,Approved
08158000,"Colorado Rv at Austin, TX",DJF2016,2015-16 El Nino,2016-02-08,234.0,Approved
08158000,"Colorado Rv at Austin, TX",DJF2016,2015-16 El Nino,2016-01-09,209.0,Approved
08158000,"Colorado Rv at Austin, TX",DJF2016,2015-16 El Nino,2015-09-18,155.0,Approved
08158000,"Colorado Rv at Austin, TX",DJF2016,2015-16 El Nino,2015-10-13,167.0,Approved
08158000,"Colorado Rv at Austin, TX",DJF2016,2015-16 El Nino,2016-02-06,190.0,Approved
08158000,"Colorado Rv at Austin, TX",DJF2016,2015-16 El Nino,2015-09-24,146.0,Approved
08158000,"Colorado Rv at Austin, TX",DJF2016,2015-16 El Nino,2015-12-18,220.0,Approved
08158000,"Colorado Rv at Austin, TX",DJF2016,2015-16 El Nino,2015-12-05,208.0,Approved
08158000,"Colorado Rv at Austin, TX",DJF2016,2015-16 El Nino,2015-12-24,185.0,Approved
08158000,"Colorado Rv at Austin, TX",DJF2016,2015-16 El Nino,2015-09-13,139.0,Approved
08158000,"Colorado Rv at Austin, TX",DJF2016,2015-16 El Nino,2016-01-03,227.0,Approved
08158000,"Colorado Rv at Austin, TX",DJF2016,2015-16 El Nino,2015-10-11,153.0,Approved
08158000,"Colorado Rv at Austin, TX",DJF2016,2015-16 El Nino,2015-12-26,183.0,Approved
08158000,"Colorado Rv at Austin, TX",DJF2016,2015-16 El Nino,2015-11-11,218.0,Approved
08158000,"Colorado Rv at Austin, TX",DJF2016,2015-16 El Nino,2015-10-10,154.0,Approved
08158000,"Colorado Rv at Austin, TX",DJF2016,2015-16 El Nino,2016-02-27,178.0,Approved
08158000,"Colorado Rv at Austin, TX",DJF2016,2015-16 El Nino,2016-01-15,209.0,Approved
08158000,"Colorado Rv at Austin, TX",DJF2016,2015-16 El Nino,2015-11-21,169.0,Approved
08158000,"Colorado Rv at Austin, TX",DJF2016,2015-16 El Nino,2015-10-07,159.0,Approved
08158000,"Colorado Rv at Austin, TX",DJF2016,2015-16 El Nino,2015-11-02,497.0,Approved
08158000,"Colorado Rv at Austin, TX",DJF2016,2015-16 El Nino,2015-12-01,219.0,Approved
08158000,"Colorado Rv at Austin, TX",DJF2016,2015-16 El Nino,2016-02-09,177.0,Approved
08158000,"Colorado Rv at Austin, TX",DJF2016,2015-16 El Nino,2016-01-19,187.0,Approved
08158000,"Colorado Rv at Austin, TX",DJF2016,2015-16 El Nino,2015-12-06,169.0,Approved
08158000,"Colorado Rv at Austin, TX",DJF2016,2015-16 El Nino,2015-09-09,153.0,Approved
08158000,"Colorado Rv at Austin, TX",DJF2016,2015-16 El Nino,2015-10-25,905.0,Approved
08158000,"Colorado Rv at Austin, TX",DJF2016,2015-16 El Nino,2015-09-02,146.0,Approved
08158000,"Colorado Rv at Austin, TX",DJF2016,2015-16 El Nino,2016-02-29,184.0,Approved
08158000,"Colorado Rv at Austin, TX",DJF2016,2015-16 El Nino,2015-12-09,179.0,Approved
08158000,"Colorado Rv at Austin, TX",DJF2016,2015-16 El Nino,2015-10-20,156.0,Approved
08158000,"Colorado Rv at Austin, TX",DJF2016,2015-16 El Nino,2015-12-25,184.0,Approved
08158000,"Colorado Rv at Austin, TX",DJF2016,2015-16 El Nino,2015-10-21,160.0,Approved
08158000,"Colorado Rv at Austin, TX",DJF2016,2015-16 El Nino,2015-10-22,163.0,Approved
08158000,"Colorado Rv at Austin, TX",DJF2016,2015-16 El Nino,2015-09-10,323.0,Approved
08158000,"Colorado Rv at Austin, TX",DJF2016,2015-16 El Nino,2016-02-25,195.0,Approved
08158000,"Colorado Rv at Austin, TX",DJF2016,2015-16 El Nino,2015-10-24,3780.0,Approved
08158000,"Colorado Rv at Austin, TX",DJF2016,2015-16 El Nino,2015-12-08,179.0,Approved
08158000,"Colorado Rv at Austin, TX",DJF2016,2015-16 El Nino,2015-10-26,238.0,Approved
08158000,"Colorado Rv at Austin, TX",DJF2016,2015-16 El Nino,2015-09-22,132.0,Approved
08158000,"Colorado Rv at Austin, TX",DJF2016,2015-16 El Nino,2015-11-06,256.0,Approved
08158000,"Colorado Rv at Austin, TX",DJF2016,2015-16 El Nino,2015-10-15,162.0,Approved
08158000,"Colorado Rv at Austin, TX",DJF2016,2015-16 El Nino,2015-11-17,301.0,Approved
08158000,"Colorado Rv at Austin, TX",DJF2016,2015-16 El Nino,2015-12-02,211.0,Approved
08158000,"Colorado Rv at Austin, TX",DJF2016,2015-16 El Nino,2015-09-27,150.0,Approved
08158000,"Colorado Rv at Austin, TX",DJF2016,2015-16 El Nino,2016-01-13,189.0,Approved
08158000,"Colorado Rv at Austin, TX",DJF2016,2015-16 El Nino,2015-10-19,158.0,Approved
08158000,"Colorado Rv at Austin, TX",DJF2016,2015-16 El Nino,2016-02-20,190.0,Approved
08158000,"Colorado Rv at Austin, TX",DJF2016,2015-16 El Nino,2016-02-13,174.0,Approved
08158000,"Colorado Rv at Austin, TX",DJF2016,2015-16 El Nino,2016-01-16,188.0,Approved
08158000,"Colorado Rv at Austin, TX",DJF2016,2015-16 El Nino,2015-10-05,160.0,Approved
08158000,"Colorado Rv at Austin, TX",DJF2016,2015-16 El Nino,2015-12-15,229.0,Approved
08158000,"Colorado Rv at Austin, TX",DJF2016,2015-16 El Nino,2015-11-09,244.0,Approved
08158000,"Colorado Rv at Austin, TX",DJF2016,2015-16 El Nino,2015-10-18,160.0,Approved
08158000,"Colorado Rv at Austin, TX",DJF2016,2015-16 El Nino,2015-09-05,153.0,Approved
08158000,"Colorado Rv at Austin, TX",DJF2016,2015-16 El Nino,2015-11-19,185.0,Approved
08158000,"Colorado Rv at Austin, TX",DJF2016,2015-16 El Nino,2015-11-13,184.0,Approved
08158000,"Colorado Rv at Austin, TX",DJF2016,2015-16 El Nino,2015-11-18,209.0,Approved
08158000,"Colorado Rv at Austin, TX",DJF2016,2015-16 El Nino,2015-09-07,148.0,Approved
08158000,"Colorado Rv at Austin, TX",DJF2016,2015-16 El Nino,2015-12-07,186.0,Approved
08158000,"Colorado Rv at Austin, TX",DJF2016,2015-16 El Nino,2015-12-13,648.0,Approved
08158000,"Colorado Rv at Austin, TX",DJF2016,2015-16 El Nino,2016-02-15,191.0,Approved
08158000,"Colorado Rv at Austin, TX",DJF2016,2015-16 El Nino,2016-01-12,206.0,Approved
08158000,"Colorado Rv at Austin, TX",DJF2016,2015-16 El Nino,2015-09-03,157.0,Approved
08158000,"Colorado Rv at Austin, TX",DJF2016,2015-16 El Nino,2016-01-29,204.0,Approved
08158000,"Colorado Rv at Austin, TX",DJF2016,2015-16 El Nino,2015-11-12,211.0,Approved
08158000,"Colorado Rv at Austin, TX",DJF2016,2015-16 El Nino,2015-12-04,179.0,Approved
08158000,"Colorado Rv at Austin, TX",DJF2016,2015-16 El Nino,2016-02-18,171.0,Approved
08158000,"Colorado Rv at Austin, TX",DJF2016,2015-16 El Nino,2016-01-02,209.0,Approved
08158000,"Colorado Rv at Austin, TX",DJF2016,2015-16 El Nino,2016-01-24,205.0,Approved
08158000,"Colorado Rv at Austin, TX",DJF2016,2015-16 El Nino,2015-09-28,149.0,Approved
08158000,"Colorado Rv at Austin, TX",DJF2016,2015-16 El Nino,2015-11-08,244.0,Approved
08158000,"Colorado Rv at Austin, TX",DJF2016,2015-16 El Nino,2015-10-16,161.0,Approved
08158000,"Colorado Rv at Austin, TX",DJF2016,2015-16 El Nino,2015-12-14,339.0,Approved
08158000,"Colorado Rv at Austin, TX",DJF2016,2015-16 El Nino,2015-11-26,172.0,Approved
08158000,"Colorado Rv at Austin, TX",DJF2016,2015-16 El Nino,2015-10-08,160.0,Approved
08158000,"Colorado Rv at Austin, TX",DJF2016,2015-16 El Nino,2016-02-04,225.0,Approved
08158000,"Colorado Rv at Austin, TX",DJF2016,2015-16 El Nino,2015-09-23,132.0,Approved
08158000,"Colorado Rv at Austin, TX",DJF2016,2015-16 El Nino,2015-11-07,298.0,Approved
08158000,"Colorado Rv at Austin, TX",DJF2016,2015-16 El Nino,2015-12-17,199.0,Approved
08158000,"Colorado Rv at Austin, TX",DJF2016,2015-16 El Nino,2016-02-07,171.0,Approved
08158000,"Colorado Rv at Austin, TX",DJF2016,2015-16 El Nino,2016-02-14,189.0,Approved
08158000,"Colorado Rv at Austin, TX",DJF2016,2015-16 El Nino,2016-01-06,213.0,Approved
08158000,"Colorado Rv at Austin, TX",DJF2016,2015-16 El Nino,2016-01-04,226.0,Approved
08158000,"Colorado Rv at Austin, TX",DJF2016,2015-16 El Nino,2015-09-04,146.0,Approved
08158000,"Colorado Rv at Austin, TX",DJF2016,2015-16 El Nino,2015-09-30,150.0,Approved
08158000,"Colorado Rv at Austin, TX",DJF2016,2015-16 El Nino,2015-11-04,497.0,Approved
08158000,"Colorado Rv at Austin, TX",DJF2016,2015-16 El Nino,2016-02-24,204.0,Approved
08158000,"Colorado Rv at Austin, TX",DJF2016,2015-16 El Nino,2015-09-19,141.0,Approved
08158000,"Colorado Rv at Austin, TX",DJF2016,2015-16 El Nino,2015-09-01,190.0,Approved
08158000,"Colorado Rv at Austin, TX",DJF2016,2015-16 El Nino,2015-12-21,193.0,Approved
08158000,"Colorado Rv at Austin, TX",DJF2016,2015-16 El Nino,2015-10-29,136.0,Approved
08158000,"Colorado Rv at Austin, TX",DJF2016,2015-16 El Nino,2015-10-06,160.0,Approved
08158000,"Colorado Rv at Austin, TX",DJF2016,2015-16 El Nino,2015-11-03,407.0,Approved
08158000,"Colorado Rv at Austin, TX",DJF2016,2015-16 El Nino,2016-01-17,200.0,Approved
08158000,"Colorado Rv at Austin, TX",DJF2016,2015-16 El Nino,2015-12-22,194.0,Approved
08158000,"Colorado Rv at Austin, TX",DJF2016,2015-16 El Nino,2015-10-09,157.0,Approved
08158000,"Colorado Rv at Austin, TX",DJF2016,2015-16 El Nino,2015-12-27,326.0,Approved
08158000,"Colorado Rv at Austin, TX",DJF2016,2015-16 El Nino,2015-11-22,173.0,Approved
08158000,"Colorado Rv at Austin, TX",DJF2016,2015-16 El Nino,2016-01-26,202.0,Approved
08158000,"Colorado Rv at Austin, TX",DJF2016,2015-16 El Nino,2015-12-11,218.0,Approved
08158000,"Colorado Rv at Austin, TX",DJF2016,2015-16 El Nino,2015-09-17,136.0,Approved
08158000,"Colorado Rv at Austin, TX",DJF2016,2015-16 El Nino,2015-12-20,205.0,Approved
08158000,"Colorado Rv at Austin, TX",DJF2016,2015-16 El Nino,2015-10-31,3990.0,Approved
08158000,"Colorado Rv at Austin, TX",DJF2016,2015-16 El Nino,2015-09-06,152.0,Approved
08158000,"Colorado Rv at Austin, TX",DJF2016,2015-16 El Nino,2016-01-07,236.0,Approved
08158000,"Colorado Rv at Austin, TX",DJF2016,2015-16 El Nino,2016-01-28,207.0,Approved
08158000,"Colorado Rv at Austin, TX",DJF2016,2015-16 El Nino,2015-11-05,355.0,Approved
08158000,"Colorado Rv at Austin, TX",DJF2016,2015-16 El Nino,2015-11-16,196.0,Approved
08158000,"Colorado Rv at Austin, TX",DJF2016,2015-16 El Nino,2015-11-29,238.0,Approved
08158000,"Colorado Rv at Austin, TX",DJF2016,2015-16 El Nino,2016-01-20,198.0,Approved
08158000,"Colorado Rv at Austin, TX",DJF2016,2015-16 El Nino,2016-02-26,224.0,Approved
08158000,"Colorado Rv at Austin, TX",DJF2016,2015-16 El Nino,2015-10-04,157.0,Approved
08158000,"Colorado Rv at Austin, TX",DJF2016,2015-16 El Nino,2015-12-23,192.0,Approved
08158000,"Colorado Rv at Austin, TX",DJF2016,2015-16 El Nino,2015-12-31,228.0,Approved
08158000,"Colorado Rv at Austin, TX",DJF2016,2015-16 El Nino,2015-11-28,287.0,Approved
08158000,"Colorado Rv at Austin, TX",DJF2016,2015-16 El Nino,2015-11-25,154.0,Approved
08158000,"Colorado Rv at Austin, TX",DJF2016,2015-16 El Nino,2016-01-21,216.0,Approved
08158000,"Colorado Rv at Austin, TX",DJF2016,2015-16 El Nino,2015-12-03,204.0,Approved
08158000,"Colorado Rv at Austin, TX",DJF2016,2015-16 El Nino,2015-11-15,175.0,Approved
08158000,"Colorado Rv at Austin, TX",DJF2016,2015-16 El Nino,2015-10-03,141.0,Approved
08158000,"Colorado Rv at Austin, TX",DJF2016,2015-16 El Nino,2015-11-24,171.0,Approved
08158000,"Colorado Rv at Austin, TX",DJF2016,2015-16 El Nino,2016-01-10,197.0,Approved
08158000,"Colorado Rv at Austin, TX",DJF2016,2015-16 El Nino,2015-12-10,162.0,Approved
08158000,"Colorado Rv at Austin, TX",DJF2016,2015-16 El Nino,2016-02-11,232.0,Approved
08158000,"Colorado Rv at Austin, TX",DJF2016,2015-16 El Nino,2015-10-30,12300.0,Approved
08158000,"Colorado Rv at Austin, TX",DJF2016,2015-16 El Nino,2015-11-30,213.0,Approved
08158000,"Colorado Rv at Austin, TX",DJF2016,2015-16 El Nino,2016-02-01,247.0,Approved
08158000,"Colorado Rv at Austin, TX",DJF2016,2015-16 El Nino,2016-02-23,436.0,Approved
08158000,"Colorado Rv at Austin, TX",DJF2016,2015-16 El Nino,2016-01-08,223.0,Approved
08158000,"Colorado Rv at Austin, TX",DJF2016,2015-16 El Nino,2015-12-16,234.0,Approved
08158000,"Colorado Rv at Austin, TX",DJF2016,2015-16 El Nino,2015-10-14,163.0,Approved
08158000,"Colorado Rv at Austin, TX",DJF2016,2015-16 El Nino,2015-12-30,227.0,Approved
08158000,"Colorado Rv at Austin, TX",DJF2016,2015-16 El Nino,2015-09-25,154.0,Approved
08158000,"Colorado Rv at Austin, TX",DJF2016,2015-16 El Nino,2016-01-31,200.0,Approved
08158000,"Colorado Rv at Austin, TX",DJF2016,2015-16 El Nino,2016-01-23,196.0,Approved
08158000,"Colorado Rv at Austin, TX",DJF2016,2015-16 El Nino,2015-09-08,155.0,Approved
08158000,"Colorado Rv at Austin, TX",DJF2016,2015-16 El Nino,2015-10-17,161.0,Approved
08158000,"Colorado Rv at Austin, TX",DJF2024,2023-24 El Nino,2024-01-31,115.0,Approved
08158000,"Colorado Rv at Austin, TX",DJF2024,2023-24 El Nino,2023-12-07,88.3,Approved
08158000,"Colorado Rv at Austin, TX",DJF2024,2023-24 El Nino,2024-02-20,92.7,Approved
08158000,"Colorado Rv at Austin, TX",DJF2024,2023-24 El Nino,2023-10-13,81.0,Approved
08158000,"Colorado Rv at Austin, TX",DJF2024,2023-24 El Nino,2023-12-08,63.2,Approved
08158000,"Colorado Rv at Austin, TX",DJF2024,2023-24 El Nino,2024-01-14,73.8,Approved
08158000,"Colorado Rv at Austin, TX",DJF2024,2023-24 El Nino,2023-09-21,203.0,Approved
08158000,"Colorado Rv at Austin, TX",DJF2024,2023-24 El Nino,2023-11-08,78.4,Approved
08158000,"Colorado Rv at Austin, TX",DJF2024,2023-24 El Nino,2023-09-17,238.0,Approved
08158000,"Colorado Rv at Austin, TX",DJF2024,2023-24 El Nino,2023-12-05,65.1,Approved
08158000,"Colorado Rv at Austin, TX",DJF2024,2023-24 El Nino,2024-01-08,83.3,Approved
08158000,"Colorado Rv at Austin, TX",DJF2024,2023-24 El Nino,2024-01-18,87.6,Approved
08158000,"Colorado Rv at Austin, TX",DJF2024,2023-24 El Nino,2024-01-13,70.0,Approved
08158000,"Colorado Rv at Austin, TX",DJF2024,2023-24 El Nino,2023-09-25,260.0,Approved
08158000,"Colorado Rv at Austin, TX",DJF2024,2023-24 El Nino,2024-01-12,74.2,Approved
08158000,"Colorado Rv at Austin, TX",DJF2024,2023-24 El Nino,2023-12-16,92.4,Approved
08158000,"Colorado Rv at Austin, TX",DJF2024,2023-24 El Nino,2023-12-26,86.0,Approved
08158000,"Colorado Rv at Austin, TX",DJF2024,2023-24 El Nino,2023-11-21,73.0,Approved
08158000,"Colorado Rv at Austin, TX",DJF2024,2023-24 El Nino,2024-02-15,98.4,Approved
08158000,"Colorado Rv at Austin, TX",DJF2024,2023-24 El Nino,2023-10-07,89.7,Approved
08158000,"Colorado Rv at Austin, TX",DJF2024,2023-24 El Nino,2024-01-16,75.4,Approved
08158000,"Colorado Rv at Austin, TX",DJF2024,2023-24 El Nino,2023-10-12,101.0,Approved
08158000,"Colorado Rv at Austin, TX",DJF2024,2023-24 El Nino,2023-09-29,113.0,Approved
08158000,"Colorado Rv at Austin, TX",DJF2024,2023-24 El Nino,2023-12-19,80.5,Approved
08158000,"Colorado Rv at Austin, TX",DJF2024,2023-24 El Nino,2024-01-01,64.6,Approved
08158000,"Colorado Rv at Austin, TX",DJF2024,2023-24 El Nino,2023-12-09,72.9,Approved
08158000,"Colorado Rv at Austin, TX",DJF2024,2023-24 El Nino,2023-12-29,72.8,Approved
08158000,"Colorado Rv at Austin, TX",DJF2024,2023-24 El Nino,2024-01-06,84.1,Approved
08158000,"Colorado Rv at Austin, TX",DJF2024,2023-24 El Nino,2023-11-11,101.0,Approved
08158000,"Colorado Rv at Austin, TX",DJF2024,2023-24 El Nino,2024-01-24,305.0,Approved
08158000,"Colorado Rv at Austin, TX",DJF2024,2023-24 El Nino,2023-09-13,277.0,Approved
08158000,"Colorado Rv at Austin, TX",DJF2024,2023-24 El Nino,2023-10-23,248.0,Approved
08158000,"Colorado Rv at Austin, TX",DJF2024,2023-24 El Nino,2023-09-14,247.0,Approved
08158000,"Colorado Rv at Austin, TX",DJF2024,2023-24 El Nino,2024-01-11,74.5,Approved
08158000,"Colorado Rv at Austin, TX",DJF2024,2023-24 El Nino,2023-09-19,153.0,Approved
08158000,"Colorado Rv at Austin, TX",DJF2024,2023-24 El Nino,2024-02-11,128.0,Approved
08158000,"Colorado Rv at Austin, TX",DJF2024,2023-24 El Nino,2024-01-05,90.3,Approved
08158000,"Colorado Rv at Austin, TX",DJF2024,2023-24 El Nino,2024-01-20,74.8,Approved
08158000,"Colorado Rv at Austin, TX",DJF2024,2023-24 El Nino,2024-02-03,156.0,Approved
08158000,"Colorado Rv at Austin, TX",DJF2024,2023-24 El Nino,2024-02-09,97.3,Approved
08158000,"Colorado Rv at Austin, TX",DJF2024,2023-24 El Nino,2023-10-29,111.0,Approved
08158000,"Colorado Rv at Austin, TX",DJF2024,2023-24 El Nino,2024-02-23,85.0,Approved
08158000,"Colorado Rv at Austin, TX",DJF2024,2023-24 El Nino,2023-10-16,54.7,Approved
08158000,"Colorado Rv at Austin, TX",DJF2024,2023-24 El Nino,2023-10-15,59.8,Approved
08158000,"Colorado Rv at Austin, TX",DJF2024,2023-24 El Nino,2023-11-12,91.7,Approved
08158000,"Colorado Rv at Austin, TX",DJF2024,2023-24 El Nino,2023-11-13,94.4,Approved
08158000,"Colorado Rv at Austin, TX",DJF2024,2023-24 El Nino,2024-02-04,106.0,Approved
08158000,"Colorado Rv at Austin, TX",DJF2024,2023-24 El Nino,2023-10-01,113.0,Approved
08158000,"Colorado Rv at Austin, TX",DJF2024,2023-24 El Nino,2023-12-01,99.5,Approved
08158000,"Colorado Rv at Austin, TX",DJF2024,2023-24 El Nino,2023-11-01,91.9,Approved
08158000,"Colorado Rv at Austin, TX",DJF2024,2023-24 El Nino,2023-09-23,146.0,Approved
08158000,"Colorado Rv at Austin, TX",DJF2024,2023-24 El Nino,2024-02-06,105.0,Approved
08158000,"Colorado Rv at Austin, TX",DJF2024,2023-24 El Nino,2024-02-01,98.0,Approved
08158000,"Colorado Rv at Austin, TX",DJF2024,2023-24 El Nino,2023-10-25,192.0,Approved
08158000,"Colorado Rv at Austin, TX",DJF2024,2023-24 El Nino,2023-12-21,83.9,Approved
08158000,"Colorado Rv at Austin, TX",DJF2024,2023-24 El Nino,2024-02-21,88.8,Approved
08158000,"Colorado Rv at Austin, TX",DJF2024,2023-24 El Nino,2023-09-09,310.0,Approved
08158000,"Colorado Rv at Austin, TX",DJF2024,2023-24 El Nino,2024-02-10,327.0,Approved
08158000,"Colorado Rv at Austin, TX",DJF2024,2023-24 El Nino,2023-10-18,83.3,Approved
08158000,"Colorado Rv at Austin, TX",DJF2024,2023-24 El Nino,2024-02-05,94.1,Approved
08158000,"Colorado Rv at Austin, TX",DJF2024,2023-24 El Nino,2023-12-30,91.1,Approved
08158000,"Colorado Rv at Austin, TX",DJF2024,2023-24 El Nino,2024-02-22,93.9,Approved
08158000,"Colorado Rv at Austin, TX",DJF2024,2023-24 El Nino,2023-12-27,79.6,Approved
08158000,"Colorado Rv at Austin, TX",DJF2024,2023-24 El Nino,2024-01-02,174.0,Approved
08158000,"Colorado Rv at Austin, TX",DJF2024,2023-24 El Nino,2023-11-19,74.0,Approved
08158000,"Colorado Rv at Austin, TX",DJF2024,2023-24 El Nino,2023-12-18,73.7,Approved
08158000,"Colorado Rv at Austin, TX",DJF2024,2023-24 El Nino,2024-02-08,98.6,Approved
08158000,"Colorado Rv at Austin, TX",DJF2024,2023-24 El Nino,2023-09-05,323.0,Approved
08158000,"Colorado Rv at Austin, TX",DJF2024,2023-24 El Nino,2024-02-02,110.0,Approved
08158000,"Colorado Rv at Austin, TX",DJF2024,2023-24 El Nino,2023-10-28,179.0,Approved
08158000,"Colorado Rv at Austin, TX",DJF2024,2023-24 El Nino,2023-09-06,341.0,Approved
08158000,"Colorado Rv at Austin, TX",DJF2024,2023-24 El Nino,2023-09-12,276.0,Approved
08158000,"Colorado Rv at Austin, TX",DJF2024,2023-24 El Nino,2024-01-28,127.0,Approved
08158000,"Colorado Rv at Austin, TX",DJF2024,2023-24 El Nino,2023-11-15,79.0,Approved
08158000,"Colorado Rv at Austin, TX",DJF2024,2023-24 El Nino,2023-11-27,78.4,Approved
08158000,"Colorado Rv at Austin, TX",DJF2024,2023-24 El Nino,2024-02-16,96.8,Approved
08158000,"Colorado Rv at Austin, TX",DJF2024,2023-24 El Nino,2023-09-24,157.0,Approved
08158000,"Colorado Rv at Austin, TX",DJF2024,2023-24 El Nino,2024-01-17,74.3,Approved
08158000,"Colorado Rv at Austin, TX",DJF2024,2023-24 El Nino,2023-10-03,140.0,Approved
08158000,"Colorado Rv at Austin, TX",DJF2024,2023-24 El Nino,2023-12-12,76.2,Approved
08158000,"Colorado Rv at Austin, TX",DJF2024,2023-24 El Nino,2023-11-09,77.2,Approved
08158000,"Colorado Rv at Austin, TX",DJF2024,2023-24 El Nino,2023-12-24,537.0,Approved
08158000,"Colorado Rv at Austin, TX",DJF2024,2023-24 El Nino,2023-12-14,65.3,Approved
08158000,"Colorado Rv at Austin, TX",DJF2024,2023-24 El Nino,2023-11-20,75.6,Approved
08158000,"Colorado Rv at Austin, TX",DJF2024,2023-24 El Nino,2023-12-02,65.3,Approved
08158000,"Colorado Rv at Austin, TX",DJF2024,2023-24 El Nino,2023-10-19,70.2,Approved
08158000,"Colorado Rv at Austin, TX",DJF2024,2023-24 El Nino,2023-11-23,67.6,Approved
08158000,"Colorado Rv at Austin, TX",DJF2024,2023-24 El Nino,2023-12-15,87.7,Approved
08158000,"Colorado Rv at Austin, TX",DJF2024,2023-24 El Nino,2023-11-30,83.0,Approved
08158000,"Colorado Rv at Austin, TX",DJF2024,2023-24 El Nino,2023-09-16,283.0,Approved
08158000,"Colorado Rv at Austin, TX",DJF2024,2023-24 El Nino,2023-09-03,304.0,Approved
08158000,"Colorado Rv at Austin, TX",DJF2024,2023-24 El Nino,2024-02-26,84.8,Approved
08158000,"Colorado Rv at Austin, TX",DJF2024,2023-24 El Nino,2024-01-07,80.4,Approved
08158000,"Colorado Rv at Austin, TX",DJF2024,2023-24 El Nino,2023-11-14,86.8,Approved
08158000,"Colorado Rv at Austin, TX",DJF2024,2023-24 El Nino,2023-11-07,183.0,Approved
08158000,"Colorado Rv at Austin, TX",DJF2024,2023-24 El Nino,2023-09-26,115.0,Approved
08158000,"Colorado Rv at Austin, TX",DJF2024,2023-24 El Nino,2023-09-18,175.0,Approved
08158000,"Colorado Rv at Austin, TX",DJF2024,2023-24 El Nino,2023-09-22,162.0,Approved
08158000,"Colorado Rv at Austin, TX",DJF2024,2023-24 El Nino,2023-10-31,109.0,Approved
08158000,"Colorado Rv at Austin, TX",DJF2024,2023-24 El Nino,2023-10-11,102.0,Approved
08158000,"Colorado Rv at Austin, TX",DJF2024,2023-24 El Nino,2024-02-27,90.8,Approved
08158000,"Colorado Rv at Austin, TX",DJF2024,2023-24 El Nino,2023-11-04,80.5,Approved
08158000,"Colorado Rv at Austin, TX",DJF2024,2023-24 El Nino,2023-11-05,79.4,Approved
08158000,"Colorado Rv at Austin, TX",DJF2024,2023-24 El Nino,2024-01-27,140.0,Approved
08158000,"Colorado Rv at Austin, TX",DJF2024,2023-24 El Nino,2023-12-06,81.3,Approved
08158000,"Colorado Rv at Austin, TX",DJF2024,2023-24 El Nino,2024-01-25,319.0,Approved
08158000,"Colorado Rv at Austin, TX",DJF2024,2023-24 El Nino,2024-02-14,98.6,Approved
08158000,"Colorado Rv at Austin, TX",DJF2024,2023-24 El Nino,2023-10-09,109.0,Approved
08158000,"Colorado Rv at Austin, TX",DJF2024,2023-24 El Nino,2023-09-15,270.0,Approved
08158000,"Colorado Rv at Austin, TX",DJF2024,2023-24 El Nino,2023-11-28,77.0,Approved
08158000,"Colorado Rv at Austin, TX",DJF2024,2023-24 El Nino,2023-12-03,77.7,Approved
08158000,"Colorado Rv at Austin, TX",DJF2024,2023-24 El Nino,2023-10-27,296.0,Approved
08158000,"Colorado Rv at Austin, TX",DJF2024,2023-24 El Nino,2023-09-20,144.0,Approved
08158000,"Colorado Rv at Austin, TX",DJF2024,2023-24 El Nino,2024-01-10,75.2,Approved
08158000,"Colorado Rv at Austin, TX",DJF2024,2023-24 El Nino,2024-02-19,95.0,Approved
08158000,"Colorado Rv at Austin, TX",DJF2024,2023-24 El Nino,2023-12-11,67.5,Approved
08158000,"Colorado Rv at Austin, TX",DJF2024,2023-24 El Nino,2023-10-14,70.8,Approved
08158000,"Colorado Rv at Austin, TX",DJF2024,2023-24 El Nino,2024-01-29,119.0,Approved
08158000,"Colorado Rv at Austin, TX",DJF2024,2023-24 El Nino,2023-11-10,172.0,Approved
08158000,"Colorado Rv at Austin, TX",DJF2024,2023-24 El Nino,2023-09-30,113.0,Approved
08158000,"Colorado Rv at Austin, TX",DJF2024,2023-24 El Nino,2023-10-05,464.0,Approved
08158000,"Colorado Rv at Austin, TX",DJF2024,2023-24 El Nino,2023-11-24,65.3,Approved
08158000,"Colorado Rv at Austin, TX",DJF2024,2023-24 El Nino,2023-09-04,274.0,Approved
08158000,"Colorado Rv at Austin, TX",DJF2024,2023-24 El Nino,2024-01-19,93.0,Approved
08158000,"Colorado Rv at Austin, TX",DJF2024,2023-24 El Nino,2023-09-28,116.0,Approved
08158000,"Colorado Rv at Austin, TX",DJF2024,2023-24 El Nino,2024-02-07,92.2,Approved
08158000,"Colorado Rv at Austin, TX",DJF2024,2023-24 El Nino,2023-11-06,79.9,Approved
08158000,"Colorado Rv at Austin, TX",DJF2024,2023-24 El Nino,2023-09-07,297.0,Approved
08158000,"Colorado Rv at Austin, TX",DJF2024,2023-24 El Nino,2023-12-22,88.6,Approved
08158000,"Colorado Rv at Austin, TX",DJF2024,2023-24 El Nino,2024-01-26,183.0,Approved
08158000,"Colorado Rv at Austin, TX",DJF2024,2023-24 El Nino,2023-11-16,75.9,Approved
08158000,"Colorado Rv at Austin, TX",DJF2024,2023-24 El Nino,2023-12-28,74.3,Approved
08158000,"Colorado Rv at Austin, TX",DJF2024,2023-24 El Nino,2023-10-10,108.0,Approved
08158000,"Colorado Rv at Austin, TX",DJF2024,2023-24 El Nino,2023-09-10,287.0,Approved
08158000,"Colorado Rv at Austin, TX",DJF2024,2023-24 El Nino,2024-01-15,75.6,Approved
08158000,"Colorado Rv at Austin, TX",DJF2024,2023-24 El Nino,2024-02-29,81.7,Approved
08158000,"Colorado Rv at Austin, TX",DJF2024,2023-24 El Nino,2023-10-02,114.0,Approved
08158000,"Colorado Rv at Austin, TX",DJF2024,2023-24 El Nino,2023-12-10,91.8,Approved
08158000,"Colorado Rv at Austin, TX",DJF2024,2023-24 El Nino,2023-11-25,65.6,Approved
08158000,"Colorado Rv at Austin, TX",DJF2024,2023-24 El Nino,2023-09-01,298.0,Approved
08158000,"Colorado Rv at Austin, TX",DJF2024,2023-24 El Nino,2024-02-12,102.0,Approved
08158000,"Colorado Rv at Austin, TX",DJF2024,2023-24 El Nino,2023-09-27,115.0,Approved
08158000,"Colorado Rv at Austin, TX",DJF2024,2023-24 El Nino,2023-10-21,96.1,Approved
08158000,"Colorado Rv at Austin, TX",DJF2024,2023-24 El Nino,2024-02-24,89.5,Approved
08158000,"Colorado Rv at Austin, TX",DJF2024,2023-24 El Nino,2023-09-11,290.0,Approved
08158000,"Colorado Rv at Austin, TX",DJF2024,2023-24 El Nino,2023-10-26,1280.0,Approved
08158000,"Colorado Rv at Austin, TX",DJF2024,2023-24 El Nino,2023-10-08,101.0,Approved
08158000,"Colorado Rv at Austin, TX",DJF2024,2023-24 El Nino,2023-11-03,82.5,Approved
08158000,"Colorado Rv at Austin, TX",DJF2024,2023-24 El Nino,2023-12-23,65.0,Approved
08158000,"Colorado Rv at Austin, TX",DJF2024,2023-24 El Nino,2024-01-21,88.6,Approved
08158000,"Colorado Rv at Austin, TX",DJF2024,2023-24 El Nino,2024-01-30,110.0,Approved
08158000,"Colorado Rv at Austin, TX",DJF2024,2023-24 El Nino,2023-10-06,123.0,Approved
08158000,"Colorado Rv at Austin, TX",DJF2024,2023-24 El Nino,2023-12-04,96.5,Approved
08158000,"Colorado Rv at Austin, TX",DJF2024,2023-24 El Nino,2023-10-17,76.5,Approved
08158000,"Colorado Rv at Austin, TX",DJF2024,2023-24 El Nino,2023-09-08,326.0,Approved
08158000,"Colorado Rv at Austin, TX",DJF2024,2023-24 El Nino,2024-01-23,282.0,Approved
08158000,"Colorado Rv at Austin, TX",DJF2024,2023-24 El Nino,2024-02-17,95.3,Approved
08158000,"Colorado Rv at Austin, TX",DJF2024,2023-24 El Nino,2024-02-13,99.2,Approved
08158000,"Colorado Rv at Austin, TX",DJF2024,2023-24 El Nino,2023-11-02,85.5,Approved
08158000,"Colorado Rv at Austin, TX",DJF2024,2023-24 El Nino,2024-02-18,96.2,Approved
08158000,"Colorado Rv at Austin, TX",DJF2024,2023-24 El Nino,2023-10-24,234.0,Approved
08158000,"Colorado Rv at Austin, TX",DJF2024,2023-24 El Nino,2023-12-31,88.1,Approved
08158000,"Colorado Rv at Austin, TX",DJF2024,2023-24 El Nino,2023-11-29,96.5,Approved
08158000,"Colorado Rv at Austin, TX",DJF2024,2023-24 El Nino,2023-12-17,61.3,Approved
08158000,"Colorado Rv at Austin, TX",DJF2024,2023-24 El Nino,2024-02-28,90.5,Approved
08158000,"Colorado Rv at Austin, TX",DJF2024,2023-24 El Nino,2023-10-22,95.5,Approved
08158000,"Colorado Rv at Austin, TX",DJF2024,2023-24 El Nino,2023-10-20,95.2,Approved
08158000,"Colorado Rv at Austin, TX",DJF2024,2023-24 El Nino,2024-01-09,81.2,Approved
08158000,"Colorado Rv at Austin, TX",DJF2024,2023-24 El Nino,2023-10-30,135.0,Approved
08158000,"Colorado Rv at Austin, TX",DJF2024,2023-24 El Nino,2023-12-13,85.7,Approved
08158000,"Colorado Rv at Austin, TX",DJF2024,2023-24 El Nino,2023-12-20,59.6,Approved
08158000,"Colorado Rv at Austin, TX",DJF2024,2023-24 El Nino,2024-01-22,2530.0,Approved
08158000,"Colorado Rv at Austin, TX",DJF2024,2023-24 El Nino,2023-09-02,290.0,Approved
08158000,"Colorado Rv at Austin, TX",DJF2024,2023-24 El Nino,2024-01-04,97.9,Approved
08158000,"Colorado Rv at Austin, TX",DJF2024,2023-24 El Nino,2023-11-22,68.3,Approved
08158000,"Colorado Rv at Austin, TX",DJF2024,2023-24 El Nino,2023-11-18,74.2,Approved
08158000,"Colorado Rv at Austin, TX",DJF2024,2023-24 El Nino,2024-01-03,232.0,Approved
08158000,"Colorado Rv at Austin, TX",DJF2024,2023-24 El Nino,2023-10-04,136.0,Approved
08158000,"Colorado Rv at Austin, TX",DJF2024,2023-24 El Nino,2024-02-25,86.2,Approved
08158000,"Colorado Rv at Austin, TX",DJF2024,2023-24 El Nino,2023-11-17,76.4,Approved
08158000,"Colorado Rv at Austin, TX",DJF2024,2023-24 El Nino,2023-12-25,118.0,Approved
08158000,"Colorado Rv at Austin, TX",DJF2024,2023-24 El Nino,2023-11-26,96.8,Approved
08194500,"Nueces Rv nr Tilden, TX",DJF1973,1972-73 El Nino,1972-11-30,0.65,Approved
08194500,"Nueces Rv nr Tilden, TX",DJF1973,1972-73 El Nino,1972-10-26,6.4,Approved
08194500,"Nueces Rv nr Tilden, TX",DJF1973,1972-73 El Nino,1972-11-24,0.86,Approved
08194500,"Nueces Rv nr Tilden, TX",DJF1973,1972-73 El Nino,1973-02-07,8.7,Approved
08194500,"Nueces Rv nr Tilden, TX",DJF1973,1972-73 El Nino,1972-12-17,1.0,Approved
08194500,"Nueces Rv nr Tilden, TX",DJF1973,1972-73 El Nino,1972-11-13,0.7,Approved
08194500,"Nueces Rv nr Tilden, TX",DJF1973,1972-73 El Nino,1972-10-30,3.1,Approved
08194500,"Nueces Rv nr Tilden, TX",DJF1973,1972-73 El Nino,1972-11-11,0.73,Approved
08194500,"Nueces Rv nr Tilden, TX",DJF1973,1972-73 El Nino,1973-01-02,0.94,Approved
08194500,"Nueces Rv nr Tilden, TX",DJF1973,1972-73 El Nino,1972-10-17,41.0,Approved
08194500,"Nueces Rv nr Tilden, TX",DJF1973,1972-73 El Nino,1972-10-15,40.0,Approved
08194500,"Nueces Rv nr Tilden, TX",DJF1973,1972-73 El Nino,1972-11-29,0.73,Approved
08194500,"Nueces Rv nr Tilden, TX",DJF1973,1972-73 El Nino,1972-09-26,566.0,Approved
08194500,"Nueces Rv nr Tilden, TX",DJF1973,1972-73 El Nino,1973-01-04,0.97,Approved
08194500,"Nueces Rv nr Tilden, TX",DJF1973,1972-73 El Nino,1972-11-19,0.53,Approved
08194500,"Nueces Rv nr Tilden, TX",DJF1973,1972-73 El Nino,1972-10-20,27.0,Approved
08194500,"Nueces Rv nr Tilden, TX",DJF1973,1972-73 El Nino,1972-10-07,97.0,Approved
08194500,"Nueces Rv nr Tilden, TX",DJF1973,1972-73 El Nino,1973-01-26,22.0,Approved
08194500,"Nueces Rv nr Tilden, TX",DJF1973,1972-73 El Nino,1972-11-05,0.9,Approved
08194500,"Nueces Rv nr Tilden, TX",DJF1973,1972-73 El Nino,1972-12-02,0.64,Approved
08194500,"Nueces Rv nr Tilden, TX",DJF1973,1972-73 El Nino,1972-10-02,364.0,Approved
08194500,"Nueces Rv nr Tilden, TX",DJF1973,1972-73 El Nino,1972-12-30,0.98,Approved
08194500,"Nueces Rv nr Tilden, TX",DJF1973,1972-73 El Nino,1972-09-13,114.0,Approved
08194500,"Nueces Rv nr Tilden, TX",DJF1973,1972-73 El Nino,1973-02-28,146.0,Approved
08194500,"Nueces Rv nr Tilden, TX",DJF1973,1972-73 El Nino,1972-10-27,5.1,Approved
08194500,"Nueces Rv nr Tilden, TX",DJF1973,1972-73 El Nino,1973-01-15,0.95,Approved
08194500,"Nueces Rv nr Tilden, TX",DJF1973,1972-73 El Nino,1973-02-10,18.0,Approved
08194500,"Nueces Rv nr Tilden, TX",DJF1973,1972-73 El Nino,1973-01-13,0.87,Approved
08194500,"Nueces Rv nr Tilden, TX",DJF1973,1972-73 El Nino,1973-02-09,16.0,Approved
08194500,"Nueces Rv nr Tilden, TX",DJF1973,1972-73 El Nino,1973-02-17,18.0,Approved
08194500,"Nueces Rv nr Tilden, TX",DJF1973,1972-73 El Nino,1972-12-25,0.93,Approved
08194500,"Nueces Rv nr Tilden, TX",DJF1973,1972-73 El Nino,1972-10-22,18.0,Approved
08194500,"Nueces Rv nr Tilden, TX",DJF1973,1972-73 El Nino,1973-02-15,17.0,Approved
08194500,"Nueces Rv nr Tilden, TX",DJF1973,1972-73 El Nino,1973-01-09,0.83,Approved
08194500,"Nueces Rv nr Tilden, TX",DJF1973,1972-73 El Nino,1972-09-05,197.0,Approved
08194500,"Nueces Rv nr Tilden, TX",DJF1973,1972-73 El Nino,1973-01-06,0.91,Approved
08194500,"Nueces Rv nr Tilden, TX",DJF1973,1972-73 El Nino,1972-09-18,89.0,Approved
08194500,"Nueces Rv nr Tilden, TX",DJF1973,1972-73 El Nino,1972-10-01,708.0,Approved
08194500,"Nueces Rv nr Tilden, TX",DJF1973,1972-73 El Nino,1972-10-14,44.0,Approved
08194500,"Nueces Rv nr Tilden, TX",DJF1973,1972-73 El Nino,1972-10-06,119.0,Approved
08194500,"Nueces Rv nr Tilden, TX",DJF1973,1972-73 El Nino,1972-12-27,0.86,Approved
08194500,"Nueces Rv nr Tilden, TX",DJF1973,1972-73 El Nino,1972-09-16,93.0,Approved
08194500,"Nueces Rv nr Tilden, TX",DJF1973,1972-73 El Nino,1972-09-09,126.0,Approved
08194500,"Nueces Rv nr Tilden, TX",DJF1973,1972-73 El Nino,1972-10-28,4.3,Approved
08194500,"Nueces Rv nr Tilden, TX",DJF1973,1972-73 El Nino,1973-01-23,11.0,Approved
08194500,"Nueces Rv nr Tilden, TX",DJF1973,1972-73 El Nino,1972-11-09,0.73,Approved
08194500,"Nueces Rv nr Tilden, TX",DJF1973,1972-73 El Nino,1972-10-23,14.0,Approved
08194500,"Nueces Rv nr Tilden, TX",DJF1973,1972-73 El Nino,1972-12-18,0.91,Approved
08194500,"Nueces Rv nr Tilden, TX",DJF1973,1972-73 El Nino,1972-10-21,23.0,Approved
08194500,"Nueces Rv nr Tilden, TX",DJF1973,1972-73 El Nino,1973-02-12,21.0,Approved
08194500,"Nueces Rv nr Tilden, TX",DJF1973,1972-73 El Nino,1972-09-30,806.0,Approved
08194500,"Nueces Rv nr Tilden, TX",DJF1973,1972-73 El Nino,1972-11-22,0.51,Approved
08194500,"Nueces Rv nr Tilden, TX",DJF1973,1972-73 El Nino,1972-12-07,0.73,Approved
08194500,"Nueces Rv nr Tilden, TX",DJF1973,1972-73 El Nino,1973-02-18,24.0,Approved
08194500,"Nueces Rv nr Tilden, TX",DJF1973,1972-73 El Nino,1972-11-14,0.54,Approved
08194500,"Nueces Rv nr Tilden, TX",DJF1973,1972-73 El Nino,1973-02-05,6.2,Approved
08194500,"Nueces Rv nr Tilden, TX",DJF1973,1972-73 El Nino,1972-09-21,63.0,Approved
08194500,"Nueces Rv nr Tilden, TX",DJF1973,1972-73 El Nino,1972-12-11,0.86,Approved
08194500,"Nueces Rv nr Tilden, TX",DJF1973,1972-73 El Nino,1972-11-28,0.71,Approved
08194500,"Nueces Rv nr Tilden, TX",DJF1973,1972-73 El Nino,1973-02-27,208.0,Approved
08194500,"Nueces Rv nr Tilden, TX",DJF1973,1972-73 El Nino,1972-09-15,102.0,Approved
08194500,"Nueces Rv nr Tilden, TX",DJF1973,1972-73 El Nino,1972-09-12,117.0,Approved
08194500,"Nueces Rv nr Tilden, TX",DJF1973,1972-73 El Nino,1973-01-30,16.0,Approved
08194500,"Nueces Rv nr Tilden, TX",DJF1973,1972-73 El Nino,1972-12-19,0.89,Approved
08194500,"Nueces Rv nr Tilden, TX",DJF1973,1972-73 El Nino,1972-10-13,49.0,Approved
08194500,"Nueces Rv nr Tilden, TX",DJF1973,1972-73 El Nino,1973-01-31,14.0,Approved
08194500,"Nueces Rv nr Tilden, TX",DJF1973,1972-73 El Nino,1973-02-21,49.0,Approved
08194500,"Nueces Rv nr Tilden, TX",DJF1973,1972-73 El Nino,1972-10-09,73.0,Approved
08194500,"Nueces Rv nr Tilden, TX",DJF1973,1972-73 El Nino,1973-01-27,19.0,Approved
08194500,"Nueces Rv nr Tilden, TX",DJF1973,1972-73 El Nino,1972-09-08,138.0,Approved
08194500,"Nueces Rv nr Tilden, TX",DJF1973,1972-73 El Nino,1973-01-14,0.87,Approved
08194500,"Nueces Rv nr Tilden, TX",DJF1973,1972-73 El Nino,1973-01-19,0.76,Approved
08194500,"Nueces Rv nr Tilden, TX",DJF1973,1972-73 El Nino,1972-12-22,0.79,Approved
08194500,"Nueces Rv nr Tilden, TX",DJF1973,1972-73 El Nino,1972-11-02,6.7,Approved
08194500,"Nueces Rv nr Tilden, TX",DJF1973,1972-73 El Nino,1972-11-06,0.87,Approved
08194500,"Nueces Rv nr Tilden, TX",DJF1973,1972-73 El Nino,1973-02-22,54.0,Approved
08194500,"Nueces Rv nr Tilden, TX",DJF1973,1972-73 El Nino,1973-02-19,31.0,Approved
08194500,"Nueces Rv nr Tilden, TX",DJF1973,1972-73 El Nino,1972-11-08,0.75,Approved
08194500,"Nueces Rv nr Tilden, TX",DJF1973,1972-73 El Nino,1973-02-04,6.4,Approved
08194500,"Nueces Rv nr Tilden, TX",DJF1973,1972-73 El Nino,1972-10-11,60.0,Approved
08194500,"Nueces Rv nr Tilden, TX",DJF1973,1972-73 El Nino,1972-11-04,1.4,Approved
08194500,"Nueces Rv nr Tilden, TX",DJF1973,1972-73 El Nino,1972-10-31,49.0,Approved
08194500,"Nueces Rv nr Tilden, TX",DJF1973,1972-73 El Nino,1972-10-04,202.0,Approved
08194500,"Nueces Rv nr Tilden, TX",DJF1973,1972-73 El Nino,1972-11-25,0.86,Approved
08194500,"Nueces Rv nr Tilden, TX",DJF1973,1972-73 El Nino,1972-09-04,217.0,Approved
08194500,"Nueces Rv nr Tilden, TX",DJF1973,1972-73 El Nino,1972-12-31,1.0,Approved
08194500,"Nueces Rv nr Tilden, TX",DJF1973,1972-73 El Nino,1973-02-14,21.0,Approved
08194500,"Nueces Rv nr Tilden, TX",DJF1973,1972-73 El Nino,1972-10-25,8.5,Approved
08194500,"Nueces Rv nr Tilden, TX",DJF1973,1972-73 El Nino,1972-12-26,0.86,Approved
08194500,"Nueces Rv nr Tilden, TX",DJF1973,1972-73 El Nino,1972-12-29,1.0,Approved
08194500,"Nueces Rv nr Tilden, TX",DJF1973,1972-73 El Nino,1972-11-23,0.57,Approved
08194500,"Nueces Rv nr Tilden, TX",DJF1973,1972-73 El Nino,1972-12-01,0.68,Approved
08194500,"Nueces Rv nr Tilden, TX",DJF1973,1972-73 El Nino,1972-09-23,159.0,Approved
08194500,"Nueces Rv nr Tilden, TX",DJF1973,1972-73 El Nino,1972-09-07,159.0,Approved
08194500,"Nueces Rv nr Tilden, TX",DJF1973,1972-73 El Nino,1973-01-11,0.87,Approved
08194500,"Nueces Rv nr Tilden, TX",DJF1973,1972-73 El Nino,1972-11-07,0.73,Approved
08194500,"Nueces Rv nr Tilden, TX",DJF1973,1972-73 El Nino,1972-11-15,0.51,Approved
08194500,"Nueces Rv nr Tilden, TX",DJF1973,1972-73 El Nino,1972-09-29,715.0,Approved
08194500,"Nueces Rv nr Tilden, TX",DJF1973,1972-73 El Nino,1972-11-17,0.52,Approved
08194500,"Nueces Rv nr Tilden, TX",DJF1973,1972-73 El Nino,1972-09-19,89.0,Approved
08194500,"Nueces Rv nr Tilden, TX",DJF1973,1972-73 El Nino,1973-02-03,7.7,Approved
08194500,"Nueces Rv nr Tilden, TX",DJF1973,1972-73 El Nino,1972-11-12,0.71,Approved
08194500,"Nueces Rv nr Tilden, TX",DJF1973,1972-73 El Nino,1973-02-06,7.2,Approved
08194500,"Nueces Rv nr Tilden, TX",DJF1973,1972-73 El Nino,1972-10-08,82.0,Approved
08194500,"Nueces Rv nr Tilden, TX",DJF1973,1972-73 El Nino,1973-02-02,9.8,Approved
08194500,"Nueces Rv nr Tilden, TX",DJF1973,1972-73 El Nino,1972-12-06,0.81,Approved
08194500,"Nueces Rv nr Tilden, TX",DJF1973,1972-73 El Nino,1972-12-28,0.93,Approved
08194500,"Nueces Rv nr Tilden, TX",DJF1973,1972-73 El Nino,1973-01-01,1.0,Approved
08194500,"Nueces Rv nr Tilden, TX",DJF1973,1972-73 El Nino,1972-12-12,1.0,Approved
08194500,"Nueces Rv nr Tilden, TX",DJF1973,1972-73 El Nino,1973-02-11,19.0,Approved
08194500,"Nueces Rv nr Tilden, TX",DJF1973,1972-73 El Nino,1972-11-16,0.51,Approved
08194500,"Nueces Rv nr Tilden, TX",DJF1973,1972-73 El Nino,1973-01-21,0.75,Approved
08194500,"Nueces Rv nr Tilden, TX",DJF1973,1972-73 El Nino,1973-01-03,0.99,Approved
08194500,"Nueces Rv nr Tilden, TX",DJF1973,1972-73 El Nino,1973-01-25,22.0,Approved
08194500,"Nueces Rv nr Tilden, TX",DJF1973,1972-73 El Nino,1973-02-13,23.0,Approved
08194500,"Nueces Rv nr Tilden, TX",DJF1973,1972-73 El Nino,1972-09-17,89.0,Approved
08194500,"Nueces Rv nr Tilden, TX",DJF1973,1972-73 El Nino,1973-02-26,372.0,Approved
08194500,"Nueces Rv nr Tilden, TX",DJF1973,1972-73 El Nino,1972-12-20,1.0,Approved
08194500,"Nueces Rv nr Tilden, TX",DJF1973,1972-73 El Nino,1972-12-24,0.86,Approved
08194500,"Nueces Rv nr Tilden, TX",DJF1973,1972-73 El Nino,1972-10-19,32.0,Approved
08194500,"Nueces Rv nr Tilden, TX",DJF1973,1972-73 El Nino,1973-01-08,0.83,Approved
08194500,"Nueces Rv nr Tilden, TX",DJF1973,1972-73 El Nino,1972-10-24,11.0,Approved
08194500,"Nueces Rv nr Tilden, TX",DJF1973,1972-73 El Nino,1973-02-08,11.0,Approved
08194500,"Nueces Rv nr Tilden, TX",DJF1973,1972-73 El Nino,1972-09-14,106.0,Approved
08194500,"Nueces Rv nr Tilden, TX",DJF1973,1972-73 El Nino,1972-12-13,0.84,Approved
08194500,"Nueces Rv nr Tilden, TX",DJF1973,1972-73 El Nino,1972-12-10,0.73,Approved
08194500,"Nueces Rv nr Tilden, TX",DJF1973,1972-73 El Nino,1972-12-08,0.73,Approved
08194500,"Nueces Rv nr Tilden, TX",DJF1973,1972-73 El Nino,1972-12-09,0.68,Approved
08194500,"Nueces Rv nr Tilden, TX",DJF1973,1972-73 El Nino,1972-09-20,70.0,Approved
08194500,"Nueces Rv nr Tilden, TX",DJF1973,1972-73 El Nino,1972-09-24,327.0,Approved
08194500,"Nueces Rv nr Tilden, TX",DJF1973,1972-73 El Nino,1972-12-21,0.88,Approved
08194500,"Nueces Rv nr Tilden, TX",DJF1973,1972-73 El Nino,1972-09-10,119.0,Approved
08194500,"Nueces Rv nr Tilden, TX",DJF1973,1972-73 El Nino,1972-09-03,239.0,Approved
08194500,"Nueces Rv nr Tilden, TX",DJF1973,1972-73 El Nino,1972-10-12,55.0,Approved
08194500,"Nueces Rv nr Tilden, TX",DJF1973,1972-73 El Nino,1973-01-20,0.73,Approved
08194500,"Nueces Rv nr Tilden, TX",DJF1973,1972-73 El Nino,1973-01-05,1.0,Approved
08194500,"Nueces Rv nr Tilden, TX",DJF1973,1972-73 El Nino,1972-09-02,260.0,Approved
08194500,"Nueces Rv nr Tilden, TX",DJF1973,1972-73 El Nino,1972-10-10,65.0,Approved
08194500,"Nueces Rv nr Tilden, TX",DJF1973,1972-73 El Nino,1972-11-20,0.51,Approved
08194500,"Nueces Rv nr Tilden, TX",DJF1973,1972-73 El Nino,1973-01-29,17.0,Approved
08194500,"Nueces Rv nr Tilden, TX",DJF1973,1972-73 El Nino,1972-12-15,1.0,Approved
08194500,"Nueces Rv nr Tilden, TX",DJF1973,1972-73 El Nino,1973-02-23,98.0,Approved
08194500,"Nueces Rv nr Tilden, TX",DJF1973,1972-73 El Nino,1973-01-07,1.1,Approved
08194500,"Nueces Rv nr Tilden, TX",DJF1973,1972-73 El Nino,1973-01-12,0.93,Approved
08194500,"Nueces Rv nr Tilden, TX",DJF1973,1972-73 El Nino,1972-10-03,223.0,Approved
08194500,"Nueces Rv nr Tilden, TX",DJF1973,1972-73 El Nino,1972-10-18,38.0,Approved
08194500,"Nueces Rv nr Tilden, TX",DJF1973,1972-73 El Nino,1972-11-26,0.81,Approved
08194500,"Nueces Rv nr Tilden, TX",DJF1973,1972-73 El Nino,1972-11-10,0.68,Approved
08194500,"Nueces Rv nr Tilden, TX",DJF1973,1972-73 El Nino,1972-12-04,0.73,Approved
08194500,"Nueces Rv nr Tilden, TX",DJF1973,1972-73 El Nino,1972-11-03,3.1,Approved
08194500,"Nueces Rv nr Tilden, TX",DJF1973,1972-73 El Nino,1972-12-14,1.7,Approved
08194500,"Nueces Rv nr Tilden, TX",DJF1973,1972-73 El Nino,1973-02-24,257.0,Approved
08194500,"Nueces Rv nr Tilden, TX",DJF1973,1972-73 El Nino,1973-01-17,0.87,Approved
08194500,"Nueces Rv nr Tilden, TX",DJF1973,1972-73 El Nino,1972-11-18,0.53,Approved
08194500,"Nueces Rv nr Tilden, TX",DJF1973,1972-73 El Nino,1973-02-20,42.0,Approved
08194500,"Nueces Rv nr Tilden, TX",DJF1973,1972-73 El Nino,1973-01-16,0.85,Approved
08194500,"Nueces Rv nr Tilden, TX",DJF1973,1972-73 El Nino,1973-01-28,17.0,Approved
08194500,"Nueces Rv nr Tilden, TX",DJF1973,1972-73 El Nino,1973-02-25,448.0,Approved
08194500,"Nueces Rv nr Tilden, TX",DJF1973,1972-73 El Nino,1972-09-28,621.0,Approved
08194500,"Nueces Rv nr Tilden, TX",DJF1973,1972-73 El Nino,1972-11-21,0.53,Approved
08194500,"Nueces Rv nr Tilden, TX",DJF1973,1972-73 El Nino,1972-12-05,0.8,Approved
08194500,"Nueces Rv nr Tilden, TX",DJF1973,1972-73 El Nino,1973-01-10,0.92,Approved
08194500,"Nueces Rv nr Tilden, TX",DJF1973,1972-73 El Nino,1972-10-05,163.0,Approved
08194500,"Nueces Rv nr Tilden, TX",DJF1973,1972-73 El Nino,1972-10-29,3.5,Approved
08194500,"Nueces Rv nr Tilden, TX",DJF1973,1972-73 El Nino,1973-01-22,1.3,Approved
08194500,"Nueces Rv nr Tilden, TX",DJF1973,1972-73 El Nino,1973-02-01,12.0,Approved
08194500,"Nueces Rv nr Tilden, TX",DJF1973,1972-73 El Nino,1972-12-16,1.0,Approved
08194500,"Nueces Rv nr Tilden, TX",DJF1973,1972-73 El Nino,1972-12-03,0.77,Approved
08194500,"Nueces Rv nr Tilden, TX",DJF1973,1972-73 El Nino,1972-12-23,0.84,Approved
08194500,"Nueces Rv nr Tilden, TX",DJF1973,1972-73 El Nino,1972-09-11,113.0,Approved
08194500,"Nueces Rv nr Tilden, TX",DJF1973,1972-73 El Nino,1972-09-27,657.0,Approved
08194500,"Nueces Rv nr Tilden, TX",DJF1973,1972-73 El Nino,1973-02-16,15.0,Approved
08194500,"Nueces Rv nr Tilden, TX",DJF1973,1972-73 El Nino,1972-11-27,0.81,Approved
08194500,"Nueces Rv nr Tilden, TX",DJF1973,1972-73 El Nino,1972-09-22,61.0,Approved
08194500,"Nueces Rv nr Tilden, TX",DJF1973,1972-73 El Nino,1972-11-01,21.0,Approved
08194500,"Nueces Rv nr Tilden, TX",DJF1973,1972-73 El Nino,1973-01-18,0.83,Approved
08194500,"Nueces Rv nr Tilden, TX",DJF1973,1972-73 El Nino,1972-09-25,618.0,Approved
08194500,"Nueces Rv nr Tilden, TX",DJF1973,1972-73 El Nino,1972-10-16,39.0,Approved
08194500,"Nueces Rv nr Tilden, TX",DJF1973,1972-73 El Nino,1972-09-01,278.0,Approved
08194500,"Nueces Rv nr Tilden, TX",DJF1973,1972-73 El Nino,1973-01-24,16.0,Approved
08194500,"Nueces Rv nr Tilden, TX",DJF1973,1972-73 El Nino,1972-09-06,179.0,Approved
08194500,"Nueces Rv nr Tilden, TX",DJF1983,1982-83 El Nino,1982-09-14,658.0,Approved
08194500,"Nueces Rv nr Tilden, TX",DJF1983,1982-83 El Nino,1982-09-22,0.33,Approved
08194500,"Nueces Rv nr Tilden, TX",DJF1983,1982-83 El Nino,1982-12-06,1.1,Approved
08194500,"Nueces Rv nr Tilden, TX",DJF1983,1982-83 El Nino,1982-11-10,1.6,Approved
08194500,"Nueces Rv nr Tilden, TX",DJF1983,1982-83 El Nino,1982-09-17,0.49,Approved
08194500,"Nueces Rv nr Tilden, TX",DJF1983,1982-83 El Nino,1982-09-05,0.43,Approved
08194500,"Nueces Rv nr Tilden, TX",DJF1983,1982-83 El Nino,1983-01-27,0.56,Approved
08194500,"Nueces Rv nr Tilden, TX",DJF1983,1982-83 El Nino,1983-02-03,0.65,Approved
08194500,"Nueces Rv nr Tilden, TX",DJF1983,1982-83 El Nino,1983-02-16,0.88,Approved
08194500,"Nueces Rv nr Tilden, TX",DJF1983,1982-83 El Nino,1982-11-25,1.2,Approved
08194500,"Nueces Rv nr Tilden, TX",DJF1983,1982-83 El Nino,1982-12-27,0.76,Approved
08194500,"Nueces Rv nr Tilden, TX",DJF1983,1982-83 El Nino,1983-02-04,0.68,Approved
08194500,"Nueces Rv nr Tilden, TX",DJF1983,1982-83 El Nino,1982-11-15,1.2,Approved
08194500,"Nueces Rv nr Tilden, TX",DJF1983,1982-83 El Nino,1982-09-01,0.31,Approved
08194500,"Nueces Rv nr Tilden, TX",DJF1983,1982-83 El Nino,1982-11-12,1.5,Approved
08194500,"Nueces Rv nr Tilden, TX",DJF1983,1982-83 El Nino,1983-01-20,0.59,Approved
08194500,"Nueces Rv nr Tilden, TX",DJF1983,1982-83 El Nino,1983-02-09,0.69,Approved
08194500,"Nueces Rv nr Tilden, TX",DJF1983,1982-83 El Nino,1982-09-21,2.9,Approved
08194500,"Nueces Rv nr Tilden, TX",DJF1983,1982-83 El Nino,1983-02-21,3.1,Approved
08194500,"Nueces Rv nr Tilden, TX",DJF1983,1982-83 El Nino,1982-10-13,777.0,Approved
08194500,"Nueces Rv nr Tilden, TX",DJF1983,1982-83 El Nino,1982-09-24,0.31,Approved
08194500,"Nueces Rv nr Tilden, TX",DJF1983,1982-83 El Nino,1982-11-06,10.0,Approved
08194500,"Nueces Rv nr Tilden, TX",DJF1983,1982-83 El Nino,1982-12-16,0.78,Approved
08194500,"Nueces Rv nr Tilden, TX",DJF1983,1982-83 El Nino,1982-11-04,1.3,Approved
08194500,"Nueces Rv nr Tilden, TX",DJF1983,1982-83 El Nino,1983-01-02,0.55,Approved
08194500,"Nueces Rv nr Tilden, TX",DJF1983,1982-83 El Nino,1983-01-07,0.5,Approved
08194500,"Nueces Rv nr Tilden, TX",DJF1983,1982-83 El Nino,1982-10-10,43.0,Approved
08194500,"Nueces Rv nr Tilden, TX",DJF1983,1982-83 El Nino,1983-02-12,0.51,Approved
08194500,"Nueces Rv nr Tilden, TX",DJF1983,1982-83 El Nino,1982-10-27,1.6,Approved
08194500,"Nueces Rv nr Tilden, TX",DJF1983,1982-83 El Nino,1982-12-03,1.2,Approved
08194500,"Nueces Rv nr Tilden, TX",DJF1983,1982-83 El Nino,1982-11-16,1.2,Approved
08194500,"Nueces Rv nr Tilden, TX",DJF1983,1982-83 El Nino,1983-02-25,0.96,Approved
08194500,"Nueces Rv nr Tilden, TX",DJF1983,1982-83 El Nino,1982-10-26,1.9,Approved
08194500,"Nueces Rv nr Tilden, TX",DJF1983,1982-83 El Nino,1982-09-28,0.24,Approved
08194500,"Nueces Rv nr Tilden, TX",DJF1983,1982-83 El Nino,1982-12-04,1.1,Approved
08194500,"Nueces Rv nr Tilden, TX",DJF1983,1982-83 El Nino,1982-09-20,1.2,Approved
08194500,"Nueces Rv nr Tilden, TX",DJF1983,1982-83 El Nino,1982-10-05,0.24,Approved
08194500,"Nueces Rv nr Tilden, TX",DJF1983,1982-83 El Nino,1982-10-19,54.0,Approved
08194500,"Nueces Rv nr Tilden, TX",DJF1983,1982-83 El Nino,1983-01-23,0.57,Approved
08194500,"Nueces Rv nr Tilden, TX",DJF1983,1982-83 El Nino,1982-10-04,0.24,Approved
08194500,"Nueces Rv nr Tilden, TX",DJF1983,1982-83 El Nino,1982-10-25,2.5,Approved
08194500,"Nueces Rv nr Tilden, TX",DJF1983,1982-83 El Nino,1983-01-15,0.52,Approved
08194500,"Nueces Rv nr Tilden, TX",DJF1983,1982-83 El Nino,1982-10-22,11.0,Approved
08194500,"Nueces Rv nr Tilden, TX",DJF1983,1982-83 El Nino,1982-12-30,0.66,Approved
08194500,"Nueces Rv nr Tilden, TX",DJF1983,1982-83 El Nino,1982-09-27,0.24,Approved
08194500,"Nueces Rv nr Tilden, TX",DJF1983,1982-83 El Nino,1982-09-09,0.63,Approved
08194500,"Nueces Rv nr Tilden, TX",DJF1983,1982-83 El Nino,1982-11-09,1.8,Approved
08194500,"Nueces Rv nr Tilden, TX",DJF1983,1982-83 El Nino,1982-12-25,0.9,Approved
08194500,"Nueces Rv nr Tilden, TX",DJF1983,1982-83 El Nino,1983-02-24,1.0,Approved
08194500,"Nueces Rv nr Tilden, TX",DJF1983,1982-83 El Nino,1983-01-11,0.58,Approved
08194500,"Nueces Rv nr Tilden, TX",DJF1983,1982-83 El Nino,1982-11-07,5.9,Approved
08194500,"Nueces Rv nr Tilden, TX",DJF1983,1982-83 El Nino,1982-10-24,4.1,Approved
08194500,"Nueces Rv nr Tilden, TX",DJF1983,1982-83 El Nino,1982-09-08,0.61,Approved
08194500,"Nueces Rv nr Tilden, TX",DJF1983,1982-83 El Nino,1982-12-13,0.85,Approved
08194500,"Nueces Rv nr Tilden, TX",DJF1983,1982-83 El Nino,1982-09-10,0.63,Approved
08194500,"Nueces Rv nr Tilden, TX",DJF1983,1982-83 El Nino,1982-12-05,1.1,Approved
08194500,"Nueces Rv nr Tilden, TX",DJF1983,1982-83 El Nino,1982-10-07,0.24,Approved
08194500,"Nueces Rv nr Tilden, TX",DJF1983,1982-83 El Nino,1982-11-26,1.1,Approved
08194500,"Nueces Rv nr Tilden, TX",DJF1983,1982-83 El Nino,1983-02-19,2.9,Approved
08194500,"Nueces Rv nr Tilden, TX",DJF1983,1982-83 El Nino,1982-12-09,0.98,Approved
08194500,"Nueces Rv nr Tilden, TX",DJF1983,1982-83 El Nino,1982-09-25,0.3,Approved
08194500,"Nueces Rv nr Tilden, TX",DJF1983,1982-83 El Nino,1983-02-11,0.5,Approved
08194500,"Nueces Rv nr Tilden, TX",DJF1983,1982-83 El Nino,1982-12-19,0.84,Approved
08194500,"Nueces Rv nr Tilden, TX",DJF1983,1982-83 El Nino,1982-12-10,0.93,Approved
08194500,"Nueces Rv nr Tilden, TX",DJF1983,1982-83 El Nino,1983-01-18,0.54,Approved
08194500,"Nueces Rv nr Tilden, TX",DJF1983,1982-83 El Nino,1982-09-13,31.0,Approved
08194500,"Nueces Rv nr Tilden, TX",DJF1983,1982-83 El Nino,1983-01-28,0.56,Approved
08194500,"Nueces Rv nr Tilden, TX",DJF1983,1982-83 El Nino,1982-11-30,1.1,Approved
08194500,"Nueces Rv nr Tilden, TX",DJF1983,1982-83 El Nino,1982-10-03,0.24,Approved
08194500,"Nueces Rv nr Tilden, TX",DJF1983,1982-83 El Nino,1983-02-02,0.68,Approved
08194500,"Nueces Rv nr Tilden, TX",DJF1983,1982-83 El Nino,1982-12-31,0.63,Approved
08194500,"Nueces Rv nr Tilden, TX",DJF1983,1982-83 El Nino,1983-01-03,0.5,Approved
08194500,"Nueces Rv nr Tilden, TX",DJF1983,1982-83 El Nino,1983-01-10,0.56,Approved
08194500,"Nueces Rv nr Tilden, TX",DJF1983,1982-83 El Nino,1983-01-08,0.54,Approved
08194500,"Nueces Rv nr Tilden, TX",DJF1983,1982-83 El Nino,1982-11-14,1.3,Approved
08194500,"Nueces Rv nr Tilden, TX",DJF1983,1982-83 El Nino,1983-02-26,0.99,Approved
08194500,"Nueces Rv nr Tilden, TX",DJF1983,1982-83 El Nino,1982-11-01,1.5,Approved
08194500,"Nueces Rv nr Tilden, TX",DJF1983,1982-83 El Nino,1983-02-08,0.66,Approved
08194500,"Nueces Rv nr Tilden, TX",DJF1983,1982-83 El Nino,1982-10-21,18.0,Approved
08194500,"Nueces Rv nr Tilden, TX",DJF1983,1982-83 El Nino,1982-12-24,0.93,Approved
08194500,"Nueces Rv nr Tilden, TX",DJF1983,1982-83 El Nino,1982-12-17,0.77,Approved
08194500,"Nueces Rv nr Tilden, TX",DJF1983,1982-83 El Nino,1982-12-29,0.7,Approved
08194500,"Nueces Rv nr Tilden, TX",DJF1983,1982-83 El Nino,1982-10-15,1130.0,Approved
08194500,"Nueces Rv nr Tilden, TX",DJF1983,1982-83 El Nino,1982-11-19,1.3,Approved
08194500,"Nueces Rv nr Tilden, TX",DJF1983,1982-83 El Nino,1982-11-18,1.2,Approved
08194500,"Nueces Rv nr Tilden, TX",DJF1983,1982-83 El Nino,1982-10-31,1.5,Approved
08194500,"Nueces Rv nr Tilden, TX",DJF1983,1982-83 El Nino,1982-09-23,0.31,Approved
08194500,"Nueces Rv nr Tilden, TX",DJF1983,1982-83 El Nino,1982-12-02,1.2,Approved
08194500,"Nueces Rv nr Tilden, TX",DJF1983,1982-83 El Nino,1983-02-17,0.76,Approved
08194500,"Nueces Rv nr Tilden, TX",DJF1983,1982-83 El Nino,1982-10-06,0.24,Approved
08194500,"Nueces Rv nr Tilden, TX",DJF1983,1982-83 El Nino,1982-10-28,1.6,Approved
08194500,"Nueces Rv nr Tilden, TX",DJF1983,1982-83 El Nino,1982-11-29,1.0,Approved
08194500,"Nueces Rv nr Tilden, TX",DJF1983,1982-83 El Nino,1983-01-24,0.5,Approved
08194500,"Nueces Rv nr Tilden, TX",DJF1983,1982-83 El Nino,1982-09-16,0.5,Approved
08194500,"Nueces Rv nr Tilden, TX",DJF1983,1982-83 El Nino,1982-12-14,0.85,Approved
08194500,"Nueces Rv nr Tilden, TX",DJF1983,1982-83 El Nino,1983-02-20,6.6,Approved
08194500,"Nueces Rv nr Tilden, TX",DJF1983,1982-83 El Nino,1982-10-23,6.9,Approved
08194500,"Nueces Rv nr Tilden, TX",DJF1983,1982-83 El Nino,1982-10-17,1140.0,Approved
08194500,"Nueces Rv nr Tilden, TX",DJF1983,1982-83 El Nino,1982-09-06,0.5,Approved
08194500,"Nueces Rv nr Tilden, TX",DJF1983,1982-83 El Nino,1983-01-19,0.57,Approved
08194500,"Nueces Rv nr Tilden, TX",DJF1983,1982-83 El Nino,1982-12-18,0.85,Approved
08194500,"Nueces Rv nr Tilden, TX",DJF1983,1982-83 El Nino,1983-01-31,0.77,Approved
08194500,"Nueces Rv nr Tilden, TX",DJF1983,1982-83 El Nino,1982-11-27,1.1,Approved
08194500,"Nueces Rv nr Tilden, TX",DJF1983,1982-83 El Nino,1982-11-22,1.3,Approved
08194500,"Nueces Rv nr Tilden, TX",DJF1983,1982-83 El Nino,1982-11-17,1.2,Approved
08194500,"Nueces Rv nr Tilden, TX",DJF1983,1982-83 El Nino,1982-09-11,0.57,Approved
08194500,"Nueces Rv nr Tilden, TX",DJF1983,1982-83 El Nino,1982-12-28,0.7,Approved
08194500,"Nueces Rv nr Tilden, TX",DJF1983,1982-83 El Nino,1983-02-23,1.4,Approved
08194500,"Nueces Rv nr Tilden, TX",DJF1983,1982-83 El Nino,1982-10-20,32.0,Approved
08194500,"Nueces Rv nr Tilden, TX",DJF1983,1982-83 El Nino,1982-12-11,0.92,Approved
08194500,"Nueces Rv nr Tilden, TX",DJF1983,1982-83 El Nino,1982-11-03,1.4,Approved
08194500,"Nueces Rv nr Tilden, TX",DJF1983,1982-83 El Nino,1982-09-07,0.54,Approved
08194500,"Nueces Rv nr Tilden, TX",DJF1983,1982-83 El Nino,1982-11-08,3.4,Approved
08194500,"Nueces Rv nr Tilden, TX",DJF1983,1982-83 El Nino,1982-10-01,0.24,Approved
08194500,"Nueces Rv nr Tilden, TX",DJF1983,1982-83 El Nino,1982-10-14,947.0,Approved
08194500,"Nueces Rv nr Tilden, TX",DJF1983,1982-83 El Nino,1983-02-15,1.0,Approved
08194500,"Nueces Rv nr Tilden, TX",DJF1983,1982-83 El Nino,1983-02-13,0.5,Approved
08194500,"Nueces Rv nr Tilden, TX",DJF1983,1982-83 El Nino,1983-01-17,0.53,Approved
08194500,"Nueces Rv nr Tilden, TX",DJF1983,1982-83 El Nino,1983-02-06,0.7,Approved
08194500,"Nueces Rv nr Tilden, TX",DJF1983,1982-83 El Nino,1983-01-26,0.56,Approved
08194500,"Nueces Rv nr Tilden, TX",DJF1983,1982-83 El Nino,1982-09-03,0.31,Approved
08194500,"Nueces Rv nr Tilden, TX",DJF1983,1982-83 El Nino,1982-09-04,0.31,Approved
08194500,"Nueces Rv nr Tilden, TX",DJF1983,1982-83 El Nino,1982-12-23,0.93,Approved
08194500,"Nueces Rv nr Tilden, TX",DJF1983,1982-83 El Nino,1982-11-28,1.1,Approved
08194500,"Nueces Rv nr Tilden, TX",DJF1983,1982-83 El Nino,1983-01-14,0.63,Approved
08194500,"Nueces Rv nr Tilden, TX",DJF1983,1982-83 El Nino,1982-09-02,0.31,Approved
08194500,"Nueces Rv nr Tilden, TX",DJF1983,1982-83 El Nino,1983-01-30,0.7,Approved
08194500,"Nueces Rv nr Tilden, TX",DJF1983,1982-83 El Nino,1982-12-15,0.83,Approved
08194500,"Nueces Rv nr Tilden, TX",DJF1983,1982-83 El Nino,1983-02-01,0.77,Approved
08194500,"Nueces Rv nr Tilden, TX",DJF1983,1982-83 El Nino,1982-10-30,1.5,Approved
08194500,"Nueces Rv nr Tilden, TX",DJF1983,1982-83 El Nino,1982-09-29,0.24,Approved
08194500,"Nueces Rv nr Tilden, TX",DJF1983,1982-83 El Nino,1982-10-08,0.24,Approved
08194500,"Nueces Rv nr Tilden, TX",DJF1983,1982-83 El Nino,1983-01-13,0.63,Approved
08194500,"Nueces Rv nr Tilden, TX",DJF1983,1982-83 El Nino,1983-01-06,0.5,Approved
08194500,"Nueces Rv nr Tilden, TX",DJF1983,1982-83 El Nino,1982-09-30,0.24,Approved
08194500,"Nueces Rv nr Tilden, TX",DJF1983,1982-83 El Nino,1982-10-16,1340.0,Approved
08194500,"Nueces Rv nr Tilden, TX",DJF1983,1982-83 El Nino,1982-10-29,1.6,Approved
08194500,"Nueces Rv nr Tilden, TX",DJF1983,1982-83 El Nino,1982-10-12,460.0,Approved
08194500,"Nueces Rv nr Tilden, TX",DJF1983,1982-83 El Nino,1982-12-20,0.78,Approved
08194500,"Nueces Rv nr Tilden, TX",DJF1983,1982-83 El Nino,1982-11-20,1.3,Approved
08194500,"Nueces Rv nr Tilden, TX",DJF1983,1982-83 El Nino,1983-02-05,0.74,Approved
08194500,"Nueces Rv nr Tilden, TX",DJF1983,1982-83 El Nino,1982-11-02,1.5,Approved
08194500,"Nueces Rv nr Tilden, TX",DJF1983,1982-83 El Nino,1983-01-22,0.67,Approved
08194500,"Nueces Rv nr Tilden, TX",DJF1983,1982-83 El Nino,1982-09-12,0.56,Approved
08194500,"Nueces Rv nr Tilden, TX",DJF1983,1982-83 El Nino,1982-09-26,0.24,Approved
08194500,"Nueces Rv nr Tilden, TX",DJF1983,1982-83 El Nino,1982-12-01,1.2,Approved
08194500,"Nueces Rv nr Tilden, TX",DJF1983,1982-83 El Nino,1982-10-09,0.23,Approved
08194500,"Nueces Rv nr Tilden, TX",DJF1983,1982-83 El Nino,1983-02-14,0.46,Approved
08194500,"Nueces Rv nr Tilden, TX",DJF1983,1982-83 El Nino,1982-12-26,0.8,Approved
08194500,"Nueces Rv nr Tilden, TX",DJF1983,1982-83 El Nino,1983-01-16,0.5,Approved
08194500,"Nueces Rv nr Tilden, TX",DJF1983,1982-83 El Nino,1982-09-19,0.31,Approved
08194500,"Nueces Rv nr Tilden, TX",DJF1983,1982-83 El Nino,1982-12-22,0.81,Approved
08194500,"Nueces Rv nr Tilden, TX",DJF1983,1982-83 El Nino,1983-02-28,0.99,Approved
08194500,"Nueces Rv nr Tilden, TX",DJF1983,1982-83 El Nino,1982-11-13,1.4,Approved
08194500,"Nueces Rv nr Tilden, TX",DJF1983,1982-83 El Nino,1982-11-21,1.3,Approved
08194500,"Nueces Rv nr Tilden, TX",DJF1983,1982-83 El Nino,1983-02-27,0.87,Approved
08194500,"Nueces Rv nr Tilden, TX",DJF1983,1982-83 El Nino,1982-12-12,0.92,Approved
08194500,"Nueces Rv nr Tilden, TX",DJF1983,1982-83 El Nino,1983-01-04,0.51,Approved
08194500,"Nueces Rv nr Tilden, TX",DJF1983,1982-83 El Nino,1983-01-01,0.57,Approved
08194500,"Nueces Rv nr Tilden, TX",DJF1983,1982-83 El Nino,1982-10-18,125.0,Approved
08194500,"Nueces Rv nr Tilden, TX",DJF1983,1982-83 El Nino,1983-02-18,0.62,Approved
08194500,"Nueces Rv nr Tilden, TX",DJF1983,1982-83 El Nino,1982-10-11,168.0,Approved
08194500,"Nueces Rv nr Tilden, TX",DJF1983,1982-83 El Nino,1983-02-10,0.6,Approved
08194500,"Nueces Rv nr Tilden, TX",DJF1983,1982-83 El Nino,1983-02-07,0.7,Approved
08194500,"Nueces Rv nr Tilden, TX",DJF1983,1982-83 El Nino,1982-11-23,1.3,Approved
08194500,"Nueces Rv nr Tilden, TX",DJF1983,1982-83 El Nino,1982-12-08,1.0,Approved
08194500,"Nueces Rv nr Tilden, TX",DJF1983,1982-83 El Nino,1983-01-29,0.61,Approved
08194500,"Nueces Rv nr Tilden, TX",DJF1983,1982-83 El Nino,1983-01-25,0.5,Approved
08194500,"Nueces Rv nr Tilden, TX",DJF1983,1982-83 El Nino,1982-11-05,3.6,Approved
08194500,"Nueces Rv nr Tilden, TX",DJF1983,1982-83 El Nino,1983-01-09,0.56,Approved
08194500,"Nueces Rv nr Tilden, TX",DJF1983,1982-83 El Nino,1982-09-15,8.3,Approved
08194500,"Nueces Rv nr Tilden, TX",DJF1983,1982-83 El Nino,1982-10-02,0.24,Approved
08194500,"Nueces Rv nr Tilden, TX",DJF1983,1982-83 El Nino,1983-01-12,0.63,Approved
08194500,"Nueces Rv nr Tilden, TX",DJF1983,1982-83 El Nino,1983-01-21,0.77,Approved
08194500,"Nueces Rv nr Tilden, TX",DJF1983,1982-83 El Nino,1982-09-18,0.4,Approved
08194500,"Nueces Rv nr Tilden, TX",DJF1983,1982-83 El Nino,1982-11-11,1.6,Approved
08194500,"Nueces Rv nr Tilden, TX",DJF1983,1982-83 El Nino,1983-02-22,1.9,Approved
08194500,"Nueces Rv nr Tilden, TX",DJF1983,1982-83 El Nino,1983-01-05,0.5,Approved
08194500,"Nueces Rv nr Tilden, TX",DJF1983,1982-83 El Nino,1982-12-21,0.78,Approved
08194500,"Nueces Rv nr Tilden, TX",DJF1983,1982-83 El Nino,1982-12-07,1.0,Approved
08194500,"Nueces Rv nr Tilden, TX",DJF1983,1982-83 El Nino,1982-11-24,1.2,Approved
08194500,"Nueces Rv nr Tilden, TX",DJF1998,1997-98 El Nino,1997-11-25,38.0,Approved
08194500,"Nueces Rv nr Tilden, TX",DJF1998,1997-98 El Nino,1997-12-21,3.6,Approved
08194500,"Nueces Rv nr Tilden, TX",DJF1998,1997-98 El Nino,1997-11-05,37.0,Approved
08194500,"Nueces Rv nr Tilden, TX",DJF1998,1997-98 El Nino,1997-12-02,23.0,Approved
08194500,"Nueces Rv nr Tilden, TX",DJF1998,1997-98 El Nino,1998-01-09,1.0,Approved
08194500,"Nueces Rv nr Tilden, TX",DJF1998,1997-98 El Nino,1998-02-04,3.5,Approved
08194500,"Nueces Rv nr Tilden, TX",DJF1998,1997-98 El Nino,1997-10-10,50.0,Approved
08194500,"Nueces Rv nr Tilden, TX",DJF1998,1997-98 El Nino,1998-02-06,2.7,Approved
08194500,"Nueces Rv nr Tilden, TX",DJF1998,1997-98 El Nino,1998-02-27,1.2,Approved
08194500,"Nueces Rv nr Tilden, TX",DJF1998,1997-98 El Nino,1997-10-04,48.0,Approved
08194500,"Nueces Rv nr Tilden, TX",DJF1998,1997-98 El Nino,1997-09-06,13.0,Approved
08194500,"Nueces Rv nr Tilden, TX",DJF1998,1997-98 El Nino,1997-09-30,66.0,Approved
08194500,"Nueces Rv nr Tilden, TX",DJF1998,1997-98 El Nino,1997-10-06,37.0,Approved
08194500,"Nueces Rv nr Tilden, TX",DJF1998,1997-98 El Nino,1997-12-23,2.8,Approved
08194500,"Nueces Rv nr Tilden, TX",DJF1998,1997-98 El Nino,1997-12-27,2.6,Approved
08194500,"Nueces Rv nr Tilden, TX",DJF1998,1997-98 El Nino,1997-09-14,28.0,Approved
08194500,"Nueces Rv nr Tilden, TX",DJF1998,1997-98 El Nino,1997-11-01,48.0,Approved
08194500,"Nueces Rv nr Tilden, TX",DJF1998,1997-98 El Nino,1997-11-03,42.0,Approved
08194500,"Nueces Rv nr Tilden, TX",DJF1998,1997-98 El Nino,1997-12-28,3.0,Approved
08194500,"Nueces Rv nr Tilden, TX",DJF1998,1997-98 El Nino,1997-12-22,3.2,Approved
08194500,"Nueces Rv nr Tilden, TX",DJF1998,1997-98 El Nino,1997-10-17,47.0,Approved
08194500,"Nueces Rv nr Tilden, TX",DJF1998,1997-98 El Nino,1998-01-18,68.0,Approved
08194500,"Nueces Rv nr Tilden, TX",DJF1998,1997-98 El Nino,1997-09-27,19.0,Approved
08194500,"Nueces Rv nr Tilden, TX",DJF1998,1997-98 El Nino,1997-11-04,39.0,Approved
08194500,"Nueces Rv nr Tilden, TX",DJF1998,1997-98 El Nino,1997-12-31,2.0,Approved
08194500,"Nueces Rv nr Tilden, TX",DJF1998,1997-98 El Nino,1997-11-20,16.0,Approved
08194500,"Nueces Rv nr Tilden, TX",DJF1998,1997-98 El Nino,1997-10-18,56.0,Approved
08194500,"Nueces Rv nr Tilden, TX",DJF1998,1997-98 El Nino,1998-01-11,0.74,Approved
08194500,"Nueces Rv nr Tilden, TX",DJF1998,1997-98 El Nino,1997-12-20,3.6,Approved
08194500,"Nueces Rv nr Tilden, TX",DJF1998,1997-98 El Nino,1997-11-15,23.0,Approved
08194500,"Nueces Rv nr Tilden, TX",DJF1998,1997-98 El Nino,1997-09-22,25.0,Approved
08194500,"Nueces Rv nr Tilden, TX",DJF1998,1997-98 El Nino,1997-09-09,29.0,Approved
08194500,"Nueces Rv nr Tilden, TX",DJF1998,1997-98 El Nino,1997-11-13,30.0,Approved
08194500,"Nueces Rv nr Tilden, TX",DJF1998,1997-98 El Nino,1998-01-16,134.0,Approved
08194500,"Nueces Rv nr Tilden, TX",DJF1998,1997-98 El Nino,1997-11-27,35.0,Approved
08194500,"Nueces Rv nr Tilden, TX",DJF1998,1997-98 El Nino,1997-10-24,86.0,Approved
08194500,"Nueces Rv nr Tilden, TX",DJF1998,1997-98 El Nino,1997-12-19,4.1,Approved
08194500,"Nueces Rv nr Tilden, TX",DJF1998,1997-98 El Nino,1997-12-16,6.9,Approved
08194500,"Nueces Rv nr Tilden, TX",DJF1998,1997-98 El Nino,1997-10-03,55.0,Approved
08194500,"Nueces Rv nr Tilden, TX",DJF1998,1997-98 El Nino,1997-11-06,37.0,Approved
08194500,"Nueces Rv nr Tilden, TX",DJF1998,1997-98 El Nino,1997-09-17,28.0,Approved
08194500,"Nueces Rv nr Tilden, TX",DJF1998,1997-98 El Nino,1997-11-02,44.0,Approved
08194500,"Nueces Rv nr Tilden, TX",DJF1998,1997-98 El Nino,1998-02-15,2.1,Approved
08194500,"Nueces Rv nr Tilden, TX",DJF1998,1997-98 El Nino,1997-12-14,7.1,Approved
08194500,"Nueces Rv nr Tilden, TX",DJF1998,1997-98 El Nino,1998-02-07,2.3,Approved
08194500,"Nueces Rv nr Tilden, TX",DJF1998,1997-98 El Nino,1997-12-12,9.2,Approved
08194500,"Nueces Rv nr Tilden, TX",DJF1998,1997-98 El Nino,1997-09-26,18.0,Approved
08194500,"Nueces Rv nr Tilden, TX",DJF1998,1997-98 El Nino,1997-12-18,5.3,Approved
08194500,"Nueces Rv nr Tilden, TX",DJF1998,1997-98 El Nino,1997-09-16,29.0,Approved
08194500,"Nueces Rv nr Tilden, TX",DJF1998,1997-98 El Nino,1998-01-15,58.0,Approved
08194500,"Nueces Rv nr Tilden, TX",DJF1998,1997-98 El Nino,1997-09-13,28.0,Approved
08194500,"Nueces Rv nr Tilden, TX",DJF1998,1997-98 El Nino,1997-09-12,28.0,Approved
08194500,"Nueces Rv nr Tilden, TX",DJF1998,1997-98 El Nino,1997-10-12,36.0,Approved
08194500,"Nueces Rv nr Tilden, TX",DJF1998,1997-98 El Nino,1997-12-06,18.0,Approved
08194500,"Nueces Rv nr Tilden, TX",DJF1998,1997-98 El Nino,1998-01-01,1.7,Approved
08194500,"Nueces Rv nr Tilden, TX",DJF1998,1997-98 El Nino,1997-10-01,68.0,Approved
08194500,"Nueces Rv nr Tilden, TX",DJF1998,1997-98 El Nino,1998-02-05,3.1,Approved
08194500,"Nueces Rv nr Tilden, TX",DJF1998,1997-98 El Nino,1998-02-28,0.99,Approved
08194500,"Nueces Rv nr Tilden, TX",DJF1998,1997-98 El Nino,1998-02-11,1.1,Approved
08194500,"Nueces Rv nr Tilden, TX",DJF1998,1997-98 El Nino,1997-11-09,31.0,Approved
08194500,"Nueces Rv nr Tilden, TX",DJF1998,1997-98 El Nino,1997-11-26,37.0,Approved
08194500,"Nueces Rv nr Tilden, TX",DJF1998,1997-98 El Nino,1997-11-30,29.0,Approved
08194500,"Nueces Rv nr Tilden, TX",DJF1998,1997-98 El Nino,1997-10-29,58.0,Approved
08194500,"Nueces Rv nr Tilden, TX",DJF1998,1997-98 El Nino,1997-11-08,34.0,Approved
08194500,"Nueces Rv nr Tilden, TX",DJF1998,1997-98 El Nino,1997-12-03,20.0,Approved
08194500,"Nueces Rv nr Tilden, TX",DJF1998,1997-98 El Nino,1998-01-19,52.0,Approved
08194500,"Nueces Rv nr Tilden, TX",DJF1998,1997-98 El Nino,1997-12-01,26.0,Approved
08194500,"Nueces Rv nr Tilden, TX",DJF1998,1997-98 El Nino,1997-09-28,25.0,Approved
08194500,"Nueces Rv nr Tilden, TX",DJF1998,1997-98 El Nino,1997-11-29,31.0,Approved
08194500,"Nueces Rv nr Tilden, TX",DJF1998,1997-98 El Nino,1997-12-25,2.7,Approved
08194500,"Nueces Rv nr Tilden, TX",DJF1998,1997-98 El Nino,1997-10-22,127.0,Approved
08194500,"Nueces Rv nr Tilden, TX",DJF1998,1997-98 El Nino,1997-11-21,18.0,Approved
08194500,"Nueces Rv nr Tilden, TX",DJF1998,1997-98 El Nino,1997-12-29,3.0,Approved
08194500,"Nueces Rv nr Tilden, TX",DJF1998,1997-98 El Nino,1998-02-18,2.6,Approved
08194500,"Nueces Rv nr Tilden, TX",DJF1998,1997-98 El Nino,1997-09-25,16.0,Approved
08194500,"Nueces Rv nr Tilden, TX",DJF1998,1997-98 El Nino,1997-10-31,51.0,Approved
08194500,"Nueces Rv nr Tilden, TX",DJF1998,1997-98 El Nino,1997-12-05,18.0,Approved
08194500,"Nueces Rv nr Tilden, TX",DJF1998,1997-98 El Nino,1998-01-23,19.0,Approved
08194500,"Nueces Rv nr Tilden, TX",DJF1998,1997-98 El Nino,1997-12-11,11.0,Approved
08194500,"Nueces Rv nr Tilden, TX",DJF1998,1997-98 El Nino,1998-01-22,24.0,Approved
08194500,"Nueces Rv nr Tilden, TX",DJF1998,1997-98 El Nino,1997-11-19,17.0,Approved
08194500,"Nueces Rv nr Tilden, TX",DJF1998,1997-98 El Nino,1997-10-16,39.0,Approved
08194500,"Nueces Rv nr Tilden, TX",DJF1998,1997-98 El Nino,1998-01-13,0.72,Approved
08194500,"Nueces Rv nr Tilden, TX",DJF1998,1997-98 El Nino,1997-12-07,20.0,Approved
08194500,"Nueces Rv nr Tilden, TX",DJF1998,1997-98 El Nino,1997-10-08,43.0,Approved
08194500,"Nueces Rv nr Tilden, TX",DJF1998,1997-98 El Nino,1998-01-26,9.7,Approved
08194500,"Nueces Rv nr Tilden, TX",DJF1998,1997-98 El Nino,1997-12-10,13.0,Approved
08194500,"Nueces Rv nr Tilden, TX",DJF1998,1997-98 El Nino,1997-11-12,31.0,Approved
08194500,"Nueces Rv nr Tilden, TX",DJF1998,1997-98 El Nino,1997-11-14,27.0,Approved
08194500,"Nueces Rv nr Tilden, TX",DJF1998,1997-98 El Nino,1997-09-03,44.0,Approved
08194500,"Nueces Rv nr Tilden, TX",DJF1998,1997-98 El Nino,1998-02-21,2.7,Approved
08194500,"Nueces Rv nr Tilden, TX",DJF1998,1997-98 El Nino,1998-02-09,1.7,Approved
08194500,"Nueces Rv nr Tilden, TX",DJF1998,1997-98 El Nino,1998-01-17,89.0,Approved
08194500,"Nueces Rv nr Tilden, TX",DJF1998,1997-98 El Nino,1997-10-05,42.0,Approved
08194500,"Nueces Rv nr Tilden, TX",DJF1998,1997-98 El Nino,1998-02-25,2.0,Approved
08194500,"Nueces Rv nr Tilden, TX",DJF1998,1997-98 El Nino,1998-01-06,1.3,Approved
08194500,"Nueces Rv nr Tilden, TX",DJF1998,1997-98 El Nino,1998-01-07,1.2,Approved
08194500,"Nueces Rv nr Tilden, TX",DJF1998,1997-98 El Nino,1997-09-23,22.0,Approved
08194500,"Nueces Rv nr Tilden, TX",DJF1998,1997-98 El Nino,1998-02-08,1.9,Approved
08194500,"Nueces Rv nr Tilden, TX",DJF1998,1997-98 El Nino,1997-10-11,41.0,Approved
08194500,"Nueces Rv nr Tilden, TX",DJF1998,1997-98 El Nino,1997-10-14,29.0,Approved
08194500,"Nueces Rv nr Tilden, TX",DJF1998,1997-98 El Nino,1998-02-17,2.4,Approved
08194500,"Nueces Rv nr Tilden, TX",DJF1998,1997-98 El Nino,1998-02-01,5.1,Approved
08194500,"Nueces Rv nr Tilden, TX",DJF1998,1997-98 El Nino,1998-01-29,6.0,Approved
08194500,"Nueces Rv nr Tilden, TX",DJF1998,1997-98 El Nino,1998-02-13,1.1,Approved
08194500,"Nueces Rv nr Tilden, TX",DJF1998,1997-98 El Nino,1997-12-26,2.9,Approved
08194500,"Nueces Rv nr Tilden, TX",DJF1998,1997-98 El Nino,1997-11-28,33.0,Approved
08194500,"Nueces Rv nr Tilden, TX",DJF1998,1997-98 El Nino,1997-12-30,2.6,Approved
08194500,"Nueces Rv nr Tilden, TX",DJF1998,1997-98 El Nino,1997-12-09,16.0,Approved
08194500,"Nueces Rv nr Tilden, TX",DJF1998,1997-98 El Nino,1997-09-08,9.1,Approved
08194500,"Nueces Rv nr Tilden, TX",DJF1998,1997-98 El Nino,1997-11-18,21.0,Approved
08194500,"Nueces Rv nr Tilden, TX",DJF1998,1997-98 El Nino,1998-01-05,1.3,Approved
08194500,"Nueces Rv nr Tilden, TX",DJF1998,1997-98 El Nino,1998-02-23,12.0,Approved
08194500,"Nueces Rv nr Tilden, TX",DJF1998,1997-98 El Nino,1997-12-08,19.0,Approved
08194500,"Nueces Rv nr Tilden, TX",DJF1998,1997-98 El Nino,1997-10-21,147.0,Approved
08194500,"Nueces Rv nr Tilden, TX",DJF1998,1997-98 El Nino,1997-12-17,6.3,Approved
08194500,"Nueces Rv nr Tilden, TX",DJF1998,1997-98 El Nino,1997-11-07,36.0,Approved
08194500,"Nueces Rv nr Tilden, TX",DJF1998,1997-98 El Nino,1998-02-16,2.0,Approved
08194500,"Nueces Rv nr Tilden, TX",DJF1998,1997-98 El Nino,1997-10-27,65.0,Approved
08194500,"Nueces Rv nr Tilden, TX",DJF1998,1997-98 El Nino,1998-02-02,4.4,Approved
08194500,"Nueces Rv nr Tilden, TX",DJF1998,1997-98 El Nino,1997-10-19,123.0,Approved
08194500,"Nueces Rv nr Tilden, TX",DJF1998,1997-98 El Nino,1998-01-10,0.92,Approved
08194500,"Nueces Rv nr Tilden, TX",DJF1998,1997-98 El Nino,1997-11-22,23.0,Approved
08194500,"Nueces Rv nr Tilden, TX",DJF1998,1997-98 El Nino,1998-02-24,3.3,Approved
08194500,"Nueces Rv nr Tilden, TX",DJF1998,1997-98 El Nino,1997-11-10,27.0,Approved
08194500,"Nueces Rv nr Tilden, TX",DJF1998,1997-98 El Nino,1998-01-27,8.4,Approved
08194500,"Nueces Rv nr Tilden, TX",DJF1998,1997-98 El Nino,1997-10-02,63.0,Approved
08194500,"Nueces Rv nr Tilden, TX",DJF1998,1997-98 El Nino,1998-01-28,7.3,Approved
08194500,"Nueces Rv nr Tilden, TX",DJF1998,1997-98 El Nino,1998-01-12,0.73,Approved
08194500,"Nueces Rv nr Tilden, TX",DJF1998,1997-98 El Nino,1997-10-07,35.0,Approved
08194500,"Nueces Rv nr Tilden, TX",DJF1998,1997-98 El Nino,1998-01-30,5.1,Approved
08194500,"Nueces Rv nr Tilden, TX",DJF1998,1997-98 El Nino,1997-09-01,48.0,Approved
08194500,"Nueces Rv nr Tilden, TX",DJF1998,1997-98 El Nino,1998-02-19,3.3,Approved
08194500,"Nueces Rv nr Tilden, TX",DJF1998,1997-98 El Nino,1997-09-11,30.0,Approved
08194500,"Nueces Rv nr Tilden, TX",DJF1998,1997-98 El Nino,1997-12-13,8.3,Approved
08194500,"Nueces Rv nr Tilden, TX",DJF1998,1997-98 El Nino,1998-02-26,1.4,Approved
08194500,"Nueces Rv nr Tilden, TX",DJF1998,1997-98 El Nino,1997-09-21,29.0,Approved
08194500,"Nueces Rv nr Tilden, TX",DJF1998,1997-98 El Nino,1997-10-15,31.0,Approved
08194500,"Nueces Rv nr Tilden, TX",DJF1998,1997-98 El Nino,1997-10-23,105.0,Approved
08194500,"Nueces Rv nr Tilden, TX",DJF1998,1997-98 El Nino,1998-01-14,0.64,Approved
08194500,"Nueces Rv nr Tilden, TX",DJF1998,1997-98 El Nino,1997-09-24,19.0,Approved
08194500,"Nueces Rv nr Tilden, TX",DJF1998,1997-98 El Nino,1998-01-02,1.6,Approved
08194500,"Nueces Rv nr Tilden, TX",DJF1998,1997-98 El Nino,1997-10-28,62.0,Approved
08194500,"Nueces Rv nr Tilden, TX",DJF1998,1997-98 El Nino,1997-09-07,11.0,Approved
08194500,"Nueces Rv nr Tilden, TX",DJF1998,1997-98 El Nino,1997-11-24,36.0,Approved
08194500,"Nueces Rv nr Tilden, TX",DJF1998,1997-98 El Nino,1997-11-11,26.0,Approved
08194500,"Nueces Rv nr Tilden, TX",DJF1998,1997-98 El Nino,1998-01-24,15.0,Approved
08194500,"Nueces Rv nr Tilden, TX",DJF1998,1997-98 El Nino,1997-09-29,62.0,Approved
08194500,"Nueces Rv nr Tilden, TX",DJF1998,1997-98 El Nino,1998-01-31,4.7,Approved
08194500,"Nueces Rv nr Tilden, TX",DJF1998,1997-98 El Nino,1997-10-09,54.0,Approved
08194500,"Nueces Rv nr Tilden, TX",DJF1998,1997-98 El Nino,1997-09-05,18.0,Approved
08194500,"Nueces Rv nr Tilden, TX",DJF1998,1997-98 El Nino,1998-02-14,1.5,Approved
08194500,"Nueces Rv nr Tilden, TX",DJF1998,1997-98 El Nino,1997-11-23,31.0,Approved
08194500,"Nueces Rv nr Tilden, TX",DJF1998,1997-98 El Nino,1998-01-03,1.5,Approved
08194500,"Nueces Rv nr Tilden, TX",DJF1998,1997-98 El Nino,1997-10-30,55.0,Approved
08194500,"Nueces Rv nr Tilden, TX",DJF1998,1997-98 El Nino,1997-10-25,76.0,Approved
08194500,"Nueces Rv nr Tilden, TX",DJF1998,1997-98 El Nino,1997-10-20,176.0,Approved
08194500,"Nueces Rv nr Tilden, TX",DJF1998,1997-98 El Nino,1997-09-19,28.0,Approved
08194500,"Nueces Rv nr Tilden, TX",DJF1998,1997-98 El Nino,1998-01-04,1.3,Approved
08194500,"Nueces Rv nr Tilden, TX",DJF1998,1997-98 El Nino,1997-10-26,70.0,Approved
08194500,"Nueces Rv nr Tilden, TX",DJF1998,1997-98 El Nino,1997-12-04,18.0,Approved
08194500,"Nueces Rv nr Tilden, TX",DJF1998,1997-98 El Nino,1998-02-10,1.5,Approved
08194500,"Nueces Rv nr Tilden, TX",DJF1998,1997-98 El Nino,1997-09-04,28.0,Approved
08194500,"Nueces Rv nr Tilden, TX",DJF1998,1997-98 El Nino,1997-10-13,31.0,Approved
08194500,"Nueces Rv nr Tilden, TX",DJF1998,1997-98 El Nino,1997-12-15,6.9,Approved
08194500,"Nueces Rv nr Tilden, TX",DJF1998,1997-98 El Nino,1997-09-15,29.0,Approved
08194500,"Nueces Rv nr Tilden, TX",DJF1998,1997-98 El Nino,1998-02-12,1.2,Approved
08194500,"Nueces Rv nr Tilden, TX",DJF1998,1997-98 El Nino,1997-09-10,32.0,Approved
08194500,"Nueces Rv nr Tilden, TX",DJF1998,1997-98 El Nino,1998-02-20,2.1,Approved
08194500,"Nueces Rv nr Tilden, TX",DJF1998,1997-98 El Nino,1997-09-18,27.0,Approved
08194500,"Nueces Rv nr Tilden, TX",DJF1998,1997-98 El Nino,1997-09-20,28.0,Approved
08194500,"Nueces Rv nr Tilden, TX",DJF1998,1997-98 El Nino,1998-01-25,12.0,Approved
08194500,"Nueces Rv nr Tilden, TX",DJF1998,1997-98 El Nino,1997-12-24,2.7,Approved
08194500,"Nueces Rv nr Tilden, TX",DJF1998,1997-98 El Nino,1998-01-20,40.0,Approved
08194500,"Nueces Rv nr Tilden, TX",DJF1998,1997-98 El Nino,1997-09-02,50.0,Approved
08194500,"Nueces Rv nr Tilden, TX",DJF1998,1997-98 El Nino,1997-11-16,22.0,Approved
08194500,"Nueces Rv nr Tilden, TX",DJF1998,1997-98 El Nino,1998-02-22,12.0,Approved
08194500,"Nueces Rv nr Tilden, TX",DJF1998,1997-98 El Nino,1998-01-21,32.0,Approved
08194500,"Nueces Rv nr Tilden, TX",DJF1998,1997-98 El Nino,1998-02-03,3.9,Approved
08194500,"Nueces Rv nr Tilden, TX",DJF1998,1997-98 El Nino,1997-11-17,22.0,Approved
08194500,"Nueces Rv nr Tilden, TX",DJF1998,1997-98 El Nino,1998-01-08,1.2,Approved
08194500,"Nueces Rv nr Tilden, TX",DJF2016,2015-16 El Nino,2016-02-28,0.35,Approved
08194500,"Nueces Rv nr Tilden, TX",DJF2016,2015-16 El Nino,2015-11-23,81.4,Approved
08194500,"Nueces Rv nr Tilden, TX",DJF2016,2015-16 El Nino,2015-12-21,18.1,Approved
08194500,"Nueces Rv nr Tilden, TX",DJF2016,2015-16 El Nino,2015-12-04,10.8,Approved
08194500,"Nueces Rv nr Tilden, TX",DJF2016,2015-16 El Nino,2015-10-24,749.0,Approved
08194500,"Nueces Rv nr Tilden, TX",DJF2016,2015-16 El Nino,2015-11-04,56.7,Approved
08194500,"Nueces Rv nr Tilden, TX",DJF2016,2015-16 El Nino,2016-01-19,33.3,Approved
08194500,"Nueces Rv nr Tilden, TX",DJF2016,2015-16 El Nino,2015-10-07,0.0,Approved
08194500,"Nueces Rv nr Tilden, TX",DJF2016,2015-16 El Nino,2015-11-14,9.72,Approved
08194500,"Nueces Rv nr Tilden, TX",DJF2016,2015-16 El Nino,2015-11-16,188.0,Approved
08194500,"Nueces Rv nr Tilden, TX",DJF2016,2015-16 El Nino,2015-10-23,680.0,Approved
08194500,"Nueces Rv nr Tilden, TX",DJF2016,2015-16 El Nino,2016-01-08,49.8,Approved
08194500,"Nueces Rv nr Tilden, TX",DJF2016,2015-16 El Nino,2016-01-10,41.8,Approved
08194500,"Nueces Rv nr Tilden, TX",DJF2016,2015-16 El Nino,2015-09-06,0.0,Approved
08194500,"Nueces Rv nr Tilden, TX",DJF2016,2015-16 El Nino,2015-12-14,5.56,Approved
08194500,"Nueces Rv nr Tilden, TX",DJF2016,2015-16 El Nino,2016-01-18,35.0,Approved
08194500,"Nueces Rv nr Tilden, TX",DJF2016,2015-16 El Nino,2016-02-06,12.2,Approved
08194500,"Nueces Rv nr Tilden, TX",DJF2016,2015-16 El Nino,2016-02-13,6.22,Approved
08194500,"Nueces Rv nr Tilden, TX",DJF2016,2015-16 El Nino,2015-10-22,634.0,Approved
08194500,"Nueces Rv nr Tilden, TX",DJF2016,2015-16 El Nino,2015-11-07,27.0,Approved
08194500,"Nueces Rv nr Tilden, TX",DJF2016,2015-16 El Nino,2015-11-02,120.0,Approved
08194500,"Nueces Rv nr Tilden, TX",DJF2016,2015-16 El Nino,2016-01-01,48.2,Approved
08194500,"Nueces Rv nr Tilden, TX",DJF2016,2015-16 El Nino,2015-10-28,954.0,Approved
08194500,"Nueces Rv nr Tilden, TX",DJF2016,2015-16 El Nino,2015-12-13,6.73,Approved
08194500,"Nueces Rv nr Tilden, TX",DJF2016,2015-16 El Nino,2016-01-20,31.7,Approved
08194500,"Nueces Rv nr Tilden, TX",DJF2016,2015-16 El Nino,2016-02-01,16.2,Approved
08194500,"Nueces Rv nr Tilden, TX",DJF2016,2015-16 El Nino,2015-09-24,1.55,Approved
08194500,"Nueces Rv nr Tilden, TX",DJF2016,2015-16 El Nino,2015-11-18,248.0,Approved
08194500,"Nueces Rv nr Tilden, TX",DJF2016,2015-16 El Nino,2015-09-14,0.0,Approved
08194500,"Nueces Rv nr Tilden, TX",DJF2016,2015-16 El Nino,2015-12-07,7.4,Approved
08194500,"Nueces Rv nr Tilden, TX",DJF2016,2015-16 El Nino,2015-12-08,8.17,Approved
08194500,"Nueces Rv nr Tilden, TX",DJF2016,2015-16 El Nino,2015-10-08,0.0,Approved
08194500,"Nueces Rv nr Tilden, TX",DJF2016,2015-16 El Nino,2015-10-26,905.0,Approved
08194500,"Nueces Rv nr Tilden, TX",DJF2016,2015-16 El Nino,2015-09-02,0.0,Approved
08194500,"Nueces Rv nr Tilden, TX",DJF2016,2015-16 El Nino,2015-09-23,3.78,Approved
08194500,"Nueces Rv nr Tilden, TX",DJF2016,2015-16 El Nino,2015-11-08,23.8,Approved
08194500,"Nueces Rv nr Tilden, TX",DJF2016,2015-16 El Nino,2016-02-27,0.41,Approved
08194500,"Nueces Rv nr Tilden, TX",DJF2016,2015-16 El Nino,2015-12-28,41.7,Approved
08194500,"Nueces Rv nr Tilden, TX",DJF2016,2015-16 El Nino,2015-09-30,0.02,Approved
08194500,"Nueces Rv nr Tilden, TX",DJF2016,2015-16 El Nino,2016-01-23,25.5,Approved
08194500,"Nueces Rv nr Tilden, TX",DJF2016,2015-16 El Nino,2016-02-09,9.07,Approved
08194500,"Nueces Rv nr Tilden, TX",DJF2016,2015-16 El Nino,2016-02-14,5.32,Approved
08194500,"Nueces Rv nr Tilden, TX",DJF2016,2015-16 El Nino,2015-10-31,407.0,Approved
08194500,"Nueces Rv nr Tilden, TX",DJF2016,2015-16 El Nino,2016-02-05,13.3,Approved
08194500,"Nueces Rv nr Tilden, TX",DJF2016,2015-16 El Nino,2015-10-03,0.0,Approved
08194500,"Nueces Rv nr Tilden, TX",DJF2016,2015-16 El Nino,2015-12-11,7.66,Approved
08194500,"Nueces Rv nr Tilden, TX",DJF2016,2015-16 El Nino,2016-01-11,37.6,Approved
08194500,"Nueces Rv nr Tilden, TX",DJF2016,2015-16 El Nino,2015-11-06,32.1,Approved
08194500,"Nueces Rv nr Tilden, TX",DJF2016,2015-16 El Nino,2015-12-10,8.25,Approved
08194500,"Nueces Rv nr Tilden, TX",DJF2016,2015-16 El Nino,2016-02-22,2.93,Approved
08194500,"Nueces Rv nr Tilden, TX",DJF2016,2015-16 El Nino,2015-11-26,35.5,Approved
08194500,"Nueces Rv nr Tilden, TX",DJF2016,2015-16 El Nino,2015-12-20,0.87,Approved
08194500,"Nueces Rv nr Tilden, TX",DJF2016,2015-16 El Nino,2015-09-09,0.0,Approved
08194500,"Nueces Rv nr Tilden, TX",DJF2016,2015-16 El Nino,2016-01-03,57.0,Approved
08194500,"Nueces Rv nr Tilden, TX",DJF2016,2015-16 El Nino,2015-09-29,0.05,Approved
08194500,"Nueces Rv nr Tilden, TX",DJF2016,2015-16 El Nino,2016-01-09,47.2,Approved
08194500,"Nueces Rv nr Tilden, TX",DJF2016,2015-16 El Nino,2016-02-19,2.85,Approved
08194500,"Nueces Rv nr Tilden, TX",DJF2016,2015-16 El Nino,2015-10-25,828.0,Approved
08194500,"Nueces Rv nr Tilden, TX",DJF2016,2015-16 El Nino,2016-02-17,3.23,Approved
08194500,"Nueces Rv nr Tilden, TX",DJF2016,2015-16 El Nino,2016-01-29,18.7,Approved
08194500,"Nueces Rv nr Tilden, TX",DJF2016,2015-16 El Nino,2015-09-04,0.0,Approved
08194500,"Nueces Rv nr Tilden, TX",DJF2016,2015-16 El Nino,2015-10-18,1.39,Approved
08194500,"Nueces Rv nr Tilden, TX",DJF2016,2015-16 El Nino,2015-11-29,20.1,Approved
08194500,"Nueces Rv nr Tilden, TX",DJF2016,2015-16 El Nino,2015-10-30,519.0,Approved
08194500,"Nueces Rv nr Tilden, TX",DJF2016,2015-16 El Nino,2016-02-20,2.76,Approved
08194500,"Nueces Rv nr Tilden, TX",DJF2016,2015-16 El Nino,2016-01-24,24.2,Approved
08194500,"Nueces Rv nr Tilden, TX",DJF2016,2015-16 El Nino,2015-10-21,579.0,Approved
08194500,"Nueces Rv nr Tilden, TX",DJF2016,2015-16 El Nino,2015-11-10,19.2,Approved
08194500,"Nueces Rv nr Tilden, TX",DJF2016,2015-16 El Nino,2015-12-03,12.6,Approved
08194500,"Nueces Rv nr Tilden, TX",DJF2016,2015-16 El Nino,2016-01-27,21.1,Approved
08194500,"Nueces Rv nr Tilden, TX",DJF2016,2015-16 El Nino,2015-11-24,61.1,Approved
08194500,"Nueces Rv nr Tilden, TX",DJF2016,2015-16 El Nino,2015-09-21,15.1,Approved
08194500,"Nueces Rv nr Tilden, TX",DJF2016,2015-16 El Nino,2015-09-16,178.0,Approved
08194500,"Nueces Rv nr Tilden, TX",DJF2016,2015-16 El Nino,2015-10-04,0.0,Approved
08194500,"Nueces Rv nr Tilden, TX",DJF2016,2015-16 El Nino,2016-01-30,17.6,Approved
08194500,"Nueces Rv nr Tilden, TX",DJF2016,2015-16 El Nino,2016-01-28,19.9,Approved
08194500,"Nueces Rv nr Tilden, TX",DJF2016,2015-16 El Nino,2016-01-31,16.8,Approved
08194500,"Nueces Rv nr Tilden, TX",DJF2016,2015-16 El Nino,2015-10-19,273.0,Approved
08194500,"Nueces Rv nr Tilden, TX",DJF2016,2015-16 El Nino,2016-01-04,52.5,Approved
08194500,"Nueces Rv nr Tilden, TX",DJF2016,2015-16 El Nino,2016-02-26,0.53,Approved
08194500,"Nueces Rv nr Tilden, TX",DJF2016,2015-16 El Nino,2016-01-26,22.0,Approved
08194500,"Nueces Rv nr Tilden, TX",DJF2016,2015-16 El Nino,2015-10-10,0.31,Approved
08194500,"Nueces Rv nr Tilden, TX",DJF2016,2015-16 El Nino,2015-12-05,8.77,Approved
08194500,"Nueces Rv nr Tilden, TX",DJF2016,2015-16 El Nino,2016-01-14,39.8,Approved
08194500,"Nueces Rv nr Tilden, TX",DJF2016,2015-16 El Nino,2016-02-08,9.96,Approved
08194500,"Nueces Rv nr Tilden, TX",DJF2016,2015-16 El Nino,2015-09-10,0.0,Approved
08194500,"Nueces Rv nr Tilden, TX",DJF2016,2015-16 El Nino,2016-01-07,48.7,Approved
08194500,"Nueces Rv nr Tilden, TX",DJF2016,2015-16 El Nino,2015-09-08,0.0,Approved
08194500,"Nueces Rv nr Tilden, TX",DJF2016,2015-16 El Nino,2015-11-15,37.6,Approved
08194500,"Nueces Rv nr Tilden, TX",DJF2016,2015-16 El Nino,2015-09-11,0.0,Approved
08194500,"Nueces Rv nr Tilden, TX",DJF2016,2015-16 El Nino,2016-02-23,2.08,Approved
08194500,"Nueces Rv nr Tilden, TX",DJF2016,2015-16 El Nino,2015-10-12,0.36,Approved
08194500,"Nueces Rv nr Tilden, TX",DJF2016,2015-16 El Nino,2015-09-05,0.0,Approved
08194500,"Nueces Rv nr Tilden, TX",DJF2016,2015-16 El Nino,2016-02-12,7.21,Approved
08194500,"Nueces Rv nr Tilden, TX",DJF2016,2015-16 El Nino,2015-09-20,31.1,Approved
08194500,"Nueces Rv nr Tilden, TX",DJF2016,2015-16 El Nino,2015-12-18,1.44,Approved
08194500,"Nueces Rv nr Tilden, TX",DJF2016,2015-16 El Nino,2016-01-06,48.3,Approved
08194500,"Nueces Rv nr Tilden, TX",DJF2016,2015-16 El Nino,2016-01-05,49.7,Approved
08194500,"Nueces Rv nr Tilden, TX",DJF2016,2015-16 El Nino,2016-02-02,15.8,Approved
08194500,"Nueces Rv nr Tilden, TX",DJF2016,2015-16 El Nino,2016-02-07,10.9,Approved
08194500,"Nueces Rv nr Tilden, TX",DJF2016,2015-16 El Nino,2015-12-31,46.5,Approved
08194500,"Nueces Rv nr Tilden, TX",DJF2016,2015-16 El Nino,2015-12-06,7.57,Approved
08194500,"Nueces Rv nr Tilden, TX",DJF2016,2015-16 El Nino,2015-10-16,5.36,Approved
08194500,"Nueces Rv nr Tilden, TX",DJF2016,2015-16 El Nino,2016-02-04,14.3,Approved
08194500,"Nueces Rv nr Tilden, TX",DJF2016,2015-16 El Nino,2015-12-22,30.3,Approved
08194500,"Nueces Rv nr Tilden, TX",DJF2016,2015-16 El Nino,2015-09-15,130.0,Approved
08194500,"Nueces Rv nr Tilden, TX",DJF2016,2015-16 El Nino,2015-10-09,0.17,Approved
08194500,"Nueces Rv nr Tilden, TX",DJF2016,2015-16 El Nino,2015-12-19,1.03,Approved
08194500,"Nueces Rv nr Tilden, TX",DJF2016,2015-16 El Nino,2015-11-30,18.1,Approved
08194500,"Nueces Rv nr Tilden, TX",DJF2016,2015-16 El Nino,2015-12-02,14.5,Approved
08194500,"Nueces Rv nr Tilden, TX",DJF2016,2015-16 El Nino,2015-10-06,0.0,Approved
08194500,"Nueces Rv nr Tilden, TX",DJF2016,2015-16 El Nino,2016-02-11,7.89,Approved
08194500,"Nueces Rv nr Tilden, TX",DJF2016,2015-16 El Nino,2015-10-29,682.0,Approved
08194500,"Nueces Rv nr Tilden, TX",DJF2016,2015-16 El Nino,2016-02-25,0.75,Approved
08194500,"Nueces Rv nr Tilden, TX",DJF2016,2015-16 El Nino,2015-12-30,45.6,Approved
08194500,"Nueces Rv nr Tilden, TX",DJF2016,2015-16 El Nino,2015-09-18,157.0,Approved
08194500,"Nueces Rv nr Tilden, TX",DJF2016,2015-16 El Nino,2015-11-11,17.3,Approved
08194500,"Nueces Rv nr Tilden, TX",DJF2016,2015-16 El Nino,2015-12-27,41.9,Approved
08194500,"Nueces Rv nr Tilden, TX",DJF2016,2015-16 El Nino,2015-09-01,0.0,Approved
08194500,"Nueces Rv nr Tilden, TX",DJF2016,2015-16 El Nino,2015-10-01,0.0,Approved
08194500,"Nueces Rv nr Tilden, TX",DJF2016,2015-16 El Nino,2015-11-25,46.4,Approved
08194500,"Nueces Rv nr Tilden, TX",DJF2016,2015-16 El Nino,2015-11-13,11.9,Approved
08194500,"Nueces Rv nr Tilden, TX",DJF2016,2015-16 El Nino,2015-10-27,998.0,Approved
08194500,"Nueces Rv nr Tilden, TX",DJF2016,2015-16 El Nino,2015-09-27,0.28,Approved
08194500,"Nueces Rv nr Tilden, TX",DJF2016,2015-16 El Nino,2015-09-07,0.0,Approved
08194500,"Nueces Rv nr Tilden, TX",DJF2016,2015-16 El Nino,2015-12-12,6.93,Approved
08194500,"Nueces Rv nr Tilden, TX",DJF2016,2015-16 El Nino,2015-11-28,24.7,Approved
08194500,"Nueces Rv nr Tilden, TX",DJF2016,2015-16 El Nino,2016-02-15,4.65,Approved
08194500,"Nueces Rv nr Tilden, TX",DJF2016,2015-16 El Nino,2016-02-10,8.56,Approved
08194500,"Nueces Rv nr Tilden, TX",DJF2016,2015-16 El Nino,2015-11-01,216.0,Approved
08194500,"Nueces Rv nr Tilden, TX",DJF2016,2015-16 El Nino,2015-11-21,147.0,Approved
08194500,"Nueces Rv nr Tilden, TX",DJF2016,2015-16 El Nino,2015-11-05,41.1,Approved
08194500,"Nueces Rv nr Tilden, TX",DJF2016,2015-16 El Nino,2016-01-15,39.8,Approved
08194500,"Nueces Rv nr Tilden, TX",DJF2016,2015-16 El Nino,2015-12-16,3.17,Approved
08194500,"Nueces Rv nr Tilden, TX",DJF2016,2015-16 El Nino,2015-10-15,14.0,Approved
08194500,"Nueces Rv nr Tilden, TX",DJF2016,2015-16 El Nino,2015-11-03,81.2,Approved
08194500,"Nueces Rv nr Tilden, TX",DJF2016,2015-16 El Nino,2016-02-18,2.84,Approved
08194500,"Nueces Rv nr Tilden, TX",DJF2016,2015-16 El Nino,2016-01-13,38.2,Approved
08194500,"Nueces Rv nr Tilden, TX",DJF2016,2015-16 El Nino,2015-10-14,24.2,Approved
08194500,"Nueces Rv nr Tilden, TX",DJF2016,2015-16 El Nino,2015-12-01,16.3,Approved
08194500,"Nueces Rv nr Tilden, TX",DJF2016,2015-16 El Nino,2015-10-13,0.61,Approved
08194500,"Nueces Rv nr Tilden, TX",DJF2016,2015-16 El Nino,2016-01-16,38.3,Approved
08194500,"Nueces Rv nr Tilden, TX",DJF2016,2015-16 El Nino,2015-11-22,110.0,Approved
08194500,"Nueces Rv nr Tilden, TX",DJF2016,2015-16 El Nino,2015-11-19,224.0,Approved
08194500,"Nueces Rv nr Tilden, TX",DJF2016,2015-16 El Nino,2016-02-21,2.37,Approved
08194500,"Nueces Rv nr Tilden, TX",DJF2016,2015-16 El Nino,2015-11-17,242.0,Approved
08194500,"Nueces Rv nr Tilden, TX",DJF2016,2015-16 El Nino,2015-11-27,28.1,Approved
08194500,"Nueces Rv nr Tilden, TX",DJF2016,2015-16 El Nino,2016-01-22,27.8,Approved
08194500,"Nueces Rv nr Tilden, TX",DJF2016,2015-16 El Nino,2015-11-12,14.6,Approved
08194500,"Nueces Rv nr Tilden, TX",DJF2016,2015-16 El Nino,2015-09-22,7.76,Approved
08194500,"Nueces Rv nr Tilden, TX",DJF2016,2015-16 El Nino,2016-02-29,0.3,Approved
08194500,"Nueces Rv nr Tilden, TX",DJF2016,2015-16 El Nino,2015-09-03,0.0,Approved
08194500,"Nueces Rv nr Tilden, TX",DJF2016,2015-16 El Nino,2016-01-02,53.4,Approved
08194500,"Nueces Rv nr Tilden, TX",DJF2016,2015-16 El Nino,2016-02-24,1.07,Approved
08194500,"Nueces Rv nr Tilden, TX",DJF2016,2015-16 El Nino,2015-09-26,0.39,Approved
08194500,"Nueces Rv nr Tilden, TX",DJF2016,2015-16 El Nino,2015-10-02,0.0,Approved
08194500,"Nueces Rv nr Tilden, TX",DJF2016,2015-16 El Nino,2016-02-16,3.75,Approved
08194500,"Nueces Rv nr Tilden, TX",DJF2016,2015-16 El Nino,2016-01-12,36.5,Approved
08194500,"Nueces Rv nr Tilden, TX",DJF2016,2015-16 El Nino,2015-09-12,0.0,Approved
08194500,"Nueces Rv nr Tilden, TX",DJF2016,2015-16 El Nino,2015-09-17,193.0,Approved
08194500,"Nueces Rv nr Tilden, TX",DJF2016,2015-16 El Nino,2015-12-23,36.0,Approved
08194500,"Nueces Rv nr Tilden, TX",DJF2016,2015-16 El Nino,2015-12-26,41.3,Approved
08194500,"Nueces Rv nr Tilden, TX",DJF2016,2015-16 El Nino,2015-12-25,40.2,Approved
08194500,"Nueces Rv nr Tilden, TX",DJF2016,2015-16 El Nino,2015-10-05,0.0,Approved
08194500,"Nueces Rv nr Tilden, TX",DJF2016,2015-16 El Nino,2015-12-15,4.31,Approved
08194500,"Nueces Rv nr Tilden, TX",DJF2016,2015-16 El Nino,2016-01-25,23.1,Approved
08194500,"Nueces Rv nr Tilden, TX",DJF2016,2015-16 El Nino,2015-11-09,21.2,Approved
08194500,"Nueces Rv nr Tilden, TX",DJF2016,2015-16 El Nino,2015-09-13,0.0,Approved
08194500,"Nueces Rv nr Tilden, TX",DJF2016,2015-16 El Nino,2015-10-17,1.82,Approved
08194500,"Nueces Rv nr Tilden, TX",DJF2016,2015-16 El Nino,2016-01-17,36.9,Approved
08194500,"Nueces Rv nr Tilden, TX",DJF2016,2015-16 El Nino,2016-02-03,15.0,Approved
08194500,"Nueces Rv nr Tilden, TX",DJF2016,2015-16 El Nino,2015-12-24,38.6,Approved
08194500,"Nueces Rv nr Tilden, TX",DJF2016,2015-16 El Nino,2016-01-21,29.8,Approved
08194500,"Nueces Rv nr Tilden, TX",DJF2016,2015-16 El Nino,2015-11-20,184.0,Approved
08194500,"Nueces Rv nr Tilden, TX",DJF2016,2015-16 El Nino,2015-12-17,2.23,Approved
08194500,"Nueces Rv nr Tilden, TX",DJF2016,2015-16 El Nino,2015-12-29,43.5,Approved
08194500,"Nueces Rv nr Tilden, TX",DJF2016,2015-16 El Nino,2015-09-28,0.12,Approved
08194500,"Nueces Rv nr Tilden, TX",DJF2016,2015-16 El Nino,2015-09-19,79.1,Approved
08194500,"Nueces Rv nr Tilden, TX",DJF2016,2015-16 El Nino,2015-09-25,0.72,Approved
08194500,"Nueces Rv nr Tilden, TX",DJF2016,2015-16 El Nino,2015-12-09,8.45,Approved
08194500,"Nueces Rv nr Tilden, TX",DJF2016,2015-16 El Nino,2015-10-20,484.0,Approved
08194500,"Nueces Rv nr Tilden, TX",DJF2016,2015-16 El Nino,2015-10-11,0.11,Approved
08194500,"Nueces Rv nr Tilden, TX",DJF2024,2023-24 El Nino,2023-10-05,0.01,Approved
08194500,"Nueces Rv nr Tilden, TX",DJF2024,2023-24 El Nino,2023-10-20,0.01,Approved
08194500,"Nueces Rv nr Tilden, TX",DJF2024,2023-24 El Nino,2023-09-29,0.01,Approved
08194500,"Nueces Rv nr Tilden, TX",DJF2024,2023-24 El Nino,2023-10-26,0.0,Approved
08194500,"Nueces Rv nr Tilden, TX",DJF2024,2023-24 El Nino,2023-09-19,66.0,Approved
08194500,"Nueces Rv nr Tilden, TX",DJF2024,2023-24 El Nino,2024-01-29,0.0,Approved
08194500,"Nueces Rv nr Tilden, TX",DJF2024,2023-24 El Nino,2023-09-03,590.0,Approved
08194500,"Nueces Rv nr Tilden, TX",DJF2024,2023-24 El Nino,2023-10-03,0.08,Approved
08194500,"Nueces Rv nr Tilden, TX",DJF2024,2023-24 El Nino,2024-01-09,0.0,Approved
08194500,"Nueces Rv nr Tilden, TX",DJF2024,2023-24 El Nino,2023-12-31,0.0,Approved
08194500,"Nueces Rv nr Tilden, TX",DJF2024,2023-24 El Nino,2024-02-20,0.0,Approved
08194500,"Nueces Rv nr Tilden, TX",DJF2024,2023-24 El Nino,2023-10-29,0.0,Approved
08194500,"Nueces Rv nr Tilden, TX",DJF2024,2023-24 El Nino,2023-10-28,0.0,Approved
08194500,"Nueces Rv nr Tilden, TX",DJF2024,2023-24 El Nino,2024-01-14,0.0,Approved
08194500,"Nueces Rv nr Tilden, TX",DJF2024,2023-24 El Nino,2023-11-10,0.0,Approved
08194500,"Nueces Rv nr Tilden, TX",DJF2024,2023-24 El Nino,2023-12-25,0.0,Approved
08194500,"Nueces Rv nr Tilden, TX",DJF2024,2023-24 El Nino,2023-09-12,23.2,Approved
08194500,"Nueces Rv nr Tilden, TX",DJF2024,2023-24 El Nino,2023-10-12,55.2,Approved
08194500,"Nueces Rv nr Tilden, TX",DJF2024,2023-24 El Nino,2024-01-19,0.0,Approved
08194500,"Nueces Rv nr Tilden, TX",DJF2024,2023-24 El Nino,2023-11-15,0.0,Approved
08194500,"Nueces Rv nr Tilden, TX",DJF2024,2023-24 El Nino,2023-12-30,0.0,Approved
08194500,"Nueces Rv nr Tilden, TX",DJF2024,2023-24 El Nino,2023-12-24,0.0,Approved
08194500,"Nueces Rv nr Tilden, TX",DJF2024,2023-24 El Nino,2023-11-01,0.0,Approved
08194500,"Nueces Rv nr Tilden, TX",DJF2024,2023-24 El Nino,2023-09-08,64.2,Approved
08194500,"Nueces Rv nr Tilden, TX",DJF2024,2023-24 El Nino,2023-12-17,0.0,Approved
08194500,"Nueces Rv nr Tilden, TX",DJF2024,2023-24 El Nino,2023-09-09,48.3,Approved
08194500,"Nueces Rv nr Tilden, TX",DJF2024,2023-24 El Nino,2024-01-06,0.0,Approved
08194500,"Nueces Rv nr Tilden, TX",DJF2024,2023-24 El Nino,2023-12-12,0.0,Approved
08194500,"Nueces Rv nr Tilden, TX",DJF2024,2023-24 El Nino,2024-01-27,0.0,Approved
08194500,"Nueces Rv nr Tilden, TX",DJF2024,2023-24 El Nino,2023-10-07,0.01,Approved
08194500,"Nueces Rv nr Tilden, TX",DJF2024,2023-24 El Nino,2024-01-28,0.0,Approved
08194500,"Nueces Rv nr Tilden, TX",DJF2024,2023-24 El Nino,2023-12-13,0.0,Approved
08194500,"Nueces Rv nr Tilden, TX",DJF2024,2023-24 El Nino,2024-02-25,0.0,Approved
08194500,"Nueces Rv nr Tilden, TX",DJF2024,2023-24 El Nino,2023-11-05,0.0,Approved
08194500,"Nueces Rv nr Tilden, TX",DJF2024,2023-24 El Nino,2024-01-03,0.0,Approved
08194500,"Nueces Rv nr Tilden, TX",DJF2024,2023-24 El Nino,2023-11-29,0.0,Approved
08194500,"Nueces Rv nr Tilden, TX",DJF2024,2023-24 El Nino,2023-11-17,0.0,Approved
08194500,"Nueces Rv nr Tilden, TX",DJF2024,2023-24 El Nino,2023-12-26,0.0,Approved
08194500,"Nueces Rv nr Tilden, TX",DJF2024,2023-24 El Nino,2024-01-05,0.0,Approved
08194500,"Nueces Rv nr Tilden, TX",DJF2024,2023-24 El Nino,2023-09-07,90.4,Approved
08194500,"Nueces Rv nr Tilden, TX",DJF2024,2023-24 El Nino,2024-01-24,0.0,Approved
08194500,"Nueces Rv nr Tilden, TX",DJF2024,2023-24 El Nino,2024-01-25,0.0,Approved
08194500,"Nueces Rv nr Tilden, TX",DJF2024,2023-24 El Nino,2023-11-21,0.0,Approved
08194500,"Nueces Rv nr Tilden, TX",DJF2024,2023-24 El Nino,2023-09-01,497.0,Approved
08194500,"Nueces Rv nr Tilden, TX",DJF2024,2023-24 El Nino,2023-11-23,0.0,Approved
08194500,"Nueces Rv nr Tilden, TX",DJF2024,2023-24 El Nino,2024-01-11,0.0,Approved
08194500,"Nueces Rv nr Tilden, TX",DJF2024,2023-24 El Nino,2023-12-20,0.0,Approved
08194500,"Nueces Rv nr Tilden, TX",DJF2024,2023-24 El Nino,2024-01-31,0.0,Approved
08194500,"Nueces Rv nr Tilden, TX",DJF2024,2023-24 El Nino,2024-02-18,0.0,Approved
08194500,"Nueces Rv nr Tilden, TX",DJF2024,2023-24 El Nino,2023-11-12,0.0,Approved
08194500,"Nueces Rv nr Tilden, TX",DJF2024,2023-24 El Nino,2023-09-18,30.3,Approved
08194500,"Nueces Rv nr Tilden, TX",DJF2024,2023-24 El Nino,2023-11-13,0.0,Approved
08194500,"Nueces Rv nr Tilden, TX",DJF2024,2023-24 El Nino,2024-02-21,0.0,Approved
08194500,"Nueces Rv nr Tilden, TX",DJF2024,2023-24 El Nino,2023-12-15,0.0,Approved
08194500,"Nueces Rv nr Tilden, TX",DJF2024,2023-24 El Nino,2023-10-01,0.01,Approved
08194500,"Nueces Rv nr Tilden, TX",DJF2024,2023-24 El Nino,2023-11-24,0.0,Approved
08194500,"Nueces Rv nr Tilden, TX",DJF2024,2023-24 El Nino,2023-11-26,0.0,Approved
08194500,"Nueces Rv nr Tilden, TX",DJF2024,2023-24 El Nino,2023-12-10,0.0,Approved
08194500,"Nueces Rv nr Tilden, TX",DJF2024,2023-24 El Nino,2024-02-24,0.0,Approved
08194500,"Nueces Rv nr Tilden, TX",DJF2024,2023-24 El Nino,2023-09-16,11.6,Approved
08194500,"Nueces Rv nr Tilden, TX",DJF2024,2023-24 El Nino,2023-09-28,0.01,Approved
08194500,"Nueces Rv nr Tilden, TX",DJF2024,2023-24 El Nino,2023-12-19,0.0,Approved
08194500,"Nueces Rv nr Tilden, TX",DJF2024,2023-24 El Nino,2023-12-01,0.0,Approved
08194500,"Nueces Rv nr Tilden, TX",DJF2024,2023-24 El Nino,2024-02-23,0.0,Approved
08194500,"Nueces Rv nr Tilden, TX",DJF2024,2023-24 El Nino,2023-11-28,0.0,Approved
08194500,"Nueces Rv nr Tilden, TX",DJF2024,2023-24 El Nino,2023-11-08,0.0,Approved
08194500,"Nueces Rv nr Tilden, TX",DJF2024,2023-24 El Nino,2024-01-17,0.0,Approved
08194500,"Nueces Rv nr Tilden, TX",DJF2024,2023-24 El Nino,2023-09-02,545.0,Approved
08194500,"Nueces Rv nr Tilden, TX",DJF2024,2023-24 El Nino,2023-10-21,0.01,Approved
08194500,"Nueces Rv nr Tilden, TX",DJF2024,2023-24 El Nino,2023-12-28,0.0,Approved
08194500,"Nueces Rv nr Tilden, TX",DJF2024,2023-24 El Nino,2023-11-09,0.0,Approved
08194500,"Nueces Rv nr Tilden, TX",DJF2024,2023-24 El Nino,2023-10-02,0.01,Approved
08194500,"Nueces Rv nr Tilden, TX",DJF2024,2023-24 El Nino,2023-10-30,0.0,Approved
08194500,"Nueces Rv nr Tilden, TX",DJF2024,2023-24 El Nino,2023-12-07,0.0,Approved
08194500,"Nueces Rv nr Tilden, TX",DJF2024,2023-24 El Nino,2024-01-18,0.0,Approved
08194500,"Nueces Rv nr Tilden, TX",DJF2024,2023-24 El Nino,2023-09-04,473.0,Approved
08194500,"Nueces Rv nr Tilden, TX",DJF2024,2023-24 El Nino,2024-02-28,0.0,Approved
08194500,"Nueces Rv nr Tilden, TX",DJF2024,2023-24 El Nino,2023-12-18,0.0,Approved
08194500,"Nueces Rv nr Tilden, TX",DJF2024,2023-24 El Nino,2024-02-11,0.0,Approved
08194500,"Nueces Rv nr Tilden, TX",DJF2024,2023-24 El Nino,2023-09-13,18.2,Approved
08194500,"Nueces Rv nr Tilden, TX",DJF2024,2023-24 El Nino,2023-11-27,0.0,Approved
08194500,"Nueces Rv nr Tilden, TX",DJF2024,2023-24 El Nino,2023-09-25,0.78,Approved
08194500,"Nueces Rv nr Tilden, TX",DJF2024,2023-24 El Nino,2024-02-07,0.0,Approved
08194500,"Nueces Rv nr Tilden, TX",DJF2024,2023-24 El Nino,2023-10-04,0.01,Approved
08194500,"Nueces Rv nr Tilden, TX",DJF2024,2023-24 El Nino,2023-11-22,0.0,Approved
08194500,"Nueces Rv nr Tilden, TX",DJF2024,2023-24 El Nino,2024-02-06,0.0,Approved
08194500,"Nueces Rv nr Tilden, TX",DJF2024,2023-24 El Nino,2023-10-06,0.01,Approved
08194500,"Nueces Rv nr Tilden, TX",DJF2024,2023-24 El Nino,2024-02-15,0.0,Approved
08194500,"Nueces Rv nr Tilden, TX",DJF2024,2023-24 El Nino,2023-10-27,0.0,Approved
08194500,"Nueces Rv nr Tilden, TX",DJF2024,2023-24 El Nino,2023-09-21,20.9,Approved
08194500,"Nueces Rv nr Tilden, TX",DJF2024,2023-24 El Nino,2023-09-14,13.3,Approved
08194500,"Nueces Rv nr Tilden, TX",DJF2024,2023-24 El Nino,2023-12-21,0.0,Approved
08194500,"Nueces Rv nr Tilden, TX",DJF2024,2023-24 El Nino,2023-11-20,0.0,Approved
08194500,"Nueces Rv nr Tilden, TX",DJF2024,2023-24 El Nino,2024-01-08,0.0,Approved
08194500,"Nueces Rv nr Tilden, TX",DJF2024,2023-24 El Nino,2024-01-04,0.0,Approved
08194500,"Nueces Rv nr Tilden, TX",DJF2024,2023-24 El Nino,2023-10-18,2.44,Approved
08194500,"Nueces Rv nr Tilden, TX",DJF2024,2023-24 El Nino,2023-10-24,0.0,Approved
08194500,"Nueces Rv nr Tilden, TX",DJF2024,2023-24 El Nino,2024-02-27,0.0,Approved
08194500,"Nueces Rv nr Tilden, TX",DJF2024,2023-24 El Nino,2023-09-20,38.0,Approved
08194500,"Nueces Rv nr Tilden, TX",DJF2024,2023-24 El Nino,2024-01-10,0.0,Approved
08194500,"Nueces Rv nr Tilden, TX",DJF2024,2023-24 El Nino,2023-12-08,0.0,Approved
08194500,"Nueces Rv nr Tilden, TX",DJF2024,2023-24 El Nino,2024-02-13,0.0,Approved
08194500,"Nueces Rv nr Tilden, TX",DJF2024,2023-24 El Nino,2024-01-15,0.0,Approved
08194500,"Nueces Rv nr Tilden, TX",DJF2024,2023-24 El Nino,2024-01-16,0.0,Approved
08194500,"Nueces Rv nr Tilden, TX",DJF2024,2023-24 El Nino,2024-02-29,0.0,Approved
08194500,"Nueces Rv nr Tilden, TX",DJF2024,2023-24 El Nino,2023-11-03,0.0,Approved
08194500,"Nueces Rv nr Tilden, TX",DJF2024,2023-24 El Nino,2023-11-14,0.0,Approved
08194500,"Nueces Rv nr Tilden, TX",DJF2024,2023-24 El Nino,2023-12-06,0.0,Approved
08194500,"Nueces Rv nr Tilden, TX",DJF2024,2023-24 El Nino,2024-02-09,0.0,Approved
08194500,"Nueces Rv nr Tilden, TX",DJF2024,2023-24 El Nino,2023-10-25,0.0,Approved
08194500,"Nueces Rv nr Tilden, TX",DJF2024,2023-24 El Nino,2024-02-14,0.0,Approved
08194500,"Nueces Rv nr Tilden, TX",DJF2024,2023-24 El Nino,2024-01-21,0.0,Approved
08194500,"Nueces Rv nr Tilden, TX",DJF2024,2023-24 El Nino,2024-01-22,0.0,Approved
08194500,"Nueces Rv nr Tilden, TX",DJF2024,2023-24 El Nino,2023-12-11,0.0,Approved
08194500,"Nueces Rv nr Tilden, TX",DJF2024,2023-24 El Nino,2023-09-30,0.01,Approved
08194500,"Nueces Rv nr Tilden, TX",DJF2024,2023-24 El Nino,2023-09-24,2.97,Approved
08194500,"Nueces Rv nr Tilden, TX",DJF2024,2023-24 El Nino,2024-02-08,0.0,Approved
08194500,"Nueces Rv nr Tilden, TX",DJF2024,2023-24 El Nino,2023-10-13,36.5,Approved
08194500,"Nueces Rv nr Tilden, TX",DJF2024,2023-24 El Nino,2023-09-27,0.02,Approved
08194500,"Nueces Rv nr Tilden, TX",DJF2024,2023-24 El Nino,2023-09-15,9.94,Approved
08194500,"Nueces Rv nr Tilden, TX",DJF2024,2023-24 El Nino,2023-09-05,218.0,Approved
08194500,"Nueces Rv nr Tilden, TX",DJF2024,2023-24 El Nino,2023-10-11,92.9,Approved
08194500,"Nueces Rv nr Tilden, TX",DJF2024,2023-24 El Nino,2024-01-07,0.0,Approved
08194500,"Nueces Rv nr Tilden, TX",DJF2024,2023-24 El Nino,2023-09-17,7.79,Approved
08194500,"Nueces Rv nr Tilden, TX",DJF2024,2023-24 El Nino,2024-01-20,0.0,Approved
08194500,"Nueces Rv nr Tilden, TX",DJF2024,2023-24 El Nino,2024-01-12,0.0,Approved
08194500,"Nueces Rv nr Tilden, TX",DJF2024,2023-24 El Nino,2024-02-04,0.0,Approved
08194500,"Nueces Rv nr Tilden, TX",DJF2024,2023-24 El Nino,2023-12-03,0.0,Approved
08194500,"Nueces Rv nr Tilden, TX",DJF2024,2023-24 El Nino,2023-10-16,9.33,Approved
08194500,"Nueces Rv nr Tilden, TX",DJF2024,2023-24 El Nino,2023-09-06,132.0,Approved
08194500,"Nueces Rv nr Tilden, TX",DJF2024,2023-24 El Nino,2024-01-01,0.0,Approved
08194500,"Nueces Rv nr Tilden, TX",DJF2024,2023-24 El Nino,2023-09-11,29.2,Approved
08194500,"Nueces Rv nr Tilden, TX",DJF2024,2023-24 El Nino,2023-10-17,5.42,Approved
08194500,"Nueces Rv nr Tilden, TX",DJF2024,2023-24 El Nino,2023-10-09,175.0,Approved
08194500,"Nueces Rv nr Tilden, TX",DJF2024,2023-24 El Nino,2023-11-25,0.0,Approved
08194500,"Nueces Rv nr Tilden, TX",DJF2024,2023-24 El Nino,2024-01-26,0.0,Approved
08194500,"Nueces Rv nr Tilden, TX",DJF2024,2023-24 El Nino,2023-12-09,0.0,Approved
08194500,"Nueces Rv nr Tilden, TX",DJF2024,2023-24 El Nino,2023-12-05,0.0,Approved
08194500,"Nueces Rv nr Tilden, TX",DJF2024,2023-24 El Nino,2024-02-12,0.0,Approved
08194500,"Nueces Rv nr Tilden, TX",DJF2024,2023-24 El Nino,2023-11-30,0.0,Approved
08194500,"Nueces Rv nr Tilden, TX",DJF2024,2023-24 El Nino,2024-01-13,0.0,Approved
08194500,"Nueces Rv nr Tilden, TX",DJF2024,2023-24 El Nino,2023-11-04,0.0,Approved
08194500,"Nueces Rv nr Tilden, TX",DJF2024,2023-24 El Nino,2023-11-16,0.0,Approved
08194500,"Nueces Rv nr Tilden, TX",DJF2024,2023-24 El Nino,2024-01-30,0.0,Approved
08194500,"Nueces Rv nr Tilden, TX",DJF2024,2023-24 El Nino,2023-11-19,0.0,Approved
08194500,"Nueces Rv nr Tilden, TX",DJF2024,2023-24 El Nino,2024-02-05,0.0,Approved
08194500,"Nueces Rv nr Tilden, TX",DJF2024,2023-24 El Nino,2023-11-11,0.0,Approved
08194500,"Nueces Rv nr Tilden, TX",DJF2024,2023-24 El Nino,2023-10-23,0.0,Approved
08194500,"Nueces Rv nr Tilden, TX",DJF2024,2023-24 El Nino,2023-09-10,37.1,Approved
08194500,"Nueces Rv nr Tilden, TX",DJF2024,2023-24 El Nino,2024-02-16,0.0,Approved
08194500,"Nueces Rv nr Tilden, TX",DJF2024,2023-24 El Nino,2023-09-23,6.45,Approved
08194500,"Nueces Rv nr Tilden, TX",DJF2024,2023-24 El Nino,2023-12-16,0.0,Approved
08194500,"Nueces Rv nr Tilden, TX",DJF2024,2023-24 El Nino,2023-12-02,0.0,Approved
08194500,"Nueces Rv nr Tilden, TX",DJF2024,2023-24 El Nino,2023-12-22,0.0,Approved
08194500,"Nueces Rv nr Tilden, TX",DJF2024,2023-24 El Nino,2024-02-02,0.0,Approved
08194500,"Nueces Rv nr Tilden, TX",DJF2024,2023-24 El Nino,2024-02-19,0.0,Approved
08194500,"Nueces Rv nr Tilden, TX",DJF2024,2023-24 El Nino,2023-10-31,0.0,Approved
08194500,"Nueces Rv nr Tilden, TX",DJF2024,2023-24 El Nino,2023-11-07,0.0,Approved
08194500,"Nueces Rv nr Tilden, TX",DJF2024,2023-24 El Nino,2023-10-22,0.0,Approved
08194500,"Nueces Rv nr Tilden, TX",DJF2024,2023-24 El Nino,2024-02-17,0.0,Approved
08194500,"Nueces Rv nr Tilden, TX",DJF2024,2023-24 El Nino,2023-11-18,0.0,Approved
08194500,"Nueces Rv nr Tilden, TX",DJF2024,2023-24 El Nino,2023-12-29,0.0,Approved
08194500,"Nueces Rv nr Tilden, TX",DJF2024,2023-24 El Nino,2023-10-14,24.7,Approved
08194500,"Nueces Rv nr Tilden, TX",DJF2024,2023-24 El Nino,2023-10-10,127.0,Approved
08194500,"Nueces Rv nr Tilden, TX",DJF2024,2023-24 El Nino,2023-10-15,16.1,Approved
08194500,"Nueces Rv nr Tilden, TX",DJF2024,2023-24 El Nino,2023-09-22,11.3,Approved
08194500,"Nueces Rv nr Tilden, TX",DJF2024,2023-24 El Nino,2024-02-26,0.0,Approved
08194500,"Nueces Rv nr Tilden, TX",DJF2024,2023-24 El Nino,2023-12-14,0.0,Approved
08194500,"Nueces Rv nr Tilden, TX",DJF2024,2023-24 El Nino,2024-01-02,0.0,Approved
08194500,"Nueces Rv nr Tilden, TX",DJF2024,2023-24 El Nino,2024-02-22,0.0,Approved
08194500,"Nueces Rv nr Tilden, TX",DJF2024,2023-24 El Nino,2023-10-08,40.7,Approved
08194500,"Nueces Rv nr Tilden, TX",DJF2024,2023-24 El Nino,2023-09-26,1.14,Approved
08194500,"Nueces Rv nr Tilden, TX",DJF2024,2023-24 El Nino,2023-11-06,0.0,Approved
08194500,"Nueces Rv nr Tilden, TX",DJF2024,2023-24 El Nino,2023-12-04,0.0,Approved
08194500,"Nueces Rv nr Tilden, TX",DJF2024,2023-24 El Nino,2023-10-19,0.38,Approved
08194500,"Nueces Rv nr Tilden, TX",DJF2024,2023-24 El Nino,2024-02-01,0.0,Approved
08194500,"Nueces Rv nr Tilden, TX",DJF2024,2023-24 El Nino,2024-02-03,0.0,Approved
08194500,"Nueces Rv nr Tilden, TX",DJF2024,2023-24 El Nino,2024-02-10,0.0,Approved
08194500,"Nueces Rv nr Tilden, TX",DJF2024,2023-24 El Nino,2024-01-23,0.0,Approved
08194500,"Nueces Rv nr Tilden, TX",DJF2024,2023-24 El Nino,2023-11-02,0.0,Approved
08194500,"Nueces Rv nr Tilden, TX",DJF2024,2023-24 El Nino,2023-12-23,0.0,Approved
08194500,"Nueces Rv nr Tilden, TX",DJF2024,2023-24 El Nino,2023-12-27,0.0,Approved
08178880,"Medina Rv at Bandera, TX",DJF1983,1982-83 El Nino,1982-11-12,26.9,Approved
08178880,"Medina Rv at Bandera, TX",DJF1983,1982-83 El Nino,1983-02-11,43.0,Approved
08178880,"Medina Rv at Bandera, TX",DJF1983,1982-83 El Nino,1982-12-11,45.8,Approved
08178880,"Medina Rv at Bandera, TX",DJF1983,1982-83 El Nino,1982-10-18,28.0,Approved
08178880,"Medina Rv at Bandera, TX",DJF1983,1982-83 El Nino,1982-10-20,26.1,Approved
08178880,"Medina Rv at Bandera, TX",DJF1983,1982-83 El Nino,1982-12-13,44.0,Approved
08178880,"Medina Rv at Bandera, TX",DJF1983,1982-83 El Nino,1982-11-30,59.9,Approved
08178880,"Medina Rv at Bandera, TX",DJF1983,1982-83 El Nino,1983-02-10,35.0,Approved
08178880,"Medina Rv at Bandera, TX",DJF1983,1982-83 El Nino,1982-10-09,49.0,Approved
08178880,"Medina Rv at Bandera, TX",DJF1983,1982-83 El Nino,1982-10-13,46.0,Approved
08178880,"Medina Rv at Bandera, TX",DJF1983,1982-83 El Nino,1983-01-09,35.0,Approved
08178880,"Medina Rv at Bandera, TX",DJF1983,1982-83 El Nino,1983-01-27,39.0,Approved
08178880,"Medina Rv at Bandera, TX",DJF1983,1982-83 El Nino,1983-01-02,43.0,Approved
08178880,"Medina Rv at Bandera, TX",DJF1983,1982-83 El Nino,1983-02-20,39.0,Approved
08178880,"Medina Rv at Bandera, TX",DJF1983,1982-83 El Nino,1982-10-12,39.0,Approved
08178880,"Medina Rv at Bandera, TX",DJF1983,1982-83 El Nino,1983-02-24,36.0,Approved
08178880,"Medina Rv at Bandera, TX",DJF1983,1982-83 El Nino,1982-10-27,26.0,Approved
08178880,"Medina Rv at Bandera, TX",DJF1983,1982-83 El Nino,1982-11-10,29.1,Approved
08178880,"Medina Rv at Bandera, TX",DJF1983,1982-83 El Nino,1982-11-20,28.2,Approved
08178880,"Medina Rv at Bandera, TX",DJF1983,1982-83 El Nino,1982-11-02,29.7,Approved
08178880,"Medina Rv at Bandera, TX",DJF1983,1982-83 El Nino,1983-02-01,37.2,Approved
08178880,"Medina Rv at Bandera, TX",DJF1983,1982-83 El Nino,1982-10-10,41.0,Approved
08178880,"Medina Rv at Bandera, TX",DJF1983,1982-83 El Nino,1982-10-07,43.0,Approved
08178880,"Medina Rv at Bandera, TX",DJF1983,1982-83 El Nino,1983-02-17,100.0,Approved
08178880,"Medina Rv at Bandera, TX",DJF1983,1982-83 El Nino,1982-10-28,26.0,Approved
08178880,"Medina Rv at Bandera, TX",DJF1983,1982-83 El Nino,1983-02-02,37.1,Approved
08178880,"Medina Rv at Bandera, TX",DJF1983,1982-83 El Nino,1983-02-04,30.0,Approved
08178880,"Medina Rv at Bandera, TX",DJF1983,1982-83 El Nino,1982-10-31,26.5,Approved
08178880,"Medina Rv at Bandera, TX",DJF1983,1982-83 El Nino,1982-12-23,37.1,Approved
08178880,"Medina Rv at Bandera, TX",DJF1983,1982-83 El Nino,1982-11-18,28.0,Approved
08178880,"Medina Rv at Bandera, TX",DJF1983,1982-83 El Nino,1983-01-01,37.0,Approved
08178880,"Medina Rv at Bandera, TX",DJF1983,1982-83 El Nino,1982-10-21,25.6,Approved
08178880,"Medina Rv at Bandera, TX",DJF1983,1982-83 El Nino,1983-01-31,37.7,Approved
08178880,"Medina Rv at Bandera, TX",DJF1983,1982-83 El Nino,1982-10-29,25.4,Approved
08178880,"Medina Rv at Bandera, TX",DJF1983,1982-83 El Nino,1982-11-08,29.1,Approved
08178880,"Medina Rv at Bandera, TX",DJF1983,1982-83 El Nino,1983-02-12,54.0,Approved
08178880,"Medina Rv at Bandera, TX",DJF1983,1982-83 El Nino,1982-10-03,31.0,Approved
08178880,"Medina Rv at Bandera, TX",DJF1983,1982-83 El Nino,1982-12-16,38.9,Approved
08178880,"Medina Rv at Bandera, TX",DJF1983,1982-83 El Nino,1982-11-15,26.0,Approved
08178880,"Medina Rv at Bandera, TX",DJF1983,1982-83 El Nino,1982-11-17,27.8,Approved
08178880,"Medina Rv at Bandera, TX",DJF1983,1982-83 El Nino,1983-01-14,30.0,Approved
08178880,"Medina Rv at Bandera, TX",DJF1983,1982-83 El Nino,1983-01-03,39.0,Approved
08178880,"Medina Rv at Bandera, TX",DJF1983,1982-83 El Nino,1983-01-16,33.0,Approved
08178880,"Medina Rv at Bandera, TX",DJF1983,1982-83 El Nino,1983-01-15,30.0,Approved
08178880,"Medina Rv at Bandera, TX",DJF1983,1982-83 El Nino,1983-01-30,37.2,Approved
08178880,"Medina Rv at Bandera, TX",DJF1983,1982-83 El Nino,1983-02-13,48.0,Approved
08178880,"Medina Rv at Bandera, TX",DJF1983,1982-83 El Nino,1982-12-03,45.5,Approved
08178880,"Medina Rv at Bandera, TX",DJF1983,1982-83 El Nino,1982-10-26,25.8,Approved
08178880,"Medina Rv at Bandera, TX",DJF1983,1982-83 El Nino,1982-12-09,40.9,Approved
08178880,"Medina Rv at Bandera, TX",DJF1983,1982-83 El Nino,1982-12-28,41.0,Approved
08178880,"Medina Rv at Bandera, TX",DJF1983,1982-83 El Nino,1982-11-01,26.0,Approved
08178880,"Medina Rv at Bandera, TX",DJF1983,1982-83 El Nino,1982-11-06,30.4,Approved
08178880,"Medina Rv at Bandera, TX",DJF1983,1982-83 El Nino,1982-10-05,34.0,Approved
08178880,"Medina Rv at Bandera, TX",DJF1983,1982-83 El Nino,1983-01-11,33.0,Approved
08178880,"Medina Rv at Bandera, TX",DJF1983,1982-83 El Nino,1982-12-01,53.5,Approved
08178880,"Medina Rv at Bandera, TX",DJF1983,1982-83 El Nino,1982-11-16,26.8,Approved
08178880,"Medina Rv at Bandera, TX",DJF1983,1982-83 El Nino,1982-11-24,30.9,Approved
08178880,"Medina Rv at Bandera, TX",DJF1983,1982-83 El Nino,1983-01-07,35.0,Approved
08178880,"Medina Rv at Bandera, TX",DJF1983,1982-83 El Nino,1983-02-16,66.0,Approved
08178880,"Medina Rv at Bandera, TX",DJF1983,1982-83 El Nino,1983-01-28,38.0,Approved
08178880,"Medina Rv at Bandera, TX",DJF1983,1982-83 El Nino,1983-02-22,39.0,Approved
08178880,"Medina Rv at Bandera, TX",DJF1983,1982-83 El Nino,1982-10-04,32.0,Approved
08178880,"Medina Rv at Bandera, TX",DJF1983,1982-83 El Nino,1983-02-05,45.0,Approved
08178880,"Medina Rv at Bandera, TX",DJF1983,1982-83 El Nino,1982-11-04,28.1,Approved
08178880,"Medina Rv at Bandera, TX",DJF1983,1982-83 El Nino,1983-02-08,34.0,Approved
08178880,"Medina Rv at Bandera, TX",DJF1983,1982-83 El Nino,1983-02-21,45.0,Approved
08178880,"Medina Rv at Bandera, TX",DJF1983,1982-83 El Nino,1982-12-17,39.5,Approved
08178880,"Medina Rv at Bandera, TX",DJF1983,1982-83 El Nino,1982-11-03,32.3,Approved
08178880,"Medina Rv at Bandera, TX",DJF1983,1982-83 El Nino,1983-01-10,34.0,Approved
08178880,"Medina Rv at Bandera, TX",DJF1983,1982-83 El Nino,1983-01-12,32.0,Approved
08178880,"Medina Rv at Bandera, TX",DJF1983,1982-83 El Nino,1982-12-27,40.3,Approved
08178880,"Medina Rv at Bandera, TX",DJF1983,1982-83 El Nino,1982-11-13,25.2,Approved
08178880,"Medina Rv at Bandera, TX",DJF1983,1982-83 El Nino,1983-02-14,37.0,Approved
08178880,"Medina Rv at Bandera, TX",DJF1983,1982-83 El Nino,1982-11-27,90.6,Approved
08178880,"Medina Rv at Bandera, TX",DJF1983,1982-83 El Nino,1982-10-11,35.0,Approved
08178880,"Medina Rv at Bandera, TX",DJF1983,1982-83 El Nino,1982-12-31,35.0,Approved
08178880,"Medina Rv at Bandera, TX",DJF1983,1982-83 El Nino,1982-11-09,28.7,Approved
08178880,"Medina Rv at Bandera, TX",DJF1983,1982-83 El Nino,1983-01-23,45.9,Approved
08178880,"Medina Rv at Bandera, TX",DJF1983,1982-83 El Nino,1982-10-14,37.0,Approved
08178880,"Medina Rv at Bandera, TX",DJF1983,1982-83 El Nino,1982-10-25,25.7,Approved
08178880,"Medina Rv at Bandera, TX",DJF1983,1982-83 El Nino,1983-01-26,40.0,Approved
08178880,"Medina Rv at Bandera, TX",DJF1983,1982-83 El Nino,1982-11-11,29.2,Approved
08178880,"Medina Rv at Bandera, TX",DJF1983,1982-83 El Nino,1982-11-14,26.1,Approved
08178880,"Medina Rv at Bandera, TX",DJF1983,1982-83 El Nino,1982-12-08,42.7,Approved
08178880,"Medina Rv at Bandera, TX",DJF1983,1982-83 El Nino,1982-11-22,29.0,Approved
08178880,"Medina Rv at Bandera, TX",DJF1983,1982-83 El Nino,1982-10-24,25.9,Approved
08178880,"Medina Rv at Bandera, TX",DJF1983,1982-83 El Nino,1982-10-23,26.2,Approved
08178880,"Medina Rv at Bandera, TX",DJF1983,1982-83 El Nino,1982-12-25,36.7,Approved
08178880,"Medina Rv at Bandera, TX",DJF1983,1982-83 El Nino,1982-10-06,37.0,Approved
08178880,"Medina Rv at Bandera, TX",DJF1983,1982-83 El Nino,1982-10-01,30.0,Approved
08178880,"Medina Rv at Bandera, TX",DJF1983,1982-83 El Nino,1983-02-06,39.0,Approved
08178880,"Medina Rv at Bandera, TX",DJF1983,1982-83 El Nino,1983-02-07,32.0,Approved
08178880,"Medina Rv at Bandera, TX",DJF1983,1982-83 El Nino,1983-01-22,47.3,Approved
08178880,"Medina Rv at Bandera, TX",DJF1983,1982-83 El Nino,1983-02-19,44.0,Approved
08178880,"Medina Rv at Bandera, TX",DJF1983,1982-83 El Nino,1982-11-05,30.3,Approved
08178880,"Medina Rv at Bandera, TX",DJF1983,1982-83 El Nino,1983-02-03,34.0,Approved
08178880,"Medina Rv at Bandera, TX",DJF1983,1982-83 El Nino,1982-12-12,45.2,Approved
08178880,"Medina Rv at Bandera, TX",DJF1983,1982-83 El Nino,1982-12-24,37.8,Approved
08178880,"Medina Rv at Bandera, TX",DJF1983,1982-83 El Nino,1982-12-26,36.1,Approved
08178880,"Medina Rv at Bandera, TX",DJF1983,1982-83 El Nino,1982-11-19,28.8,Approved
08178880,"Medina Rv at Bandera, TX",DJF1983,1982-83 El Nino,1982-12-05,47.1,Approved
08178880,"Medina Rv at Bandera, TX",DJF1983,1982-83 El Nino,1983-02-27,34.0,Approved
08178880,"Medina Rv at Bandera, TX",DJF1983,1982-83 El Nino,1982-11-07,29.9,Approved
08178880,"Medina Rv at Bandera, TX",DJF1983,1982-83 El Nino,1983-01-25,41.7,Approved
08178880,"Medina Rv at Bandera, TX",DJF1983,1982-83 El Nino,1982-12-10,45.4,Approved
08178880,"Medina Rv at Bandera, TX",DJF1983,1982-83 El Nino,1982-10-19,27.0,Approved
08178880,"Medina Rv at Bandera, TX",DJF1983,1982-83 El Nino,1983-02-26,34.0,Approved
08178880,"Medina Rv at Bandera, TX",DJF1983,1982-83 El Nino,1982-12-07,45.2,Approved
08178880,"Medina Rv at Bandera, TX",DJF1983,1982-83 El Nino,1983-01-24,43.4,Approved
08178880,"Medina Rv at Bandera, TX",DJF1983,1982-83 El Nino,1982-12-02,49.0,Approved
08178880,"Medina Rv at Bandera, TX",DJF1983,1982-83 El Nino,1982-11-23,29.6,Approved
08178880,"Medina Rv at Bandera, TX",DJF1983,1982-83 El Nino,1982-11-26,51.7,Approved
08178880,"Medina Rv at Bandera, TX",DJF1983,1982-83 El Nino,1982-12-18,39.3,Approved
08178880,"Medina Rv at Bandera, TX",DJF1983,1982-83 El Nino,1983-01-04,34.0,Approved
08178880,"Medina Rv at Bandera, TX",DJF1983,1982-83 El Nino,1983-02-09,38.0,Approved
08178880,"Medina Rv at Bandera, TX",DJF1983,1982-83 El Nino,1982-12-04,46.3,Approved
08178880,"Medina Rv at Bandera, TX",DJF1983,1982-83 El Nino,1983-01-21,48.0,Approved
08178880,"Medina Rv at Bandera, TX",DJF1983,1982-83 El Nino,1982-12-29,42.3,Approved
08178880,"Medina Rv at Bandera, TX",DJF1983,1982-83 El Nino,1983-02-18,70.0,Approved
08178880,"Medina Rv at Bandera, TX",DJF1983,1982-83 El Nino,1982-10-22,26.2,Approved
08178880,"Medina Rv at Bandera, TX",DJF1983,1982-83 El Nino,1982-12-14,42.2,Approved
08178880,"Medina Rv at Bandera, TX",DJF1983,1982-83 El Nino,1982-12-15,40.7,Approved
08178880,"Medina Rv at Bandera, TX",DJF1983,1982-83 El Nino,1982-12-19,38.4,Approved
08178880,"Medina Rv at Bandera, TX",DJF1983,1982-83 El Nino,1983-02-28,33.0,Approved
08178880,"Medina Rv at Bandera, TX",DJF1983,1982-83 El Nino,1982-12-06,45.8,Approved
08178880,"Medina Rv at Bandera, TX",DJF1983,1982-83 El Nino,1982-10-02,30.0,Approved
08178880,"Medina Rv at Bandera, TX",DJF1983,1982-83 El Nino,1983-01-20,42.1,Approved
08178880,"Medina Rv at Bandera, TX",DJF1983,1982-83 El Nino,1983-01-08,35.0,Approved
08178880,"Medina Rv at Bandera, TX",DJF1983,1982-83 El Nino,1982-11-28,99.9,Approved
08178880,"Medina Rv at Bandera, TX",DJF1983,1982-83 El Nino,1982-10-08,61.0,Approved
08178880,"Medina Rv at Bandera, TX",DJF1983,1982-83 El Nino,1982-12-30,39.0,Approved
08178880,"Medina Rv at Bandera, TX",DJF1983,1982-83 El Nino,1983-01-19,42.5,Approved
08178880,"Medina Rv at Bandera, TX",DJF1983,1982-83 El Nino,1982-12-20,37.7,Approved
08178880,"Medina Rv at Bandera, TX",DJF1983,1982-83 El Nino,1982-11-29,74.0,Approved
08178880,"Medina Rv at Bandera, TX",DJF1983,1982-83 El Nino,1983-01-17,38.1,Approved
08178880,"Medina Rv at Bandera, TX",DJF1983,1982-83 El Nino,1982-12-21,37.4,Approved
08178880,"Medina Rv at Bandera, TX",DJF1983,1982-83 El Nino,1983-02-25,35.0,Approved
08178880,"Medina Rv at Bandera, TX",DJF1983,1982-83 El Nino,1983-01-13,31.0,Approved
08178880,"Medina Rv at Bandera, TX",DJF1983,1982-83 El Nino,1983-01-05,32.0,Approved
08178880,"Medina Rv at Bandera, TX",DJF1983,1982-83 El Nino,1983-01-29,37.0,Approved
08178880,"Medina Rv at Bandera, TX",DJF1983,1982-83 El Nino,1982-10-30,25.5,Approved
08178880,"Medina Rv at Bandera, TX",DJF1983,1982-83 El Nino,1982-10-16,30.0,Approved
08178880,"Medina Rv at Bandera, TX",DJF1983,1982-83 El Nino,1982-10-17,29.0,Approved
08178880,"Medina Rv at Bandera, TX",DJF1983,1982-83 El Nino,1982-11-25,31.2,Approved
08178880,"Medina Rv at Bandera, TX",DJF1983,1982-83 El Nino,1983-02-15,47.0,Approved
08178880,"Medina Rv at Bandera, TX",DJF1983,1982-83 El Nino,1983-01-18,42.5,Approved
08178880,"Medina Rv at Bandera, TX",DJF1983,1982-83 El Nino,1982-11-21,28.7,Approved
08178880,"Medina Rv at Bandera, TX",DJF1983,1982-83 El Nino,1983-01-06,34.0,Approved
08178880,"Medina Rv at Bandera, TX",DJF1983,1982-83 El Nino,1982-10-15,33.0,Approved
08178880,"Medina Rv at Bandera, TX",DJF1983,1982-83 El Nino,1983-02-23,37.0,Approved
08178880,"Medina Rv at Bandera, TX",DJF1983,1982-83 El Nino,1982-12-22,37.1,Approved
08178880,"Medina Rv at Bandera, TX",DJF1998,1997-98 El Nino,1997-09-02,56.0,Approved
08178880,"Medina Rv at Bandera, TX",DJF1998,1997-98 El Nino,1997-10-23,64.0,Approved
08178880,"Medina Rv at Bandera, TX",DJF1998,1997-98 El Nino,1997-10-03,37.0,Approved
08178880,"Medina Rv at Bandera, TX",DJF1998,1997-98 El Nino,1998-01-28,51.0,Approved
08178880,"Medina Rv at Bandera, TX",DJF1998,1997-98 El Nino,1998-02-02,246.0,Approved
08178880,"Medina Rv at Bandera, TX",DJF1998,1997-98 El Nino,1998-01-17,63.0,Approved
08178880,"Medina Rv at Bandera, TX",DJF1998,1997-98 El Nino,1998-01-10,91.0,Approved
08178880,"Medina Rv at Bandera, TX",DJF1998,1997-98 El Nino,1997-12-12,48.0,Approved
08178880,"Medina Rv at Bandera, TX",DJF1998,1997-98 El Nino,1997-12-25,78.0,Approved
08178880,"Medina Rv at Bandera, TX",DJF1998,1997-98 El Nino,1997-11-08,48.0,Approved
08178880,"Medina Rv at Bandera, TX",DJF1998,1997-98 El Nino,1997-11-28,49.0,Approved
08178880,"Medina Rv at Bandera, TX",DJF1998,1997-98 El Nino,1997-11-06,50.0,Approved
08178880,"Medina Rv at Bandera, TX",DJF1998,1997-98 El Nino,1998-02-20,108.0,Approved
08178880,"Medina Rv at Bandera, TX",DJF1998,1997-98 El Nino,1997-10-10,67.0,Approved
08178880,"Medina Rv at Bandera, TX",DJF1998,1997-98 El Nino,1998-01-20,58.0,Approved
08178880,"Medina Rv at Bandera, TX",DJF1998,1997-98 El Nino,1997-11-29,49.0,Approved
08178880,"Medina Rv at Bandera, TX",DJF1998,1997-98 El Nino,1998-02-12,107.0,Approved
08178880,"Medina Rv at Bandera, TX",DJF1998,1997-98 El Nino,1997-12-30,59.0,Approved
08178880,"Medina Rv at Bandera, TX",DJF1998,1997-98 El Nino,1997-11-23,50.0,Approved
08178880,"Medina Rv at Bandera, TX",DJF1998,1997-98 El Nino,1997-10-31,55.0,Approved
08178880,"Medina Rv at Bandera, TX",DJF1998,1997-98 El Nino,1998-02-24,132.0,Approved
08178880,"Medina Rv at Bandera, TX",DJF1998,1997-98 El Nino,1997-12-16,46.0,Approved
08178880,"Medina Rv at Bandera, TX",DJF1998,1997-98 El Nino,1998-01-21,58.0,Approved
08178880,"Medina Rv at Bandera, TX",DJF1998,1997-98 El Nino,1998-02-15,113.0,Approved
08178880,"Medina Rv at Bandera, TX",DJF1998,1997-98 El Nino,1997-11-18,54.0,Approved
08178880,"Medina Rv at Bandera, TX",DJF1998,1997-98 El Nino,1997-12-09,51.0,Approved
08178880,"Medina Rv at Bandera, TX",DJF1998,1997-98 El Nino,1997-09-18,44.0,Approved
08178880,"Medina Rv at Bandera, TX",DJF1998,1997-98 El Nino,1997-11-19,53.0,Approved
08178880,"Medina Rv at Bandera, TX",DJF1998,1997-98 El Nino,1998-02-19,112.0,Approved
08178880,"Medina Rv at Bandera, TX",DJF1998,1997-98 El Nino,1998-02-21,109.0,Approved
08178880,"Medina Rv at Bandera, TX",DJF1998,1997-98 El Nino,1998-02-22,137.0,Approved
08178880,"Medina Rv at Bandera, TX",DJF1998,1997-98 El Nino,1998-01-01,56.0,Approved
08178880,"Medina Rv at Bandera, TX",DJF1998,1997-98 El Nino,1997-09-27,42.0,Approved
08178880,"Medina Rv at Bandera, TX",DJF1998,1997-98 El Nino,1997-09-01,57.0,Approved
08178880,"Medina Rv at Bandera, TX",DJF1998,1997-98 El Nino,1997-12-27,70.0,Approved
08178880,"Medina Rv at Bandera, TX",DJF1998,1997-98 El Nino,1998-01-14,71.0,Approved
08178880,"Medina Rv at Bandera, TX",DJF1998,1997-98 El Nino,1997-12-21,74.0,Approved
08178880,"Medina Rv at Bandera, TX",DJF1998,1997-98 El Nino,1998-01-13,74.0,Approved
08178880,"Medina Rv at Bandera, TX",DJF1998,1997-98 El Nino,1997-12-24,81.0,Approved
08178880,"Medina Rv at Bandera, TX",DJF1998,1997-98 El Nino,1997-11-07,49.0,Approved
08178880,"Medina Rv at Bandera, TX",DJF1998,1997-98 El Nino,1997-12-02,50.0,Approved
08178880,"Medina Rv at Bandera, TX",DJF1998,1997-98 El Nino,1997-09-13,50.0,Approved
08178880,"Medina Rv at Bandera, TX",DJF1998,1997-98 El Nino,1998-02-17,124.0,Approved
08178880,"Medina Rv at Bandera, TX",DJF1998,1997-98 El Nino,1998-02-06,138.0,Approved
08178880,"Medina Rv at Bandera, TX",DJF1998,1997-98 El Nino,1998-01-29,51.0,Approved
08178880,"Medina Rv at Bandera, TX",DJF1998,1997-98 El Nino,1997-09-04,62.0,Approved
08178880,"Medina Rv at Bandera, TX",DJF1998,1997-98 El Nino,1998-01-19,59.0,Approved
08178880,"Medina Rv at Bandera, TX",DJF1998,1997-98 El Nino,1997-12-31,57.0,Approved
08178880,"Medina Rv at Bandera, TX",DJF1998,1997-98 El Nino,1997-09-09,53.0,Approved
08178880,"Medina Rv at Bandera, TX",DJF1998,1997-98 El Nino,1997-10-22,63.0,Approved
08178880,"Medina Rv at Bandera, TX",DJF1998,1997-98 El Nino,1997-10-07,61.0,Approved
08178880,"Medina Rv at Bandera, TX",DJF1998,1997-98 El Nino,1998-01-09,104.0,Approved
08178880,"Medina Rv at Bandera, TX",DJF1998,1997-98 El Nino,1997-11-02,51.0,Approved
08178880,"Medina Rv at Bandera, TX",DJF1998,1997-98 El Nino,1997-11-04,50.0,Approved
08178880,"Medina Rv at Bandera, TX",DJF1998,1997-98 El Nino,1998-02-08,119.0,Approved
08178880,"Medina Rv at Bandera, TX",DJF1998,1997-98 El Nino,1997-10-28,57.0,Approved
08178880,"Medina Rv at Bandera, TX",DJF1998,1997-98 El Nino,1997-10-16,88.0,Approved
08178880,"Medina Rv at Bandera, TX",DJF1998,1997-98 El Nino,1997-10-11,80.0,Approved
08178880,"Medina Rv at Bandera, TX",DJF1998,1997-98 El Nino,1998-02-03,184.0,Approved
08178880,"Medina Rv at Bandera, TX",DJF1998,1997-98 El Nino,1998-02-07,126.0,Approved
08178880,"Medina Rv at Bandera, TX",DJF1998,1997-98 El Nino,1998-01-30,51.0,Approved
08178880,"Medina Rv at Bandera, TX",DJF1998,1997-98 El Nino,1997-09-29,40.0,Approved
08178880,"Medina Rv at Bandera, TX",DJF1998,1997-98 El Nino,1997-12-14,48.0,Approved
08178880,"Medina Rv at Bandera, TX",DJF1998,1997-98 El Nino,1997-10-12,109.0,Approved
08178880,"Medina Rv at Bandera, TX",DJF1998,1997-98 El Nino,1997-10-19,69.0,Approved
08178880,"Medina Rv at Bandera, TX",DJF1998,1997-98 El Nino,1998-01-15,67.0,Approved
08178880,"Medina Rv at Bandera, TX",DJF1998,1997-98 El Nino,1998-01-16,64.0,Approved
08178880,"Medina Rv at Bandera, TX",DJF1998,1997-98 El Nino,1997-12-08,53.0,Approved
08178880,"Medina Rv at Bandera, TX",DJF1998,1997-98 El Nino,1997-11-03,50.0,Approved
08178880,"Medina Rv at Bandera, TX",DJF1998,1997-98 El Nino,1997-12-22,74.0,Approved
08178880,"Medina Rv at Bandera, TX",DJF1998,1997-98 El Nino,1998-01-02,56.0,Approved
08178880,"Medina Rv at Bandera, TX",DJF1998,1997-98 El Nino,1997-10-06,39.0,Approved
08178880,"Medina Rv at Bandera, TX",DJF1998,1997-98 El Nino,1997-12-26,77.0,Approved
08178880,"Medina Rv at Bandera, TX",DJF1998,1997-98 El Nino,1997-09-26,42.0,Approved
08178880,"Medina Rv at Bandera, TX",DJF1998,1997-98 El Nino,1997-11-21,52.0,Approved
08178880,"Medina Rv at Bandera, TX",DJF1998,1997-98 El Nino,1997-10-30,56.0,Approved
08178880,"Medina Rv at Bandera, TX",DJF1998,1997-98 El Nino,1997-10-09,69.0,Approved
08178880,"Medina Rv at Bandera, TX",DJF1998,1997-98 El Nino,1997-11-14,63.0,Approved
08178880,"Medina Rv at Bandera, TX",DJF1998,1997-98 El Nino,1997-11-16,56.0,Approved
08178880,"Medina Rv at Bandera, TX",DJF1998,1997-98 El Nino,1997-12-07,52.0,Approved
08178880,"Medina Rv at Bandera, TX",DJF1998,1997-98 El Nino,1998-01-05,55.0,Approved
08178880,"Medina Rv at Bandera, TX",DJF1998,1997-98 El Nino,1997-10-17,79.0,Approved
08178880,"Medina Rv at Bandera, TX",DJF1998,1997-98 El Nino,1997-09-07,56.0,Approved
08178880,"Medina Rv at Bandera, TX",DJF1998,1997-98 El Nino,1998-02-16,120.0,Approved
08178880,"Medina Rv at Bandera, TX",DJF1998,1997-98 El Nino,1998-01-11,83.0,Approved
08178880,"Medina Rv at Bandera, TX",DJF1998,1997-98 El Nino,1997-09-08,55.0,Approved
08178880,"Medina Rv at Bandera, TX",DJF1998,1997-98 El Nino,1998-02-25,149.0,Approved
08178880,"Medina Rv at Bandera, TX",DJF1998,1997-98 El Nino,1998-02-09,113.0,Approved
08178880,"Medina Rv at Bandera, TX",DJF1998,1997-98 El Nino,1998-02-23,142.0,Approved
08178880,"Medina Rv at Bandera, TX",DJF1998,1997-98 El Nino,1997-09-21,42.0,Approved
08178880,"Medina Rv at Bandera, TX",DJF1998,1997-98 El Nino,1998-02-11,109.0,Approved
08178880,"Medina Rv at Bandera, TX",DJF1998,1997-98 El Nino,1997-10-14,121.0,Approved
08178880,"Medina Rv at Bandera, TX",DJF1998,1997-98 El Nino,1997-10-08,69.0,Approved
08178880,"Medina Rv at Bandera, TX",DJF1998,1997-98 El Nino,1997-12-06,52.0,Approved
08178880,"Medina Rv at Bandera, TX",DJF1998,1997-98 El Nino,1998-01-25,55.0,Approved
08178880,"Medina Rv at Bandera, TX",DJF1998,1997-98 El Nino,1997-12-23,75.0,Approved
08178880,"Medina Rv at Bandera, TX",DJF1998,1997-98 El Nino,1997-10-26,59.0,Approved
08178880,"Medina Rv at Bandera, TX",DJF1998,1997-98 El Nino,1998-01-23,56.0,Approved
08178880,"Medina Rv at Bandera, TX",DJF1998,1997-98 El Nino,1997-09-03,55.0,Approved
08178880,"Medina Rv at Bandera, TX",DJF1998,1997-98 El Nino,1997-10-18,74.0,Approved
08178880,"Medina Rv at Bandera, TX",DJF1998,1997-98 El Nino,1997-11-11,50.0,Approved
08178880,"Medina Rv at Bandera, TX",DJF1998,1997-98 El Nino,1997-09-15,48.0,Approved
08178880,"Medina Rv at Bandera, TX",DJF1998,1997-98 El Nino,1998-02-10,112.0,Approved
08178880,"Medina Rv at Bandera, TX",DJF1998,1997-98 El Nino,1998-01-18,61.0,Approved
08178880,"Medina Rv at Bandera, TX",DJF1998,1997-98 El Nino,1997-11-13,63.0,Approved
08178880,"Medina Rv at Bandera, TX",DJF1998,1997-98 El Nino,1998-01-04,55.0,Approved
08178880,"Medina Rv at Bandera, TX",DJF1998,1997-98 El Nino,1997-12-04,53.0,Approved
08178880,"Medina Rv at Bandera, TX",DJF1998,1997-98 El Nino,1997-12-29,63.0,Approved
08178880,"Medina Rv at Bandera, TX",DJF1998,1997-98 El Nino,1997-10-05,37.0,Approved
08178880,"Medina Rv at Bandera, TX",DJF1998,1997-98 El Nino,1997-11-22,50.0,Approved
08178880,"Medina Rv at Bandera, TX",DJF1998,1997-98 El Nino,1997-11-17,55.0,Approved
08178880,"Medina Rv at Bandera, TX",DJF1998,1997-98 El Nino,1997-11-25,49.0,Approved
08178880,"Medina Rv at Bandera, TX",DJF1998,1997-98 El Nino,1997-12-11,48.0,Approved
08178880,"Medina Rv at Bandera, TX",DJF1998,1997-98 El Nino,1997-11-12,63.0,Approved
08178880,"Medina Rv at Bandera, TX",DJF1998,1997-98 El Nino,1997-09-30,39.0,Approved
08178880,"Medina Rv at Bandera, TX",DJF1998,1997-98 El Nino,1997-11-05,50.0,Approved
08178880,"Medina Rv at Bandera, TX",DJF1998,1997-98 El Nino,1998-01-26,54.0,Approved
08178880,"Medina Rv at Bandera, TX",DJF1998,1997-98 El Nino,1998-02-01,444.0,Approved
08178880,"Medina Rv at Bandera, TX",DJF1998,1997-98 El Nino,1997-11-30,49.0,Approved
08178880,"Medina Rv at Bandera, TX",DJF1998,1997-98 El Nino,1997-12-13,48.0,Approved
08178880,"Medina Rv at Bandera, TX",DJF1998,1997-98 El Nino,1997-12-15,47.0,Approved
08178880,"Medina Rv at Bandera, TX",DJF1998,1997-98 El Nino,1998-02-13,104.0,Approved
08178880,"Medina Rv at Bandera, TX",DJF1998,1997-98 El Nino,1997-10-29,55.0,Approved
08178880,"Medina Rv at Bandera, TX",DJF1998,1997-98 El Nino,1997-09-20,42.0,Approved
08178880,"Medina Rv at Bandera, TX",DJF1998,1997-98 El Nino,1998-01-08,127.0,Approved
08178880,"Medina Rv at Bandera, TX",DJF1998,1997-98 El Nino,1997-09-11,52.0,Approved
08178880,"Medina Rv at Bandera, TX",DJF1998,1997-98 El Nino,1997-12-18,45.0,Approved
08178880,"Medina Rv at Bandera, TX",DJF1998,1997-98 El Nino,1998-02-27,131.0,Approved
08178880,"Medina Rv at Bandera, TX",DJF1998,1997-98 El Nino,1997-11-01,53.0,Approved
08178880,"Medina Rv at Bandera, TX",DJF1998,1997-98 El Nino,1997-11-20,53.0,Approved
08178880,"Medina Rv at Bandera, TX",DJF1998,1997-98 El Nino,1997-10-04,37.0,Approved
08178880,"Medina Rv at Bandera, TX",DJF1998,1997-98 El Nino,1997-12-19,45.0,Approved
08178880,"Medina Rv at Bandera, TX",DJF1998,1997-98 El Nino,1998-01-22,58.0,Approved
08178880,"Medina Rv at Bandera, TX",DJF1998,1997-98 El Nino,1997-12-01,49.0,Approved
08178880,"Medina Rv at Bandera, TX",DJF1998,1997-98 El Nino,1998-02-18,117.0,Approved
08178880,"Medina Rv at Bandera, TX",DJF1998,1997-98 El Nino,1997-12-17,46.0,Approved
08178880,"Medina Rv at Bandera, TX",DJF1998,1997-98 El Nino,1997-12-05,53.0,Approved
08178880,"Medina Rv at Bandera, TX",DJF1998,1997-98 El Nino,1998-02-28,123.0,Approved
08178880,"Medina Rv at Bandera, TX",DJF1998,1997-98 El Nino,1997-10-01,38.0,Approved
08178880,"Medina Rv at Bandera, TX",DJF1998,1997-98 El Nino,1997-10-15,100.0,Approved
08178880,"Medina Rv at Bandera, TX",DJF1998,1997-98 El Nino,1998-02-26,162.0,Approved
08178880,"Medina Rv at Bandera, TX",DJF1998,1997-98 El Nino,1997-09-25,43.0,Approved
08178880,"Medina Rv at Bandera, TX",DJF1998,1997-98 El Nino,1997-10-25,62.0,Approved
08178880,"Medina Rv at Bandera, TX",DJF1998,1997-98 El Nino,1998-01-12,79.0,Approved
08178880,"Medina Rv at Bandera, TX",DJF1998,1997-98 El Nino,1997-12-20,53.0,Approved
08178880,"Medina Rv at Bandera, TX",DJF1998,1997-98 El Nino,1997-11-09,48.0,Approved
08178880,"Medina Rv at Bandera, TX",DJF1998,1997-98 El Nino,1997-09-17,45.0,Approved
08178880,"Medina Rv at Bandera, TX",DJF1998,1997-98 El Nino,1998-01-27,52.0,Approved
08178880,"Medina Rv at Bandera, TX",DJF1998,1997-98 El Nino,1997-09-05,59.0,Approved
08178880,"Medina Rv at Bandera, TX",DJF1998,1997-98 El Nino,1998-01-24,55.0,Approved
08178880,"Medina Rv at Bandera, TX",DJF1998,1997-98 El Nino,1997-09-22,46.0,Approved
08178880,"Medina Rv at Bandera, TX",DJF1998,1997-98 El Nino,1997-09-14,49.0,Approved
08178880,"Medina Rv at Bandera, TX",DJF1998,1997-98 El Nino,1997-12-28,67.0,Approved
08178880,"Medina Rv at Bandera, TX",DJF1998,1997-98 El Nino,1997-12-03,53.0,Approved
08178880,"Medina Rv at Bandera, TX",DJF1998,1997-98 El Nino,1997-09-16,47.0,Approved
08178880,"Medina Rv at Bandera, TX",DJF1998,1997-98 El Nino,1997-10-02,38.0,Approved
08178880,"Medina Rv at Bandera, TX",DJF1998,1997-98 El Nino,1997-09-19,43.0,Approved
08178880,"Medina Rv at Bandera, TX",DJF1998,1997-98 El Nino,1997-09-24,44.0,Approved
08178880,"Medina Rv at Bandera, TX",DJF1998,1997-98 El Nino,1998-02-05,146.0,Approved
08178880,"Medina Rv at Bandera, TX",DJF1998,1997-98 El Nino,1997-10-13,148.0,Approved
08178880,"Medina Rv at Bandera, TX",DJF1998,1997-98 El Nino,1997-09-28,41.0,Approved
08178880,"Medina Rv at Bandera, TX",DJF1998,1997-98 El Nino,1998-02-14,113.0,Approved
08178880,"Medina Rv at Bandera, TX",DJF1998,1997-98 El Nino,1997-10-24,64.0,Approved
08178880,"Medina Rv at Bandera, TX",DJF1998,1997-98 El Nino,1997-11-15,59.0,Approved
08178880,"Medina Rv at Bandera, TX",DJF1998,1997-98 El Nino,1997-09-06,58.0,Approved
08178880,"Medina Rv at Bandera, TX",DJF1998,1997-98 El Nino,1997-09-23,47.0,Approved
08178880,"Medina Rv at Bandera, TX",DJF1998,1997-98 El Nino,1997-11-24,49.0,Approved
08178880,"Medina Rv at Bandera, TX",DJF1998,1997-98 El Nino,1998-01-31,573.0,Approved
08178880,"Medina Rv at Bandera, TX",DJF1998,1997-98 El Nino,1998-01-07,150.0,Approved
08178880,"Medina Rv at Bandera, TX",DJF1998,1997-98 El Nino,1997-10-27,58.0,Approved
08178880,"Medina Rv at Bandera, TX",DJF1998,1997-98 El Nino,1997-11-27,49.0,Approved
08178880,"Medina Rv at Bandera, TX",DJF1998,1997-98 El Nino,1997-10-20,66.0,Approved
08178880,"Medina Rv at Bandera, TX",DJF1998,1997-98 El Nino,1997-12-10,50.0,Approved
08178880,"Medina Rv at Bandera, TX",DJF1998,1997-98 El Nino,1997-11-26,49.0,Approved
08178880,"Medina Rv at Bandera, TX",DJF1998,1997-98 El Nino,1998-01-03,55.0,Approved
08178880,"Medina Rv at Bandera, TX",DJF1998,1997-98 El Nino,1998-01-06,66.0,Approved
08178880,"Medina Rv at Bandera, TX",DJF1998,1997-98 El Nino,1997-09-12,51.0,Approved
08178880,"Medina Rv at Bandera, TX",DJF1998,1997-98 El Nino,1997-10-21,64.0,Approved
08178880,"Medina Rv at Bandera, TX",DJF1998,1997-98 El Nino,1997-09-10,53.0,Approved
08178880,"Medina Rv at Bandera, TX",DJF1998,1997-98 El Nino,1998-02-04,155.0,Approved
08178880,"Medina Rv at Bandera, TX",DJF1998,1997-98 El Nino,1997-11-10,49.0,Approved
08178880,"Medina Rv at Bandera, TX",DJF2016,2015-16 El Nino,2015-11-24,49.0,Approved
08178880,"Medina Rv at Bandera, TX",DJF2016,2015-16 El Nino,2016-01-13,116.0,Approved
08178880,"Medina Rv at Bandera, TX",DJF2016,2015-16 El Nino,2015-11-11,65.1,Approved
08178880,"Medina Rv at Bandera, TX",DJF2016,2015-16 El Nino,2015-12-20,140.0,Approved
08178880,"Medina Rv at Bandera, TX",DJF2016,2015-16 El Nino,2015-11-15,54.1,Approved
08178880,"Medina Rv at Bandera, TX",DJF2016,2015-16 El Nino,2015-11-01,86.7,Approved
08178880,"Medina Rv at Bandera, TX",DJF2016,2015-16 El Nino,2015-11-17,54.5,Approved
08178880,"Medina Rv at Bandera, TX",DJF2016,2015-16 El Nino,2015-09-01,33.5,Approved
08178880,"Medina Rv at Bandera, TX",DJF2016,2015-16 El Nino,2016-02-27,71.0,Approved
08178880,"Medina Rv at Bandera, TX",DJF2016,2015-16 El Nino,2015-10-01,20.4,Approved
08178880,"Medina Rv at Bandera, TX",DJF2016,2015-16 El Nino,2015-11-29,374.0,Approved
08178880,"Medina Rv at Bandera, TX",DJF2016,2015-16 El Nino,2015-09-03,35.0,Approved
08178880,"Medina Rv at Bandera, TX",DJF2016,2015-16 El Nino,2016-02-12,70.3,Approved
08178880,"Medina Rv at Bandera, TX",DJF2016,2015-16 El Nino,2016-02-11,71.8,Approved
08178880,"Medina Rv at Bandera, TX",DJF2016,2015-16 El Nino,2015-10-22,30.1,Approved
08178880,"Medina Rv at Bandera, TX",DJF2016,2015-16 El Nino,2016-02-23,95.1,Approved
08178880,"Medina Rv at Bandera, TX",DJF2016,2015-16 El Nino,2016-02-16,67.2,Approved
08178880,"Medina Rv at Bandera, TX",DJF2016,2015-16 El Nino,2015-09-05,29.1,Approved
08178880,"Medina Rv at Bandera, TX",DJF2016,2015-16 El Nino,2015-09-15,26.8,Approved
08178880,"Medina Rv at Bandera, TX",DJF2016,2015-16 El Nino,2016-01-17,108.0,Approved
08178880,"Medina Rv at Bandera, TX",DJF2016,2015-16 El Nino,2015-11-22,47.0,Approved
08178880,"Medina Rv at Bandera, TX",DJF2016,2015-16 El Nino,2015-12-28,141.0,Approved
08178880,"Medina Rv at Bandera, TX",DJF2016,2015-16 El Nino,2015-12-16,174.0,Approved
08178880,"Medina Rv at Bandera, TX",DJF2016,2015-16 El Nino,2015-10-14,24.3,Approved
08178880,"Medina Rv at Bandera, TX",DJF2016,2015-16 El Nino,2015-10-03,20.1,Approved
08178880,"Medina Rv at Bandera, TX",DJF2016,2015-16 El Nino,2015-11-07,74.3,Approved
08178880,"Medina Rv at Bandera, TX",DJF2016,2015-16 El Nino,2016-02-29,68.9,Approved
08178880,"Medina Rv at Bandera, TX",DJF2016,2015-16 El Nino,2015-10-09,27.1,Approved
08178880,"Medina Rv at Bandera, TX",DJF2016,2015-16 El Nino,2016-01-15,114.0,Approved
08178880,"Medina Rv at Bandera, TX",DJF2016,2015-16 El Nino,2015-09-13,26.3,Approved
08178880,"Medina Rv at Bandera, TX",DJF2016,2015-16 El Nino,2015-11-14,54.6,Approved
08178880,"Medina Rv at Bandera, TX",DJF2016,2015-16 El Nino,2015-11-06,82.8,Approved
08178880,"Medina Rv at Bandera, TX",DJF2016,2015-16 El Nino,2016-02-28,70.1,Approved
08178880,"Medina Rv at Bandera, TX",DJF2016,2015-16 El Nino,2015-12-09,97.0,Approved
08178880,"Medina Rv at Bandera, TX",DJF2016,2015-16 El Nino,2015-12-25,122.0,Approved
08178880,"Medina Rv at Bandera, TX",DJF2016,2015-16 El Nino,2015-11-25,50.0,Approved
08178880,"Medina Rv at Bandera, TX",DJF2016,2015-16 El Nino,2015-09-11,27.5,Approved
08178880,"Medina Rv at Bandera, TX",DJF2016,2015-16 El Nino,2015-11-08,68.1,Approved
08178880,"Medina Rv at Bandera, TX",DJF2016,2015-16 El Nino,2015-12-13,164.0,Approved
08178880,"Medina Rv at Bandera, TX",DJF2016,2015-16 El Nino,2015-09-06,28.9,Approved
08178880,"Medina Rv at Bandera, TX",DJF2016,2015-16 El Nino,2015-11-02,86.9,Approved
08178880,"Medina Rv at Bandera, TX",DJF2016,2015-16 El Nino,2015-10-23,32.7,Approved
08178880,"Medina Rv at Bandera, TX",DJF2016,2015-16 El Nino,2015-12-14,208.0,Approved
08178880,"Medina Rv at Bandera, TX",DJF2016,2015-16 El Nino,2016-01-22,102.0,Approved
08178880,"Medina Rv at Bandera, TX",DJF2016,2015-16 El Nino,2015-10-25,50.0,Approved
08178880,"Medina Rv at Bandera, TX",DJF2016,2015-16 El Nino,2015-11-19,52.8,Approved
08178880,"Medina Rv at Bandera, TX",DJF2016,2015-16 El Nino,2015-10-12,23.5,Approved
08178880,"Medina Rv at Bandera, TX",DJF2016,2015-16 El Nino,2016-02-13,69.3,Approved
08178880,"Medina Rv at Bandera, TX",DJF2016,2015-16 El Nino,2015-09-17,26.7,Approved
08178880,"Medina Rv at Bandera, TX",DJF2016,2015-16 El Nino,2016-01-29,93.5,Approved
08178880,"Medina Rv at Bandera, TX",DJF2016,2015-16 El Nino,2015-11-18,52.5,Approved
08178880,"Medina Rv at Bandera, TX",DJF2016,2015-16 El Nino,2015-10-26,98.5,Approved
08178880,"Medina Rv at Bandera, TX",DJF2016,2015-16 El Nino,2015-10-10,26.9,Approved
08178880,"Medina Rv at Bandera, TX",DJF2016,2015-16 El Nino,2016-02-01,88.2,Approved
08178880,"Medina Rv at Bandera, TX",DJF2016,2015-16 El Nino,2016-01-12,118.0,Approved
08178880,"Medina Rv at Bandera, TX",DJF2016,2015-16 El Nino,2015-10-15,24.7,Approved
08178880,"Medina Rv at Bandera, TX",DJF2016,2015-16 El Nino,2015-12-03,141.0,Approved
08178880,"Medina Rv at Bandera, TX",DJF2016,2015-16 El Nino,2015-11-20,52.0,Approved
08178880,"Medina Rv at Bandera, TX",DJF2016,2015-16 El Nino,2015-10-31,97.1,Approved
08178880,"Medina Rv at Bandera, TX",DJF2016,2015-16 El Nino,2015-10-08,20.7,Approved
08178880,"Medina Rv at Bandera, TX",DJF2016,2015-16 El Nino,2015-12-11,90.0,Approved
08178880,"Medina Rv at Bandera, TX",DJF2016,2015-16 El Nino,2015-10-02,20.0,Approved
08178880,"Medina Rv at Bandera, TX",DJF2016,2015-16 El Nino,2015-10-19,27.0,Approved
08178880,"Medina Rv at Bandera, TX",DJF2016,2015-16 El Nino,2016-01-03,136.0,Approved
08178880,"Medina Rv at Bandera, TX",DJF2016,2015-16 El Nino,2015-12-24,125.0,Approved
08178880,"Medina Rv at Bandera, TX",DJF2016,2015-16 El Nino,2016-01-21,106.0,Approved
08178880,"Medina Rv at Bandera, TX",DJF2016,2015-16 El Nino,2016-02-07,76.3,Approved
08178880,"Medina Rv at Bandera, TX",DJF2016,2015-16 El Nino,2015-12-18,150.0,Approved
08178880,"Medina Rv at Bandera, TX",DJF2016,2015-16 El Nino,2015-12-10,93.5,Approved
08178880,"Medina Rv at Bandera, TX",DJF2016,2015-16 El Nino,2015-10-05,20.4,Approved
08178880,"Medina Rv at Bandera, TX",DJF2016,2015-16 El Nino,2015-10-29,51.1,Approved
08178880,"Medina Rv at Bandera, TX",DJF2016,2015-16 El Nino,2016-02-25,84.5,Approved
08178880,"Medina Rv at Bandera, TX",DJF2016,2015-16 El Nino,2016-01-19,106.0,Approved
08178880,"Medina Rv at Bandera, TX",DJF2016,2015-16 El Nino,2015-10-24,62.0,Approved
08178880,"Medina Rv at Bandera, TX",DJF2016,2015-16 El Nino,2016-01-30,91.6,Approved
08178880,"Medina Rv at Bandera, TX",DJF2016,2015-16 El Nino,2015-09-16,26.9,Approved
08178880,"Medina Rv at Bandera, TX",DJF2016,2015-16 El Nino,2015-09-10,26.5,Approved
08178880,"Medina Rv at Bandera, TX",DJF2016,2015-16 El Nino,2015-12-07,106.0,Approved
08178880,"Medina Rv at Bandera, TX",DJF2016,2015-16 El Nino,2016-02-03,82.3,Approved
08178880,"Medina Rv at Bandera, TX",DJF2016,2015-16 El Nino,2015-10-28,63.7,Approved
08178880,"Medina Rv at Bandera, TX",DJF2016,2015-16 El Nino,2015-09-20,23.2,Approved
08178880,"Medina Rv at Bandera, TX",DJF2016,2015-16 El Nino,2016-02-08,75.4,Approved
08178880,"Medina Rv at Bandera, TX",DJF2016,2015-16 El Nino,2016-02-21,64.0,Approved
08178880,"Medina Rv at Bandera, TX",DJF2016,2015-16 El Nino,2015-10-13,24.6,Approved
08178880,"Medina Rv at Bandera, TX",DJF2016,2015-16 El Nino,2015-09-26,22.4,Approved
08178880,"Medina Rv at Bandera, TX",DJF2016,2015-16 El Nino,2015-10-04,20.0,Approved
08178880,"Medina Rv at Bandera, TX",DJF2016,2015-16 El Nino,2015-10-21,33.1,Approved
08178880,"Medina Rv at Bandera, TX",DJF2016,2015-16 El Nino,2015-12-04,127.0,Approved
08178880,"Medina Rv at Bandera, TX",DJF2016,2015-16 El Nino,2015-09-18,24.1,Approved
08178880,"Medina Rv at Bandera, TX",DJF2016,2015-16 El Nino,2015-12-22,133.0,Approved
08178880,"Medina Rv at Bandera, TX",DJF2016,2015-16 El Nino,2015-09-04,31.3,Approved
08178880,"Medina Rv at Bandera, TX",DJF2016,2015-16 El Nino,2015-09-30,21.0,Approved
08178880,"Medina Rv at Bandera, TX",DJF2016,2015-16 El Nino,2015-11-13,55.8,Approved
08178880,"Medina Rv at Bandera, TX",DJF2016,2015-16 El Nino,2016-01-01,119.0,Approved
08178880,"Medina Rv at Bandera, TX",DJF2016,2015-16 El Nino,2015-09-25,22.5,Approved
08178880,"Medina Rv at Bandera, TX",DJF2016,2015-16 El Nino,2016-01-18,107.0,Approved
08178880,"Medina Rv at Bandera, TX",DJF2016,2015-16 El Nino,2016-02-14,68.9,Approved
08178880,"Medina Rv at Bandera, TX",DJF2016,2015-16 El Nino,2016-02-24,91.2,Approved
08178880,"Medina Rv at Bandera, TX",DJF2016,2015-16 El Nino,2016-01-14,116.0,Approved
08178880,"Medina Rv at Bandera, TX",DJF2016,2015-16 El Nino,2015-11-03,75.6,Approved
08178880,"Medina Rv at Bandera, TX",DJF2016,2015-16 El Nino,2015-12-26,121.0,Approved
08178880,"Medina Rv at Bandera, TX",DJF2016,2015-16 El Nino,2016-01-23,99.8,Approved
08178880,"Medina Rv at Bandera, TX",DJF2016,2015-16 El Nino,2016-01-25,98.9,Approved
08178880,"Medina Rv at Bandera, TX",DJF2016,2015-16 El Nino,2015-09-19,22.6,Approved
08178880,"Medina Rv at Bandera, TX",DJF2016,2015-16 El Nino,2016-02-10,72.8,Approved
08178880,"Medina Rv at Bandera, TX",DJF2016,2015-16 El Nino,2016-02-22,63.9,Approved
08178880,"Medina Rv at Bandera, TX",DJF2016,2015-16 El Nino,2015-12-01,206.0,Approved
08178880,"Medina Rv at Bandera, TX",DJF2016,2015-16 El Nino,2015-10-06,20.8,Approved
08178880,"Medina Rv at Bandera, TX",DJF2016,2015-16 El Nino,2015-12-19,143.0,Approved
08178880,"Medina Rv at Bandera, TX",DJF2016,2015-16 El Nino,2015-10-16,25.3,Approved
08178880,"Medina Rv at Bandera, TX",DJF2016,2015-16 El Nino,2015-12-30,129.0,Approved
08178880,"Medina Rv at Bandera, TX",DJF2016,2015-16 El Nino,2016-02-06,77.9,Approved
08178880,"Medina Rv at Bandera, TX",DJF2016,2015-16 El Nino,2015-12-23,130.0,Approved
08178880,"Medina Rv at Bandera, TX",DJF2016,2015-16 El Nino,2015-11-26,51.5,Approved
08178880,"Medina Rv at Bandera, TX",DJF2016,2015-16 El Nino,2016-02-17,66.1,Approved
08178880,"Medina Rv at Bandera, TX",DJF2016,2015-16 El Nino,2015-09-08,26.8,Approved
08178880,"Medina Rv at Bandera, TX",DJF2016,2015-16 El Nino,2016-02-09,73.6,Approved
08178880,"Medina Rv at Bandera, TX",DJF2016,2015-16 El Nino,2015-12-15,194.0,Approved
08178880,"Medina Rv at Bandera, TX",DJF2016,2015-16 El Nino,2015-10-27,81.8,Approved
08178880,"Medina Rv at Bandera, TX",DJF2016,2015-16 El Nino,2015-11-23,48.6,Approved
08178880,"Medina Rv at Bandera, TX",DJF2016,2015-16 El Nino,2015-09-29,21.5,Approved
08178880,"Medina Rv at Bandera, TX",DJF2016,2015-16 El Nino,2015-09-21,23.7,Approved
08178880,"Medina Rv at Bandera, TX",DJF2016,2015-16 El Nino,2016-01-16,112.0,Approved
08178880,"Medina Rv at Bandera, TX",DJF2016,2015-16 El Nino,2015-12-08,100.0,Approved
08178880,"Medina Rv at Bandera, TX",DJF2016,2015-16 El Nino,2015-11-30,263.0,Approved
08178880,"Medina Rv at Bandera, TX",DJF2016,2015-16 El Nino,2015-09-22,23.3,Approved
08178880,"Medina Rv at Bandera, TX",DJF2016,2015-16 El Nino,2015-12-12,87.5,Approved
08178880,"Medina Rv at Bandera, TX",DJF2016,2015-16 El Nino,2015-09-07,28.0,Approved
08178880,"Medina Rv at Bandera, TX",DJF2016,2015-16 El Nino,2016-01-31,90.8,Approved
08178880,"Medina Rv at Bandera, TX",DJF2016,2015-16 El Nino,2016-02-18,64.6,Approved
08178880,"Medina Rv at Bandera, TX",DJF2016,2015-16 El Nino,2015-11-10,68.0,Approved
08178880,"Medina Rv at Bandera, TX",DJF2016,2015-16 El Nino,2016-01-26,96.1,Approved
08178880,"Medina Rv at Bandera, TX",DJF2016,2015-16 El Nino,2015-09-14,26.1,Approved
08178880,"Medina Rv at Bandera, TX",DJF2016,2015-16 El Nino,2015-09-28,21.5,Approved
08178880,"Medina Rv at Bandera, TX",DJF2016,2015-16 El Nino,2016-01-28,95.6,Approved
08178880,"Medina Rv at Bandera, TX",DJF2016,2015-16 El Nino,2015-10-07,20.6,Approved
08178880,"Medina Rv at Bandera, TX",DJF2016,2015-16 El Nino,2016-01-06,134.0,Approved
08178880,"Medina Rv at Bandera, TX",DJF2016,2015-16 El Nino,2016-01-04,139.0,Approved
08178880,"Medina Rv at Bandera, TX",DJF2016,2015-16 El Nino,2015-12-06,111.0,Approved
08178880,"Medina Rv at Bandera, TX",DJF2016,2015-16 El Nino,2015-10-17,25.8,Approved
08178880,"Medina Rv at Bandera, TX",DJF2016,2015-16 El Nino,2015-09-09,26.2,Approved
08178880,"Medina Rv at Bandera, TX",DJF2016,2015-16 El Nino,2016-02-04,79.7,Approved
08178880,"Medina Rv at Bandera, TX",DJF2016,2015-16 El Nino,2016-01-02,120.0,Approved
08178880,"Medina Rv at Bandera, TX",DJF2016,2015-16 El Nino,2016-01-20,105.0,Approved
08178880,"Medina Rv at Bandera, TX",DJF2016,2015-16 El Nino,2016-02-19,63.3,Approved
08178880,"Medina Rv at Bandera, TX",DJF2016,2015-16 El Nino,2015-09-23,22.9,Approved
08178880,"Medina Rv at Bandera, TX",DJF2016,2015-16 El Nino,2015-11-04,68.2,Approved
08178880,"Medina Rv at Bandera, TX",DJF2016,2015-16 El Nino,2016-01-05,134.0,Approved
08178880,"Medina Rv at Bandera, TX",DJF2016,2015-16 El Nino,2016-01-07,133.0,Approved
08178880,"Medina Rv at Bandera, TX",DJF2016,2015-16 El Nino,2015-11-16,54.0,Approved
08178880,"Medina Rv at Bandera, TX",DJF2016,2015-16 El Nino,2016-01-08,131.0,Approved
08178880,"Medina Rv at Bandera, TX",DJF2016,2015-16 El Nino,2015-09-27,21.5,Approved
08178880,"Medina Rv at Bandera, TX",DJF2016,2015-16 El Nino,2015-12-27,128.0,Approved
08178880,"Medina Rv at Bandera, TX",DJF2016,2015-16 El Nino,2015-09-24,22.5,Approved
08178880,"Medina Rv at Bandera, TX",DJF2016,2015-16 El Nino,2015-11-12,60.2,Approved
08178880,"Medina Rv at Bandera, TX",DJF2016,2015-16 El Nino,2015-11-09,69.3,Approved
08178880,"Medina Rv at Bandera, TX",DJF2016,2015-16 El Nino,2015-09-02,33.7,Approved
08178880,"Medina Rv at Bandera, TX",DJF2016,2015-16 El Nino,2016-02-20,63.8,Approved
08178880,"Medina Rv at Bandera, TX",DJF2016,2015-16 El Nino,2015-11-27,85.0,Approved
08178880,"Medina Rv at Bandera, TX",DJF2016,2015-16 El Nino,2016-01-11,119.0,Approved
08178880,"Medina Rv at Bandera, TX",DJF2016,2015-16 El Nino,2015-12-02,166.0,Approved
08178880,"Medina Rv at Bandera, TX",DJF2016,2015-16 El Nino,2016-02-26,75.7,Approved
08178880,"Medina Rv at Bandera, TX",DJF2016,2015-16 El Nino,2016-02-02,85.8,Approved
08178880,"Medina Rv at Bandera, TX",DJF2016,2015-16 El Nino,2016-01-27,96.7,Approved
08178880,"Medina Rv at Bandera, TX",DJF2016,2015-16 El Nino,2016-01-10,121.0,Approved
08178880,"Medina Rv at Bandera, TX",DJF2016,2015-16 El Nino,2015-09-12,27.0,Approved
08178880,"Medina Rv at Bandera, TX",DJF2016,2015-16 El Nino,2015-12-05,118.0,Approved
08178880,"Medina Rv at Bandera, TX",DJF2016,2015-16 El Nino,2015-12-29,136.0,Approved
08178880,"Medina Rv at Bandera, TX",DJF2016,2015-16 El Nino,2016-02-05,79.0,Approved
08178880,"Medina Rv at Bandera, TX",DJF2016,2015-16 El Nino,2015-12-21,137.0,Approved
08178880,"Medina Rv at Bandera, TX",DJF2016,2015-16 El Nino,2015-12-17,160.0,Approved
08178880,"Medina Rv at Bandera, TX",DJF2016,2015-16 El Nino,2015-11-28,389.0,Approved
08178880,"Medina Rv at Bandera, TX",DJF2016,2015-16 El Nino,2015-12-31,123.0,Approved
08178880,"Medina Rv at Bandera, TX",DJF2016,2015-16 El Nino,2016-02-15,68.9,Approved
08178880,"Medina Rv at Bandera, TX",DJF2016,2015-16 El Nino,2015-10-30,80.5,Approved
08178880,"Medina Rv at Bandera, TX",DJF2016,2015-16 El Nino,2015-10-11,23.7,Approved
08178880,"Medina Rv at Bandera, TX",DJF2016,2015-16 El Nino,2016-01-09,126.0,Approved
08178880,"Medina Rv at Bandera, TX",DJF2016,2015-16 El Nino,2016-01-24,98.8,Approved
08178880,"Medina Rv at Bandera, TX",DJF2016,2015-16 El Nino,2015-11-21,50.0,Approved
08178880,"Medina Rv at Bandera, TX",DJF2016,2015-16 El Nino,2015-10-18,27.1,Approved
08178880,"Medina Rv at Bandera, TX",DJF2016,2015-16 El Nino,2015-11-05,67.0,Approved
08178880,"Medina Rv at Bandera, TX",DJF2016,2015-16 El Nino,2015-10-20,29.1,Approved
08178880,"Medina Rv at Bandera, TX",DJF2024,2023-24 El Nino,2024-02-12,7.49,Approved
08178880,"Medina Rv at Bandera, TX",DJF2024,2023-24 El Nino,2023-10-14,0.0,Approved
08178880,"Medina Rv at Bandera, TX",DJF2024,2023-24 El Nino,2023-12-17,1.7,Approved
08178880,"Medina Rv at Bandera, TX",DJF2024,2023-24 El Nino,2024-02-01,13.2,Approved
08178880,"Medina Rv at Bandera, TX",DJF2024,2023-24 El Nino,2023-11-04,0.0,Approved
08178880,"Medina Rv at Bandera, TX",DJF2024,2023-24 El Nino,2023-12-09,0.0,Approved
08178880,"Medina Rv at Bandera, TX",DJF2024,2023-24 El Nino,2023-11-10,0.0,Approved
08178880,"Medina Rv at Bandera, TX",DJF2024,2023-24 El Nino,2023-11-07,0.0,Approved
08178880,"Medina Rv at Bandera, TX",DJF2024,2023-24 El Nino,2023-10-07,0.0,Approved
08178880,"Medina Rv at Bandera, TX",DJF2024,2023-24 El Nino,2024-01-18,1.34,Approved
08178880,"Medina Rv at Bandera, TX",DJF2024,2023-24 El Nino,2024-02-06,9.34,Approved
08178880,"Medina Rv at Bandera, TX",DJF2024,2023-24 El Nino,2023-11-22,0.0,Approved
08178880,"Medina Rv at Bandera, TX",DJF2024,2023-24 El Nino,2024-02-26,7.25,Approved
08178880,"Medina Rv at Bandera, TX",DJF2024,2023-24 El Nino,2023-09-09,0.0,Approved
08178880,"Medina Rv at Bandera, TX",DJF2024,2023-24 El Nino,2023-12-30,1.66,Approved
08178880,"Medina Rv at Bandera, TX",DJF2024,2023-24 El Nino,2023-12-23,1.36,Approved
08178880,"Medina Rv at Bandera, TX",DJF2024,2023-24 El Nino,2024-01-28,12.9,Approved
08178880,"Medina Rv at Bandera, TX",DJF2024,2023-24 El Nino,2024-01-09,1.53,Approved
08178880,"Medina Rv at Bandera, TX",DJF2024,2023-24 El Nino,2024-01-14,1.4,Approved
08178880,"Medina Rv at Bandera, TX",DJF2024,2023-24 El Nino,2023-11-24,0.0,Approved
08178880,"Medina Rv at Bandera, TX",DJF2024,2023-24 El Nino,2023-11-16,0.0,Approved
08178880,"Medina Rv at Bandera, TX",DJF2024,2023-24 El Nino,2023-09-24,0.0,Approved
08178880,"Medina Rv at Bandera, TX",DJF2024,2023-24 El Nino,2023-11-30,0.0,Approved
08178880,"Medina Rv at Bandera, TX",DJF2024,2023-24 El Nino,2023-09-21,0.0,Approved
08178880,"Medina Rv at Bandera, TX",DJF2024,2023-24 El Nino,2023-11-25,0.0,Approved
08178880,"Medina Rv at Bandera, TX",DJF2024,2023-24 El Nino,2023-12-22,1.27,Approved
08178880,"Medina Rv at Bandera, TX",DJF2024,2023-24 El Nino,2024-02-07,9.1,Approved
08178880,"Medina Rv at Bandera, TX",DJF2024,2023-24 El Nino,2023-09-19,0.0,Approved
08178880,"Medina Rv at Bandera, TX",DJF2024,2023-24 El Nino,2023-10-22,0.0,Approved
08178880,"Medina Rv at Bandera, TX",DJF2024,2023-24 El Nino,2023-09-29,0.0,Approved
08178880,"Medina Rv at Bandera, TX",DJF2024,2023-24 El Nino,2023-12-04,0.0,Approved
08178880,"Medina Rv at Bandera, TX",DJF2024,2023-24 El Nino,2023-11-28,0.0,Approved
08178880,"Medina Rv at Bandera, TX",DJF2024,2023-24 El Nino,2023-12-14,0.56,Approved
08178880,"Medina Rv at Bandera, TX",DJF2024,2023-24 El Nino,2024-02-29,6.94,Approved
08178880,"Medina Rv at Bandera, TX",DJF2024,2023-24 El Nino,2023-09-30,0.0,Approved
08178880,"Medina Rv at Bandera, TX",DJF2024,2023-24 El Nino,2023-10-06,0.0,Approved
08178880,"Medina Rv at Bandera, TX",DJF2024,2023-24 El Nino,2023-09-26,0.0,Approved
08178880,"Medina Rv at Bandera, TX",DJF2024,2023-24 El Nino,2024-02-19,6.08,Approved
08178880,"Medina Rv at Bandera, TX",DJF2024,2023-24 El Nino,2023-09-06,0.0,Approved
08178880,"Medina Rv at Bandera, TX",DJF2024,2023-24 El Nino,2023-12-11,0.0,Approved
08178880,"Medina Rv at Bandera, TX",DJF2024,2023-24 El Nino,2023-10-08,0.0,Approved
08178880,"Medina Rv at Bandera, TX",DJF2024,2023-24 El Nino,2023-12-05,0.0,Approved
08178880,"Medina Rv at Bandera, TX",DJF2024,2023-24 El Nino,2023-12-16,1.61,Approved
08178880,"Medina Rv at Bandera, TX",DJF2024,2023-24 El Nino,2024-01-10,1.59,Approved
08178880,"Medina Rv at Bandera, TX",DJF2024,2023-24 El Nino,2023-12-13,0.4,Approved
08178880,"Medina Rv at Bandera, TX",DJF2024,2023-24 El Nino,2023-10-19,0.0,Approved
08178880,"Medina Rv at Bandera, TX",DJF2024,2023-24 El Nino,2023-10-10,0.0,Approved
08178880,"Medina Rv at Bandera, TX",DJF2024,2023-24 El Nino,2023-11-08,0.0,Approved
08178880,"Medina Rv at Bandera, TX",DJF2024,2023-24 El Nino,2023-12-26,2.52,Approved
08178880,"Medina Rv at Bandera, TX",DJF2024,2023-24 El Nino,2023-12-19,1.21,Approved
08178880,"Medina Rv at Bandera, TX",DJF2024,2023-24 El Nino,2023-12-01,0.0,Approved
08178880,"Medina Rv at Bandera, TX",DJF2024,2023-24 El Nino,2024-02-25,7.07,Approved
08178880,"Medina Rv at Bandera, TX",DJF2024,2023-24 El Nino,2023-09-15,0.0,Approved
08178880,"Medina Rv at Bandera, TX",DJF2024,2023-24 El Nino,2024-01-19,1.4,Approved
08178880,"Medina Rv at Bandera, TX",DJF2024,2023-24 El Nino,2024-02-15,6.05,Approved
08178880,"Medina Rv at Bandera, TX",DJF2024,2023-24 El Nino,2023-10-01,0.0,Approved
08178880,"Medina Rv at Bandera, TX",DJF2024,2023-24 El Nino,2024-02-21,6.9,Approved
08178880,"Medina Rv at Bandera, TX",DJF2024,2023-24 El Nino,2024-02-18,5.66,Approved
08178880,"Medina Rv at Bandera, TX",DJF2024,2023-24 El Nino,2023-10-15,0.0,Approved
08178880,"Medina Rv at Bandera, TX",DJF2024,2023-24 El Nino,2023-09-04,0.0,Approved
08178880,"Medina Rv at Bandera, TX",DJF2024,2023-24 El Nino,2023-12-08,0.0,Approved
08178880,"Medina Rv at Bandera, TX",DJF2024,2023-24 El Nino,2024-01-30,13.3,Approved
08178880,"Medina Rv at Bandera, TX",DJF2024,2023-24 El Nino,2023-10-31,0.0,Approved
08178880,"Medina Rv at Bandera, TX",DJF2024,2023-24 El Nino,2024-02-04,13.6,Approved
08178880,"Medina Rv at Bandera, TX",DJF2024,2023-24 El Nino,2023-09-05,0.0,Approved
08178880,"Medina Rv at Bandera, TX",DJF2024,2023-24 El Nino,2023-12-06,0.0,Approved
08178880,"Medina Rv at Bandera, TX",DJF2024,2023-24 El Nino,2023-09-07,0.0,Approved
08178880,"Medina Rv at Bandera, TX",DJF2024,2023-24 El Nino,2023-10-25,0.0,Approved
08178880,"Medina Rv at Bandera, TX",DJF2024,2023-24 El Nino,2023-11-05,0.0,Approved
08178880,"Medina Rv at Bandera, TX",DJF2024,2023-24 El Nino,2023-09-17,0.0,Approved
08178880,"Medina Rv at Bandera, TX",DJF2024,2023-24 El Nino,2023-12-07,0.0,Approved
08178880,"Medina Rv at Bandera, TX",DJF2024,2023-24 El Nino,2023-12-03,0.0,Approved
08178880,"Medina Rv at Bandera, TX",DJF2024,2023-24 El Nino,2023-12-20,1.13,Approved
08178880,"Medina Rv at Bandera, TX",DJF2024,2023-24 El Nino,2023-09-27,0.0,Approved
08178880,"Medina Rv at Bandera, TX",DJF2024,2023-24 El Nino,2024-02-27,7.42,Approved
08178880,"Medina Rv at Bandera, TX",DJF2024,2023-24 El Nino,2023-12-10,0.0,Approved
08178880,"Medina Rv at Bandera, TX",DJF2024,2023-24 El Nino,2023-10-03,0.0,Approved
08178880,"Medina Rv at Bandera, TX",DJF2024,2023-24 El Nino,2024-01-17,1.32,Approved
08178880,"Medina Rv at Bandera, TX",DJF2024,2023-24 El Nino,2023-10-02,0.0,Approved
08178880,"Medina Rv at Bandera, TX",DJF2024,2023-24 El Nino,2023-10-18,0.0,Approved
08178880,"Medina Rv at Bandera, TX",DJF2024,2023-24 El Nino,2024-01-31,13.1,Approved
08178880,"Medina Rv at Bandera, TX",DJF2024,2023-24 El Nino,2023-11-17,0.0,Approved
08178880,"Medina Rv at Bandera, TX",DJF2024,2023-24 El Nino,2024-01-03,2.93,Approved
08178880,"Medina Rv at Bandera, TX",DJF2024,2023-24 El Nino,2024-02-28,7.46,Approved
08178880,"Medina Rv at Bandera, TX",DJF2024,2023-24 El Nino,2023-09-10,0.0,Approved
08178880,"Medina Rv at Bandera, TX",DJF2024,2023-24 El Nino,2023-09-28,0.0,Approved
08178880,"Medina Rv at Bandera, TX",DJF2024,2023-24 El Nino,2024-01-12,1.59,Approved
08178880,"Medina Rv at Bandera, TX",DJF2024,2023-24 El Nino,2023-09-13,0.0,Approved
08178880,"Medina Rv at Bandera, TX",DJF2024,2023-24 El Nino,2023-11-18,0.0,Approved
08178880,"Medina Rv at Bandera, TX",DJF2024,2023-24 El Nino,2024-02-20,6.45,Approved
08178880,"Medina Rv at Bandera, TX",DJF2024,2023-24 El Nino,2024-01-26,12.8,Approved
08178880,"Medina Rv at Bandera, TX",DJF2024,2023-24 El Nino,2023-09-12,0.0,Approved
08178880,"Medina Rv at Bandera, TX",DJF2024,2023-24 El Nino,2023-09-18,0.0,Approved
08178880,"Medina Rv at Bandera, TX",DJF2024,2023-24 El Nino,2023-09-03,0.0,Approved
08178880,"Medina Rv at Bandera, TX",DJF2024,2023-24 El Nino,2024-01-06,1.91,Approved
08178880,"Medina Rv at Bandera, TX",DJF2024,2023-24 El Nino,2023-11-27,0.0,Approved
08178880,"Medina Rv at Bandera, TX",DJF2024,2023-24 El Nino,2023-09-11,0.0,Approved
08178880,"Medina Rv at Bandera, TX",DJF2024,2023-24 El Nino,2023-10-05,0.0,Approved
08178880,"Medina Rv at Bandera, TX",DJF2024,2023-24 El Nino,2023-10-17,0.0,Approved
08178880,"Medina Rv at Bandera, TX",DJF2024,2023-24 El Nino,2024-01-25,12.7,Approved
08178880,"Medina Rv at Bandera, TX",DJF2024,2023-24 El Nino,2023-10-20,0.0,Approved
08178880,"Medina Rv at Bandera, TX",DJF2024,2023-24 El Nino,2024-01-05,2.87,Approved
08178880,"Medina Rv at Bandera, TX",DJF2024,2023-24 El Nino,2023-12-02,0.0,Approved
08178880,"Medina Rv at Bandera, TX",DJF2024,2023-24 El Nino,2024-01-20,1.52,Approved
08178880,"Medina Rv at Bandera, TX",DJF2024,2023-24 El Nino,2024-02-22,7.1,Approved
08178880,"Medina Rv at Bandera, TX",DJF2024,2023-24 El Nino,2023-10-12,0.0,Approved
08178880,"Medina Rv at Bandera, TX",DJF2024,2023-24 El Nino,2023-12-27,2.03,Approved
08178880,"Medina Rv at Bandera, TX",DJF2024,2023-24 El Nino,2024-02-23,7.07,Approved
08178880,"Medina Rv at Bandera, TX",DJF2024,2023-24 El Nino,2024-01-24,10.1,Approved
08178880,"Medina Rv at Bandera, TX",DJF2024,2023-24 El Nino,2023-09-08,0.0,Approved
08178880,"Medina Rv at Bandera, TX",DJF2024,2023-24 El Nino,2023-09-14,0.0,Approved
08178880,"Medina Rv at Bandera, TX",DJF2024,2023-24 El Nino,2023-09-02,0.0,Approved
08178880,"Medina Rv at Bandera, TX",DJF2024,2023-24 El Nino,2023-09-20,0.0,Approved
08178880,"Medina Rv at Bandera, TX",DJF2024,2023-24 El Nino,2023-12-28,1.88,Approved
08178880,"Medina Rv at Bandera, TX",DJF2024,2023-24 El Nino,2024-02-16,5.99,Approved
08178880,"Medina Rv at Bandera, TX",DJF2024,2023-24 El Nino,2024-02-17,5.83,Approved
08178880,"Medina Rv at Bandera, TX",DJF2024,2023-24 El Nino,2023-10-29,0.0,Approved
08178880,"Medina Rv at Bandera, TX",DJF2024,2023-24 El Nino,2023-11-14,0.0,Approved
08178880,"Medina Rv at Bandera, TX",DJF2024,2023-24 El Nino,2023-11-02,0.0,Approved
08178880,"Medina Rv at Bandera, TX",DJF2024,2023-24 El Nino,2024-02-09,9.14,Approved
08178880,"Medina Rv at Bandera, TX",DJF2024,2023-24 El Nino,2024-01-11,1.33,Approved
08178880,"Medina Rv at Bandera, TX",DJF2024,2023-24 El Nino,2023-11-12,0.0,Approved
08178880,"Medina Rv at Bandera, TX",DJF2024,2023-24 El Nino,2023-11-11,0.0,Approved
08178880,"Medina Rv at Bandera, TX",DJF2024,2023-24 El Nino,2024-02-24,7.2,Approved
08178880,"Medina Rv at Bandera, TX",DJF2024,2023-24 El Nino,2023-10-26,0.0,Approved
08178880,"Medina Rv at Bandera, TX",DJF2024,2023-24 El Nino,2024-01-27,13.2,Approved
08178880,"Medina Rv at Bandera, TX",DJF2024,2023-24 El Nino,2024-02-03,13.4,Approved
08178880,"Medina Rv at Bandera, TX",DJF2024,2023-24 El Nino,2023-12-29,1.78,Approved
08178880,"Medina Rv at Bandera, TX",DJF2024,2023-24 El Nino,2024-01-01,1.64,Approved
08178880,"Medina Rv at Bandera, TX",DJF2024,2023-24 El Nino,2023-11-21,0.0,Approved
08178880,"Medina Rv at Bandera, TX",DJF2024,2023-24 El Nino,2023-11-23,0.0,Approved
08178880,"Medina Rv at Bandera, TX",DJF2024,2023-24 El Nino,2023-11-26,0.0,Approved
08178880,"Medina Rv at Bandera, TX",DJF2024,2023-24 El Nino,2024-01-08,1.93,Approved
08178880,"Medina Rv at Bandera, TX",DJF2024,2023-24 El Nino,2023-10-27,0.0,Approved
08178880,"Medina Rv at Bandera, TX",DJF2024,2023-24 El Nino,2023-10-13,0.0,Approved
08178880,"Medina Rv at Bandera, TX",DJF2024,2023-24 El Nino,2023-10-23,0.0,Approved
08178880,"Medina Rv at Bandera, TX",DJF2024,2023-24 El Nino,2023-12-18,1.42,Approved
08178880,"Medina Rv at Bandera, TX",DJF2024,2023-24 El Nino,2023-12-25,2.71,Approved
08178880,"Medina Rv at Bandera, TX",DJF2024,2023-24 El Nino,2024-01-02,2.98,Approved
08178880,"Medina Rv at Bandera, TX",DJF2024,2023-24 El Nino,2023-11-20,0.0,Approved
08178880,"Medina Rv at Bandera, TX",DJF2024,2023-24 El Nino,2024-01-23,8.39,Approved
08178880,"Medina Rv at Bandera, TX",DJF2024,2023-24 El Nino,2023-10-16,0.0,Approved
08178880,"Medina Rv at Bandera, TX",DJF2024,2023-24 El Nino,2024-01-29,13.1,Approved
08178880,"Medina Rv at Bandera, TX",DJF2024,2023-24 El Nino,2024-02-08,9.24,Approved
08178880,"Medina Rv at Bandera, TX",DJF2024,2023-24 El Nino,2023-11-19,0.0,Approved
08178880,"Medina Rv at Bandera, TX",DJF2024,2023-24 El Nino,2023-10-21,0.0,Approved
08178880,"Medina Rv at Bandera, TX",DJF2024,2023-24 El Nino,2023-10-24,0.0,Approved
08178880,"Medina Rv at Bandera, TX",DJF2024,2023-24 El Nino,2024-01-04,2.66,Approved
08178880,"Medina Rv at Bandera, TX",DJF2024,2023-24 El Nino,2024-02-10,42.7,Approved
08178880,"Medina Rv at Bandera, TX",DJF2024,2023-24 El Nino,2023-09-23,0.0,Approved
08178880,"Medina Rv at Bandera, TX",DJF2024,2023-24 El Nino,2024-01-13,1.23,Approved
08178880,"Medina Rv at Bandera, TX",DJF2024,2023-24 El Nino,2023-09-25,0.0,Approved
08178880,"Medina Rv at Bandera, TX",DJF2024,2023-24 El Nino,2024-02-14,6.18,Approved
08178880,"Medina Rv at Bandera, TX",DJF2024,2023-24 El Nino,2023-11-15,0.0,Approved
08178880,"Medina Rv at Bandera, TX",DJF2024,2023-24 El Nino,2023-09-16,0.0,Approved
08178880,"Medina Rv at Bandera, TX",DJF2024,2023-24 El Nino,2024-01-16,1.34,Approved
08178880,"Medina Rv at Bandera, TX",DJF2024,2023-24 El Nino,2024-01-15,1.4,Approved
08178880,"Medina Rv at Bandera, TX",DJF2024,2023-24 El Nino,2024-02-13,6.55,Approved
08178880,"Medina Rv at Bandera, TX",DJF2024,2023-24 El Nino,2023-10-04,0.0,Approved
08178880,"Medina Rv at Bandera, TX",DJF2024,2023-24 El Nino,2023-09-01,0.0,Approved
08178880,"Medina Rv at Bandera, TX",DJF2024,2023-24 El Nino,2023-12-31,1.65,Approved
08178880,"Medina Rv at Bandera, TX",DJF2024,2023-24 El Nino,2023-10-28,0.0,Approved
08178880,"Medina Rv at Bandera, TX",DJF2024,2023-24 El Nino,2023-11-09,0.0,Approved
08178880,"Medina Rv at Bandera, TX",DJF2024,2023-24 El Nino,2023-11-29,0.0,Approved
08178880,"Medina Rv at Bandera, TX",DJF2024,2023-24 El Nino,2024-01-22,3.94,Approved
08178880,"Medina Rv at Bandera, TX",DJF2024,2023-24 El Nino,2023-10-11,0.0,Approved
08178880,"Medina Rv at Bandera, TX",DJF2024,2023-24 El Nino,2023-11-06,0.0,Approved
08178880,"Medina Rv at Bandera, TX",DJF2024,2023-24 El Nino,2024-02-11,8.7,Approved
08178880,"Medina Rv at Bandera, TX",DJF2024,2023-24 El Nino,2024-02-02,13.9,Approved
08178880,"Medina Rv at Bandera, TX",DJF2024,2023-24 El Nino,2023-10-09,0.0,Approved
08178880,"Medina Rv at Bandera, TX",DJF2024,2023-24 El Nino,2023-09-22,0.0,Approved
08178880,"Medina Rv at Bandera, TX",DJF2024,2023-24 El Nino,2023-12-15,1.19,Approved
08178880,"Medina Rv at Bandera, TX",DJF2024,2023-24 El Nino,2023-11-13,0.0,Approved
08178880,"Medina Rv at Bandera, TX",DJF2024,2023-24 El Nino,2023-10-30,0.0,Approved
08178880,"Medina Rv at Bandera, TX",DJF2024,2023-24 El Nino,2023-12-24,2.75,Approved
08178880,"Medina Rv at Bandera, TX",DJF2024,2023-24 El Nino,2023-11-03,0.0,Approved
08178880,"Medina Rv at Bandera, TX",DJF2024,2023-24 El Nino,2023-12-21,1.14,Approved
08178880,"Medina Rv at Bandera, TX",DJF2024,2023-24 El Nino,2023-12-12,0.0,Approved
08178880,"Medina Rv at Bandera, TX",DJF2024,2023-24 El Nino,2024-02-05,11.7,Approved
08178880,"Medina Rv at Bandera, TX",DJF2024,2023-24 El Nino,2024-01-07,1.67,Approved
08178880,"Medina Rv at Bandera, TX",DJF2024,2023-24 El Nino,2023-11-01,0.0,Approved
08178880,"Medina Rv at Bandera, TX",DJF2024,2023-24 El Nino,2024-01-21,1.78,Approved
08195000,"Frio Rv at Concan, TX",DJF1926,1925-26 El Nino,1926-02-19,44.0,Approved
08195000,"Frio Rv at Concan, TX",DJF1926,1925-26 El Nino,1925-09-24,48.0,Approved
08195000,"Frio Rv at Concan, TX",DJF1926,1925-26 El Nino,1925-09-14,22.0,Approved
08195000,"Frio Rv at Concan, TX",DJF1926,1925-26 El Nino,1925-10-15,446.0,Approved
08195000,"Frio Rv at Concan, TX",DJF1926,1925-26 El Nino,1925-12-20,48.0,Approved
08195000,"Frio Rv at Concan, TX",DJF1926,1925-26 El Nino,1926-02-21,42.0,Approved
08195000,"Frio Rv at Concan, TX",DJF1926,1925-26 El Nino,1926-02-22,42.0,Approved
08195000,"Frio Rv at Concan, TX",DJF1926,1925-26 El Nino,1926-02-07,44.0,Approved
08195000,"Frio Rv at Concan, TX",DJF1926,1925-26 El Nino,1926-01-28,45.0,Approved
08195000,"Frio Rv at Concan, TX",DJF1926,1925-26 El Nino,1925-09-17,22.0,Approved
08195000,"Frio Rv at Concan, TX",DJF1926,1925-26 El Nino,1925-12-12,44.0,Approved
08195000,"Frio Rv at Concan, TX",DJF1926,1925-26 El Nino,1925-11-05,54.0,Approved
08195000,"Frio Rv at Concan, TX",DJF1926,1925-26 El Nino,1926-01-08,47.0,Approved
08195000,"Frio Rv at Concan, TX",DJF1926,1925-26 El Nino,1925-12-24,47.0,Approved
08195000,"Frio Rv at Concan, TX",DJF1926,1925-26 El Nino,1926-02-28,42.0,Approved
08195000,"Frio Rv at Concan, TX",DJF1926,1925-26 El Nino,1925-10-08,36.0,Approved
08195000,"Frio Rv at Concan, TX",DJF1926,1925-26 El Nino,1926-02-08,44.0,Approved
08195000,"Frio Rv at Concan, TX",DJF1926,1925-26 El Nino,1925-11-20,54.0,Approved
08195000,"Frio Rv at Concan, TX",DJF1926,1925-26 El Nino,1926-02-18,44.0,Approved
08195000,"Frio Rv at Concan, TX",DJF1926,1925-26 El Nino,1926-01-11,47.0,Approved
08195000,"Frio Rv at Concan, TX",DJF1926,1925-26 El Nino,1926-01-20,44.0,Approved
08195000,"Frio Rv at Concan, TX",DJF1926,1925-26 El Nino,1925-09-25,47.0,Approved
08195000,"Frio Rv at Concan, TX",DJF1926,1925-26 El Nino,1926-02-23,42.0,Approved
08195000,"Frio Rv at Concan, TX",DJF1926,1925-26 El Nino,1925-09-28,38.0,Approved
08195000,"Frio Rv at Concan, TX",DJF1926,1925-26 El Nino,1925-09-30,36.0,Approved
08195000,"Frio Rv at Concan, TX",DJF1926,1925-26 El Nino,1925-09-02,22.0,Approved
08195000,"Frio Rv at Concan, TX",DJF1926,1925-26 El Nino,1926-01-01,47.0,Approved
08195000,"Frio Rv at Concan, TX",DJF1926,1925-26 El Nino,1925-10-18,50.0,Approved
08195000,"Frio Rv at Concan, TX",DJF1926,1925-26 El Nino,1925-10-01,36.0,Approved
08195000,"Frio Rv at Concan, TX",DJF1926,1925-26 El Nino,1925-12-10,45.0,Approved
08195000,"Frio Rv at Concan, TX",DJF1926,1925-26 El Nino,1925-09-06,22.0,Approved
08195000,"Frio Rv at Concan, TX",DJF1926,1925-26 El Nino,1925-11-10,57.0,Approved
08195000,"Frio Rv at Concan, TX",DJF1926,1925-26 El Nino,1925-09-09,22.0,Approved
08195000,"Frio Rv at Concan, TX",DJF1926,1925-26 El Nino,1925-09-08,22.0,Approved
08195000,"Frio Rv at Concan, TX",DJF1926,1925-26 El Nino,1925-11-18,54.0,Approved
08195000,"Frio Rv at Concan, TX",DJF1926,1925-26 El Nino,1925-10-17,70.0,Approved
08195000,"Frio Rv at Concan, TX",DJF1926,1925-26 El Nino,1925-12-25,47.0,Approved
08195000,"Frio Rv at Concan, TX",DJF1926,1925-26 El Nino,1925-12-26,47.0,Approved
08195000,"Frio Rv at Concan, TX",DJF1926,1925-26 El Nino,1925-09-12,22.0,Approved
08195000,"Frio Rv at Concan, TX",DJF1926,1925-26 El Nino,1925-11-02,57.0,Approved
08195000,"Frio Rv at Concan, TX",DJF1926,1925-26 El Nino,1925-10-03,36.0,Approved
08195000,"Frio Rv at Concan, TX",DJF1926,1925-26 El Nino,1925-11-16,54.0,Approved
08195000,"Frio Rv at Concan, TX",DJF1926,1925-26 El Nino,1925-10-23,52.0,Approved
08195000,"Frio Rv at Concan, TX",DJF1926,1925-26 El Nino,1926-02-14,44.0,Approved
08195000,"Frio Rv at Concan, TX",DJF1926,1925-26 El Nino,1925-10-13,27.0,Approved
08195000,"Frio Rv at Concan, TX",DJF1926,1925-26 El Nino,1925-12-19,48.0,Approved
08195000,"Frio Rv at Concan, TX",DJF1926,1925-26 El Nino,1925-11-21,54.0,Approved
08195000,"Frio Rv at Concan, TX",DJF1926,1925-26 El Nino,1925-11-13,54.0,Approved
08195000,"Frio Rv at Concan, TX",DJF1926,1925-26 El Nino,1925-11-28,52.0,Approved
08195000,"Frio Rv at Concan, TX",DJF1926,1925-26 El Nino,1925-10-02,36.0,Approved
08195000,"Frio Rv at Concan, TX",DJF1926,1925-26 El Nino,1926-01-09,47.0,Approved
08195000,"Frio Rv at Concan, TX",DJF1926,1925-26 El Nino,1925-12-29,48.0,Approved
08195000,"Frio Rv at Concan, TX",DJF1926,1925-26 El Nino,1925-09-22,27.0,Approved
08195000,"Frio Rv at Concan, TX",DJF1926,1925-26 El Nino,1926-02-20,44.0,Approved
08195000,"Frio Rv at Concan, TX",DJF1926,1925-26 El Nino,1926-02-04,44.0,Approved
08195000,"Frio Rv at Concan, TX",DJF1926,1925-26 El Nino,1925-09-07,22.0,Approved
08195000,"Frio Rv at Concan, TX",DJF1926,1925-26 El Nino,1926-02-12,44.0,Approved
08195000,"Frio Rv at Concan, TX",DJF1926,1925-26 El Nino,1926-01-05,48.0,Approved
08195000,"Frio Rv at Concan, TX",DJF1926,1925-26 El Nino,1925-10-29,57.0,Approved
08195000,"Frio Rv at Concan, TX",DJF1926,1925-26 El Nino,1925-11-07,60.0,Approved
08195000,"Frio Rv at Concan, TX",DJF1926,1925-26 El Nino,1925-11-03,57.0,Approved
08195000,"Frio Rv at Concan, TX",DJF1926,1925-26 El Nino,1925-09-04,22.0,Approved
08195000,"Frio Rv at Concan, TX",DJF1926,1925-26 El Nino,1926-01-21,44.0,Approved
08195000,"Frio Rv at Concan, TX",DJF1926,1925-26 El Nino,1926-02-11,44.0,Approved
08195000,"Frio Rv at Concan, TX",DJF1926,1925-26 El Nino,1926-01-15,45.0,Approved
08195000,"Frio Rv at Concan, TX",DJF1926,1925-26 El Nino,1925-12-04,50.0,Approved
08195000,"Frio Rv at Concan, TX",DJF1926,1925-26 El Nino,1925-12-18,48.0,Approved
08195000,"Frio Rv at Concan, TX",DJF1926,1925-26 El Nino,1925-12-03,50.0,Approved
08195000,"Frio Rv at Concan, TX",DJF1926,1925-26 El Nino,1925-10-30,54.0,Approved
08195000,"Frio Rv at Concan, TX",DJF1926,1925-26 El Nino,1925-10-31,54.0,Approved
08195000,"Frio Rv at Concan, TX",DJF1926,1925-26 El Nino,1926-01-29,45.0,Approved
08195000,"Frio Rv at Concan, TX",DJF1926,1925-26 El Nino,1925-09-11,22.0,Approved
08195000,"Frio Rv at Concan, TX",DJF1926,1925-26 El Nino,1925-11-26,52.0,Approved
08195000,"Frio Rv at Concan, TX",DJF1926,1925-26 El Nino,1925-09-13,22.0,Approved
08195000,"Frio Rv at Concan, TX",DJF1926,1925-26 El Nino,1925-11-17,54.0,Approved
08195000,"Frio Rv at Concan, TX",DJF1926,1925-26 El Nino,1926-02-10,44.0,Approved
08195000,"Frio Rv at Concan, TX",DJF1926,1925-26 El Nino,1925-11-27,52.0,Approved
08195000,"Frio Rv at Concan, TX",DJF1926,1925-26 El Nino,1925-10-16,496.0,Approved
08195000,"Frio Rv at Concan, TX",DJF1926,1925-26 El Nino,1925-12-11,45.0,Approved
08195000,"Frio Rv at Concan, TX",DJF1926,1925-26 El Nino,1925-11-12,55.0,Approved
08195000,"Frio Rv at Concan, TX",DJF1926,1925-26 El Nino,1926-02-15,44.0,Approved
08195000,"Frio Rv at Concan, TX",DJF1926,1925-26 El Nino,1925-12-13,44.0,Approved
08195000,"Frio Rv at Concan, TX",DJF1926,1925-26 El Nino,1926-02-24,42.0,Approved
08195000,"Frio Rv at Concan, TX",DJF1926,1925-26 El Nino,1926-02-02,44.0,Approved
08195000,"Frio Rv at Concan, TX",DJF1926,1925-26 El Nino,1925-10-20,57.0,Approved
08195000,"Frio Rv at Concan, TX",DJF1926,1925-26 El Nino,1926-01-06,47.0,Approved
08195000,"Frio Rv at Concan, TX",DJF1926,1925-26 El Nino,1925-11-29,50.0,Approved
08195000,"Frio Rv at Concan, TX",DJF1926,1925-26 El Nino,1925-10-25,52.0,Approved
08195000,"Frio Rv at Concan, TX",DJF1926,1925-26 El Nino,1926-01-12,47.0,Approved
08195000,"Frio Rv at Concan, TX",DJF1926,1925-26 El Nino,1925-12-14,47.0,Approved
08195000,"Frio Rv at Concan, TX",DJF1926,1925-26 El Nino,1926-02-01,44.0,Approved
08195000,"Frio Rv at Concan, TX",DJF1926,1925-26 El Nino,1925-12-15,48.0,Approved
08195000,"Frio Rv at Concan, TX",DJF1926,1925-26 El Nino,1925-10-09,33.0,Approved
08195000,"Frio Rv at Concan, TX",DJF1926,1925-26 El Nino,1925-11-06,62.0,Approved
08195000,"Frio Rv at Concan, TX",DJF1926,1925-26 El Nino,1925-11-24,52.0,Approved
08195000,"Frio Rv at Concan, TX",DJF1926,1925-26 El Nino,1925-12-23,47.0,Approved
08195000,"Frio Rv at Concan, TX",DJF1926,1925-26 El Nino,1925-10-11,33.0,Approved
08195000,"Frio Rv at Concan, TX",DJF1926,1925-26 El Nino,1925-09-29,36.0,Approved
08195000,"Frio Rv at Concan, TX",DJF1926,1925-26 El Nino,1925-10-04,36.0,Approved
08195000,"Frio Rv at Concan, TX",DJF1926,1925-26 El Nino,1925-10-21,55.0,Approved
08195000,"Frio Rv at Concan, TX",DJF1926,1925-26 El Nino,1925-11-19,54.0,Approved
08195000,"Frio Rv at Concan, TX",DJF1926,1925-26 El Nino,1926-02-27,42.0,Approved
08195000,"Frio Rv at Concan, TX",DJF1926,1925-26 El Nino,1925-12-30,47.0,Approved
08195000,"Frio Rv at Concan, TX",DJF1926,1925-26 El Nino,1925-10-19,59.0,Approved
08195000,"Frio Rv at Concan, TX",DJF1926,1925-26 El Nino,1926-02-05,44.0,Approved
08195000,"Frio Rv at Concan, TX",DJF1926,1925-26 El Nino,1926-01-03,48.0,Approved
08195000,"Frio Rv at Concan, TX",DJF1926,1925-26 El Nino,1925-12-01,50.0,Approved
08195000,"Frio Rv at Concan, TX",DJF1926,1925-26 El Nino,1925-09-20,27.0,Approved
08195000,"Frio Rv at Concan, TX",DJF1926,1925-26 El Nino,1925-12-16,48.0,Approved
08195000,"Frio Rv at Concan, TX",DJF1926,1925-26 El Nino,1925-09-18,24.0,Approved
08195000,"Frio Rv at Concan, TX",DJF1926,1925-26 El Nino,1926-02-25,42.0,Approved
08195000,"Frio Rv at Concan, TX",DJF1926,1925-26 El Nino,1926-01-24,44.0,Approved
08195000,"Frio Rv at Concan, TX",DJF1926,1925-26 El Nino,1926-02-03,44.0,Approved
08195000,"Frio Rv at Concan, TX",DJF1926,1925-26 El Nino,1926-02-06,44.0,Approved
08195000,"Frio Rv at Concan, TX",DJF1926,1925-26 El Nino,1925-11-09,57.0,Approved
08195000,"Frio Rv at Concan, TX",DJF1926,1925-26 El Nino,1925-11-08,57.0,Approved
08195000,"Frio Rv at Concan, TX",DJF1926,1925-26 El Nino,1925-09-15,22.0,Approved
08195000,"Frio Rv at Concan, TX",DJF1926,1925-26 El Nino,1926-01-26,45.0,Approved
08195000,"Frio Rv at Concan, TX",DJF1926,1925-26 El Nino,1925-11-23,52.0,Approved
08195000,"Frio Rv at Concan, TX",DJF1926,1925-26 El Nino,1926-01-23,44.0,Approved
08195000,"Frio Rv at Concan, TX",DJF1926,1925-26 El Nino,1925-11-11,57.0,Approved
08195000,"Frio Rv at Concan, TX",DJF1926,1925-26 El Nino,1925-11-22,54.0,Approved
08195000,"Frio Rv at Concan, TX",DJF1926,1925-26 El Nino,1926-01-02,47.0,Approved
08195000,"Frio Rv at Concan, TX",DJF1926,1925-26 El Nino,1926-01-27,45.0,Approved
08195000,"Frio Rv at Concan, TX",DJF1926,1925-26 El Nino,1926-01-14,47.0,Approved
08195000,"Frio Rv at Concan, TX",DJF1926,1925-26 El Nino,1925-09-26,41.0,Approved
08195000,"Frio Rv at Concan, TX",DJF1926,1925-26 El Nino,1926-01-16,45.0,Approved
08195000,"Frio Rv at Concan, TX",DJF1926,1925-26 El Nino,1925-10-24,52.0,Approved
08195000,"Frio Rv at Concan, TX",DJF1926,1925-26 El Nino,1925-11-01,52.0,Approved
08195000,"Frio Rv at Concan, TX",DJF1926,1925-26 El Nino,1925-09-16,22.0,Approved
08195000,"Frio Rv at Concan, TX",DJF1926,1925-26 El Nino,1925-11-25,52.0,Approved
08195000,"Frio Rv at Concan, TX",DJF1926,1925-26 El Nino,1925-09-01,22.0,Approved
08195000,"Frio Rv at Concan, TX",DJF1926,1925-26 El Nino,1925-12-05,50.0,Approved
08195000,"Frio Rv at Concan, TX",DJF1926,1925-26 El Nino,1926-01-22,44.0,Approved
08195000,"Frio Rv at Concan, TX",DJF1926,1925-26 El Nino,1926-01-19,44.0,Approved
08195000,"Frio Rv at Concan, TX",DJF1926,1925-26 El Nino,1925-09-19,27.0,Approved
08195000,"Frio Rv at Concan, TX",DJF1926,1925-26 El Nino,1925-12-28,48.0,Approved
08195000,"Frio Rv at Concan, TX",DJF1926,1925-26 El Nino,1925-12-02,50.0,Approved
08195000,"Frio Rv at Concan, TX",DJF1926,1925-26 El Nino,1926-02-17,44.0,Approved
08195000,"Frio Rv at Concan, TX",DJF1926,1925-26 El Nino,1925-10-05,36.0,Approved
08195000,"Frio Rv at Concan, TX",DJF1926,1925-26 El Nino,1925-10-14,30.0,Approved
08195000,"Frio Rv at Concan, TX",DJF1926,1925-26 El Nino,1926-01-18,44.0,Approved
08195000,"Frio Rv at Concan, TX",DJF1926,1925-26 El Nino,1925-09-23,27.0,Approved
08195000,"Frio Rv at Concan, TX",DJF1926,1925-26 El Nino,1925-11-14,54.0,Approved
08195000,"Frio Rv at Concan, TX",DJF1926,1925-26 El Nino,1925-12-31,47.0,Approved
08195000,"Frio Rv at Concan, TX",DJF1926,1925-26 El Nino,1926-01-13,47.0,Approved
08195000,"Frio Rv at Concan, TX",DJF1926,1925-26 El Nino,1925-10-12,30.0,Approved
08195000,"Frio Rv at Concan, TX",DJF1926,1925-26 El Nino,1925-09-27,40.0,Approved
08195000,"Frio Rv at Concan, TX",DJF1926,1925-26 El Nino,1925-12-09,45.0,Approved
08195000,"Frio Rv at Concan, TX",DJF1926,1925-26 El Nino,1925-12-21,48.0,Approved
08195000,"Frio Rv at Concan, TX",DJF1926,1925-26 El Nino,1925-11-15,54.0,Approved
08195000,"Frio Rv at Concan, TX",DJF1926,1925-26 El Nino,1926-01-17,44.0,Approved
08195000,"Frio Rv at Concan, TX",DJF1926,1925-26 El Nino,1925-12-17,48.0,Approved
08195000,"Frio Rv at Concan, TX",DJF1926,1925-26 El Nino,1925-12-22,47.0,Approved
08195000,"Frio Rv at Concan, TX",DJF1926,1925-26 El Nino,1926-02-26,42.0,Approved
08195000,"Frio Rv at Concan, TX",DJF1926,1925-26 El Nino,1925-12-27,47.0,Approved
08195000,"Frio Rv at Concan, TX",DJF1926,1925-26 El Nino,1926-01-10,47.0,Approved
08195000,"Frio Rv at Concan, TX",DJF1926,1925-26 El Nino,1925-12-07,45.0,Approved
08195000,"Frio Rv at Concan, TX",DJF1926,1925-26 El Nino,1926-02-09,44.0,Approved
08195000,"Frio Rv at Concan, TX",DJF1926,1925-26 El Nino,1926-02-16,44.0,Approved
08195000,"Frio Rv at Concan, TX",DJF1926,1925-26 El Nino,1925-10-07,36.0,Approved
08195000,"Frio Rv at Concan, TX",DJF1926,1925-26 El Nino,1925-12-08,45.0,Approved
08195000,"Frio Rv at Concan, TX",DJF1926,1925-26 El Nino,1925-10-06,36.0,Approved
08195000,"Frio Rv at Concan, TX",DJF1926,1925-26 El Nino,1926-02-13,44.0,Approved
08195000,"Frio Rv at Concan, TX",DJF1926,1925-26 El Nino,1925-10-10,33.0,Approved
08195000,"Frio Rv at Concan, TX",DJF1926,1925-26 El Nino,1925-10-28,57.0,Approved
08195000,"Frio Rv at Concan, TX",DJF1926,1925-26 El Nino,1926-01-25,45.0,Approved
08195000,"Frio Rv at Concan, TX",DJF1926,1925-26 El Nino,1925-09-05,22.0,Approved
08195000,"Frio Rv at Concan, TX",DJF1926,1925-26 El Nino,1925-09-10,22.0,Approved
08195000,"Frio Rv at Concan, TX",DJF1926,1925-26 El Nino,1925-11-30,50.0,Approved
08195000,"Frio Rv at Concan, TX",DJF1926,1925-26 El Nino,1926-01-04,48.0,Approved
08195000,"Frio Rv at Concan, TX",DJF1926,1925-26 El Nino,1925-10-26,57.0,Approved
08195000,"Frio Rv at Concan, TX",DJF1926,1925-26 El Nino,1925-10-27,57.0,Approved
08195000,"Frio Rv at Concan, TX",DJF1926,1925-26 El Nino,1926-01-30,45.0,Approved
08195000,"Frio Rv at Concan, TX",DJF1926,1925-26 El Nino,1925-09-21,27.0,Approved
08195000,"Frio Rv at Concan, TX",DJF1926,1925-26 El Nino,1925-09-03,22.0,Approved
08195000,"Frio Rv at Concan, TX",DJF1926,1925-26 El Nino,1925-11-04,54.0,Approved
08195000,"Frio Rv at Concan, TX",DJF1926,1925-26 El Nino,1926-01-07,47.0,Approved
08195000,"Frio Rv at Concan, TX",DJF1926,1925-26 El Nino,1925-10-22,54.0,Approved
08195000,"Frio Rv at Concan, TX",DJF1926,1925-26 El Nino,1926-01-31,45.0,Approved
08195000,"Frio Rv at Concan, TX",DJF1926,1925-26 El Nino,1925-12-06,47.0,Approved
08195000,"Frio Rv at Concan, TX",DJF1931,1930-31 El Nino,1930-11-22,98.0,Approved
08195000,"Frio Rv at Concan, TX",DJF1931,1930-31 El Nino,1930-11-01,100.0,Approved
08195000,"Frio Rv at Concan, TX",DJF1931,1930-31 El Nino,1931-02-12,193.0,Approved
08195000,"Frio Rv at Concan, TX",DJF1931,1930-31 El Nino,1930-12-27,76.0,Approved
08195000,"Frio Rv at Concan, TX",DJF1931,1930-31 El Nino,1930-12-25,79.0,Approved
08195000,"Frio Rv at Concan, TX",DJF1931,1930-31 El Nino,1930-11-02,100.0,Approved
08195000,"Frio Rv at Concan, TX",DJF1931,1930-31 El Nino,1930-11-25,95.0,Approved
08195000,"Frio Rv at Concan, TX",DJF1931,1930-31 El Nino,1931-02-22,197.0,Approved
08195000,"Frio Rv at Concan, TX",DJF1931,1930-31 El Nino,1930-12-23,79.0,Approved
08195000,"Frio Rv at Concan, TX",DJF1931,1930-31 El Nino,1930-10-26,106.0,Approved
08195000,"Frio Rv at Concan, TX",DJF1931,1930-31 El Nino,1931-02-02,230.0,Approved
08195000,"Frio Rv at Concan, TX",DJF1931,1930-31 El Nino,1931-01-18,122.0,Approved
08195000,"Frio Rv at Concan, TX",DJF1931,1930-31 El Nino,1931-01-10,72.0,Approved
08195000,"Frio Rv at Concan, TX",DJF1931,1930-31 El Nino,1931-01-06,69.0,Approved
08195000,"Frio Rv at Concan, TX",DJF1931,1930-31 El Nino,1931-01-01,74.0,Approved
08195000,"Frio Rv at Concan, TX",DJF1931,1930-31 El Nino,1930-10-29,100.0,Approved
08195000,"Frio Rv at Concan, TX",DJF1931,1930-31 El Nino,1931-01-27,159.0,Approved
08195000,"Frio Rv at Concan, TX",DJF1931,1930-31 El Nino,1931-01-14,67.0,Approved
08195000,"Frio Rv at Concan, TX",DJF1931,1930-31 El Nino,1930-10-24,125.0,Approved
08195000,"Frio Rv at Concan, TX",DJF1931,1930-31 El Nino,1931-01-02,72.0,Approved
08195000,"Frio Rv at Concan, TX",DJF1931,1930-31 El Nino,1930-11-16,98.0,Approved
08195000,"Frio Rv at Concan, TX",DJF1931,1930-31 El Nino,1930-12-24,79.0,Approved
08195000,"Frio Rv at Concan, TX",DJF1931,1930-31 El Nino,1930-12-16,84.0,Approved
08195000,"Frio Rv at Concan, TX",DJF1931,1930-31 El Nino,1931-01-16,92.0,Approved
08195000,"Frio Rv at Concan, TX",DJF1931,1930-31 El Nino,1930-10-18,132.0,Approved
08195000,"Frio Rv at Concan, TX",DJF1931,1930-31 El Nino,1930-10-04,82.0,Approved
08195000,"Frio Rv at Concan, TX",DJF1931,1930-31 El Nino,1930-10-08,465.0,Approved
08195000,"Frio Rv at Concan, TX",DJF1931,1930-31 El Nino,1931-02-25,181.0,Approved
08195000,"Frio Rv at Concan, TX",DJF1931,1930-31 El Nino,1930-12-10,89.0,Approved
08195000,"Frio Rv at Concan, TX",DJF1931,1930-31 El Nino,1930-10-23,128.0,Approved
08195000,"Frio Rv at Concan, TX",DJF1931,1930-31 El Nino,1931-01-28,230.0,Approved
08195000,"Frio Rv at Concan, TX",DJF1931,1930-31 El Nino,1930-10-30,103.0,Approved
08195000,"Frio Rv at Concan, TX",DJF1931,1930-31 El Nino,1931-01-19,118.0,Approved
08195000,"Frio Rv at Concan, TX",DJF1931,1930-31 El Nino,1931-01-24,109.0,Approved
08195000,"Frio Rv at Concan, TX",DJF1931,1930-31 El Nino,1930-10-25,112.0,Approved
08195000,"Frio Rv at Concan, TX",DJF1931,1930-31 El Nino,1931-02-23,189.0,Approved
08195000,"Frio Rv at Concan, TX",DJF1931,1930-31 El Nino,1931-02-13,189.0,Approved
08195000,"Frio Rv at Concan, TX",DJF1931,1930-31 El Nino,1931-01-04,69.0,Approved
08195000,"Frio Rv at Concan, TX",DJF1931,1930-31 El Nino,1930-12-13,89.0,Approved
08195000,"Frio Rv at Concan, TX",DJF1931,1930-31 El Nino,1931-01-12,69.0,Approved
08195000,"Frio Rv at Concan, TX",DJF1931,1930-31 El Nino,1930-11-18,98.0,Approved
08195000,"Frio Rv at Concan, TX",DJF1931,1930-31 El Nino,1931-02-21,193.0,Approved
08195000,"Frio Rv at Concan, TX",DJF1931,1930-31 El Nino,1930-11-20,98.0,Approved
08195000,"Frio Rv at Concan, TX",DJF1931,1930-31 El Nino,1931-01-22,106.0,Approved
08195000,"Frio Rv at Concan, TX",DJF1931,1930-31 El Nino,1931-02-15,197.0,Approved
08195000,"Frio Rv at Concan, TX",DJF1931,1930-31 El Nino,1930-11-14,103.0,Approved
08195000,"Frio Rv at Concan, TX",DJF1931,1930-31 El Nino,1931-02-26,174.0,Approved
08195000,"Frio Rv at Concan, TX",DJF1931,1930-31 El Nino,1931-02-17,206.0,Approved
08195000,"Frio Rv at Concan, TX",DJF1931,1930-31 El Nino,1931-01-30,244.0,Approved
08195000,"Frio Rv at Concan, TX",DJF1931,1930-31 El Nino,1931-02-19,197.0,Approved
08195000,"Frio Rv at Concan, TX",DJF1931,1930-31 El Nino,1930-12-28,74.0,Approved
08195000,"Frio Rv at Concan, TX",DJF1931,1930-31 El Nino,1930-11-06,100.0,Approved
08195000,"Frio Rv at Concan, TX",DJF1931,1930-31 El Nino,1930-10-15,159.0,Approved
08195000,"Frio Rv at Concan, TX",DJF1931,1930-31 El Nino,1930-11-10,103.0,Approved
08195000,"Frio Rv at Concan, TX",DJF1931,1930-31 El Nino,1931-01-15,64.0,Approved
08195000,"Frio Rv at Concan, TX",DJF1931,1930-31 El Nino,1931-01-17,138.0,Approved
08195000,"Frio Rv at Concan, TX",DJF1931,1930-31 El Nino,1930-10-02,19.0,Approved
08195000,"Frio Rv at Concan, TX",DJF1931,1930-31 El Nino,1930-11-04,95.0,Approved
08195000,"Frio Rv at Concan, TX",DJF1931,1930-31 El Nino,1930-10-09,289.0,Approved
08195000,"Frio Rv at Concan, TX",DJF1931,1930-31 El Nino,1931-01-08,69.0,Approved
08195000,"Frio Rv at Concan, TX",DJF1931,1930-31 El Nino,1930-12-08,92.0,Approved
08195000,"Frio Rv at Concan, TX",DJF1931,1930-31 El Nino,1930-11-24,98.0,Approved
08195000,"Frio Rv at Concan, TX",DJF1931,1930-31 El Nino,1930-12-12,89.0,Approved
08195000,"Frio Rv at Concan, TX",DJF1931,1930-31 El Nino,1930-10-01,19.0,Approved
08195000,"Frio Rv at Concan, TX",DJF1931,1930-31 El Nino,1930-11-11,100.0,Approved
08195000,"Frio Rv at Concan, TX",DJF1931,1930-31 El Nino,1930-12-18,81.0,Approved
08195000,"Frio Rv at Concan, TX",DJF1931,1930-31 El Nino,1930-12-15,84.0,Approved
08195000,"Frio Rv at Concan, TX",DJF1931,1930-31 El Nino,1931-02-16,222.0,Approved
08195000,"Frio Rv at Concan, TX",DJF1931,1930-31 El Nino,1931-01-07,69.0,Approved
08195000,"Frio Rv at Concan, TX",DJF1931,1930-31 El Nino,1930-12-04,100.0,Approved
08195000,"Frio Rv at Concan, TX",DJF1931,1930-31 El Nino,1930-10-19,122.0,Approved
08195000,"Frio Rv at Concan, TX",DJF1931,1930-31 El Nino,1930-11-12,100.0,Approved
08195000,"Frio Rv at Concan, TX",DJF1931,1930-31 El Nino,1930-11-29,112.0,Approved
08195000,"Frio Rv at Concan, TX",DJF1931,1930-31 El Nino,1931-02-06,201.0,Approved
08195000,"Frio Rv at Concan, TX",DJF1931,1930-31 El Nino,1930-12-05,92.0,Approved
08195000,"Frio Rv at Concan, TX",DJF1931,1930-31 El Nino,1930-12-01,98.0,Approved
08195000,"Frio Rv at Concan, TX",DJF1931,1930-31 El Nino,1930-11-26,95.0,Approved
08195000,"Frio Rv at Concan, TX",DJF1931,1930-31 El Nino,1931-02-07,201.0,Approved
08195000,"Frio Rv at Concan, TX",DJF1931,1930-31 El Nino,1930-12-14,89.0,Approved
08195000,"Frio Rv at Concan, TX",DJF1931,1930-31 El Nino,1930-12-17,81.0,Approved
08195000,"Frio Rv at Concan, TX",DJF1931,1930-31 El Nino,1931-01-29,240.0,Approved
08195000,"Frio Rv at Concan, TX",DJF1931,1930-31 El Nino,1930-12-22,79.0,Approved
08195000,"Frio Rv at Concan, TX",DJF1931,1930-31 El Nino,1930-11-17,98.0,Approved
08195000,"Frio Rv at Concan, TX",DJF1931,1930-31 El Nino,1931-01-26,115.0,Approved
08195000,"Frio Rv at Concan, TX",DJF1931,1930-31 El Nino,1930-12-30,72.0,Approved
08195000,"Frio Rv at Concan, TX",DJF1931,1930-31 El Nino,1930-11-05,92.0,Approved
08195000,"Frio Rv at Concan, TX",DJF1931,1930-31 El Nino,1931-02-28,166.0,Approved
08195000,"Frio Rv at Concan, TX",DJF1931,1930-31 El Nino,1930-10-11,178.0,Approved
08195000,"Frio Rv at Concan, TX",DJF1931,1930-31 El Nino,1930-10-05,69.0,Approved
08195000,"Frio Rv at Concan, TX",DJF1931,1930-31 El Nino,1930-12-21,84.0,Approved
08195000,"Frio Rv at Concan, TX",DJF1931,1930-31 El Nino,1930-10-27,106.0,Approved
08195000,"Frio Rv at Concan, TX",DJF1931,1930-31 El Nino,1930-12-09,89.0,Approved
08195000,"Frio Rv at Concan, TX",DJF1931,1930-31 El Nino,1930-11-09,103.0,Approved
08195000,"Frio Rv at Concan, TX",DJF1931,1930-31 El Nino,1930-10-10,218.0,Approved
08195000,"Frio Rv at Concan, TX",DJF1931,1930-31 El Nino,1931-01-13,69.0,Approved
08195000,"Frio Rv at Concan, TX",DJF1931,1930-31 El Nino,1930-10-21,112.0,Approved
08195000,"Frio Rv at Concan, TX",DJF1931,1930-31 El Nino,1931-02-03,222.0,Approved
08195000,"Frio Rv at Concan, TX",DJF1931,1930-31 El Nino,1931-02-24,185.0,Approved
08195000,"Frio Rv at Concan, TX",DJF1931,1930-31 El Nino,1930-10-07,1370.0,Approved
08195000,"Frio Rv at Concan, TX",DJF1931,1930-31 El Nino,1931-02-14,181.0,Approved
08195000,"Frio Rv at Concan, TX",DJF1931,1930-31 El Nino,1931-02-01,235.0,Approved
08195000,"Frio Rv at Concan, TX",DJF1931,1930-31 El Nino,1931-02-08,214.0,Approved
08195000,"Frio Rv at Concan, TX",DJF1931,1930-31 El Nino,1930-10-14,170.0,Approved
08195000,"Frio Rv at Concan, TX",DJF1931,1930-31 El Nino,1931-02-04,214.0,Approved
08195000,"Frio Rv at Concan, TX",DJF1931,1930-31 El Nino,1931-02-20,193.0,Approved
08195000,"Frio Rv at Concan, TX",DJF1931,1930-31 El Nino,1930-11-30,106.0,Approved
08195000,"Frio Rv at Concan, TX",DJF1931,1930-31 El Nino,1930-12-20,84.0,Approved
08195000,"Frio Rv at Concan, TX",DJF1931,1930-31 El Nino,1931-01-11,72.0,Approved
08195000,"Frio Rv at Concan, TX",DJF1931,1930-31 El Nino,1930-10-20,115.0,Approved
08195000,"Frio Rv at Concan, TX",DJF1931,1930-31 El Nino,1930-11-23,100.0,Approved
08195000,"Frio Rv at Concan, TX",DJF1931,1930-31 El Nino,1930-11-08,100.0,Approved
08195000,"Frio Rv at Concan, TX",DJF1931,1930-31 El Nino,1931-01-25,109.0,Approved
08195000,"Frio Rv at Concan, TX",DJF1931,1930-31 El Nino,1930-10-22,115.0,Approved
08195000,"Frio Rv at Concan, TX",DJF1931,1930-31 El Nino,1930-10-17,138.0,Approved
08195000,"Frio Rv at Concan, TX",DJF1931,1930-31 El Nino,1931-01-21,109.0,Approved
08195000,"Frio Rv at Concan, TX",DJF1931,1930-31 El Nino,1930-11-07,92.0,Approved
08195000,"Frio Rv at Concan, TX",DJF1931,1930-31 El Nino,1930-10-31,103.0,Approved
08195000,"Frio Rv at Concan, TX",DJF1931,1930-31 El Nino,1931-02-27,170.0,Approved
08195000,"Frio Rv at Concan, TX",DJF1931,1930-31 El Nino,1931-01-05,69.0,Approved
08195000,"Frio Rv at Concan, TX",DJF1931,1930-31 El Nino,1930-12-26,76.0,Approved
08195000,"Frio Rv at Concan, TX",DJF1931,1930-31 El Nino,1930-10-03,19.0,Approved
08195000,"Frio Rv at Concan, TX",DJF1931,1930-31 El Nino,1930-11-27,95.0,Approved
08195000,"Frio Rv at Concan, TX",DJF1931,1930-31 El Nino,1930-12-06,92.0,Approved
08195000,"Frio Rv at Concan, TX",DJF1931,1930-31 El Nino,1931-01-03,72.0,Approved
08195000,"Frio Rv at Concan, TX",DJF1931,1930-31 El Nino,1931-02-11,193.0,Approved
08195000,"Frio Rv at Concan, TX",DJF1931,1930-31 El Nino,1931-01-23,106.0,Approved
08195000,"Frio Rv at Concan, TX",DJF1931,1930-31 El Nino,1930-12-31,74.0,Approved
08195000,"Frio Rv at Concan, TX",DJF1931,1930-31 El Nino,1930-12-02,95.0,Approved
08195000,"Frio Rv at Concan, TX",DJF1931,1930-31 El Nino,1931-02-09,210.0,Approved
08195000,"Frio Rv at Concan, TX",DJF1931,1930-31 El Nino,1931-01-09,67.0,Approved
08195000,"Frio Rv at Concan, TX",DJF1931,1930-31 El Nino,1930-10-12,166.0,Approved
08195000,"Frio Rv at Concan, TX",DJF1931,1930-31 El Nino,1930-10-06,10500.0,Approved
08195000,"Frio Rv at Concan, TX",DJF1931,1930-31 El Nino,1931-02-10,197.0,Approved
08195000,"Frio Rv at Concan, TX",DJF1931,1930-31 El Nino,1930-11-28,98.0,Approved
08195000,"Frio Rv at Concan, TX",DJF1931,1930-31 El Nino,1930-11-21,98.0,Approved
08195000,"Frio Rv at Concan, TX",DJF1931,1930-31 El Nino,1930-11-13,98.0,Approved
08195000,"Frio Rv at Concan, TX",DJF1931,1930-31 El Nino,1931-02-05,206.0,Approved
08195000,"Frio Rv at Concan, TX",DJF1931,1930-31 El Nino,1930-11-15,103.0,Approved
08195000,"Frio Rv at Concan, TX",DJF1931,1930-31 El Nino,1930-12-07,92.0,Approved
08195000,"Frio Rv at Concan, TX",DJF1931,1930-31 El Nino,1930-12-03,95.0,Approved
08195000,"Frio Rv at Concan, TX",DJF1931,1930-31 El Nino,1931-02-18,201.0,Approved
08195000,"Frio Rv at Concan, TX",DJF1931,1930-31 El Nino,1930-12-11,89.0,Approved
08195000,"Frio Rv at Concan, TX",DJF1931,1930-31 El Nino,1930-11-03,98.0,Approved
08195000,"Frio Rv at Concan, TX",DJF1931,1930-31 El Nino,1930-12-19,81.0,Approved
08195000,"Frio Rv at Concan, TX",DJF1931,1930-31 El Nino,1931-01-31,244.0,Approved
08195000,"Frio Rv at Concan, TX",DJF1931,1930-31 El Nino,1930-10-13,181.0,Approved
08195000,"Frio Rv at Concan, TX",DJF1931,1930-31 El Nino,1930-10-16,145.0,Approved
08195000,"Frio Rv at Concan, TX",DJF1931,1930-31 El Nino,1931-01-20,112.0,Approved
08195000,"Frio Rv at Concan, TX",DJF1931,1930-31 El Nino,1930-10-28,106.0,Approved
08195000,"Frio Rv at Concan, TX",DJF1931,1930-31 El Nino,1930-12-29,72.0,Approved
08195000,"Frio Rv at Concan, TX",DJF1931,1930-31 El Nino,1930-11-19,95.0,Approved
08195000,"Frio Rv at Concan, TX",DJF1941,1940-41 El Nino,1940-11-07,37.0,Approved
08195000,"Frio Rv at Concan, TX",DJF1941,1940-41 El Nino,1940-11-29,43.0,Approved
08195000,"Frio Rv at Concan, TX",DJF1941,1940-41 El Nino,1941-01-03,66.0,Approved
08195000,"Frio Rv at Concan, TX",DJF1941,1940-41 El Nino,1940-11-28,41.0,Approved
08195000,"Frio Rv at Concan, TX",DJF1941,1940-41 El Nino,1940-09-02,50.0,Approved
08195000,"Frio Rv at Concan, TX",DJF1941,1940-41 El Nino,1941-01-15,59.0,Approved
08195000,"Frio Rv at Concan, TX",DJF1941,1940-41 El Nino,1941-02-21,74.0,Approved
08195000,"Frio Rv at Concan, TX",DJF1941,1940-41 El Nino,1940-11-08,45.0,Approved
08195000,"Frio Rv at Concan, TX",DJF1941,1940-41 El Nino,1940-11-30,43.0,Approved
08195000,"Frio Rv at Concan, TX",DJF1941,1940-41 El Nino,1940-11-01,42.0,Approved
08195000,"Frio Rv at Concan, TX",DJF1941,1940-41 El Nino,1940-10-12,27.0,Approved
08195000,"Frio Rv at Concan, TX",DJF1941,1940-41 El Nino,1940-10-30,29.0,Approved
08195000,"Frio Rv at Concan, TX",DJF1941,1940-41 El Nino,1940-11-18,44.0,Approved
08195000,"Frio Rv at Concan, TX",DJF1941,1940-41 El Nino,1941-01-01,68.0,Approved
08195000,"Frio Rv at Concan, TX",DJF1941,1940-41 El Nino,1940-09-29,30.0,Approved
08195000,"Frio Rv at Concan, TX",DJF1941,1940-41 El Nino,1940-10-03,30.0,Approved
08195000,"Frio Rv at Concan, TX",DJF1941,1940-41 El Nino,1940-12-23,74.0,Approved
08195000,"Frio Rv at Concan, TX",DJF1941,1940-41 El Nino,1940-10-29,30.0,Approved
08195000,"Frio Rv at Concan, TX",DJF1941,1940-41 El Nino,1940-09-21,30.0,Approved
08195000,"Frio Rv at Concan, TX",DJF1941,1940-41 El Nino,1941-02-03,74.0,Approved
08195000,"Frio Rv at Concan, TX",DJF1941,1940-41 El Nino,1940-10-19,24.0,Approved
08195000,"Frio Rv at Concan, TX",DJF1941,1940-41 El Nino,1940-11-11,45.0,Approved
08195000,"Frio Rv at Concan, TX",DJF1941,1940-41 El Nino,1940-12-26,72.0,Approved
08195000,"Frio Rv at Concan, TX",DJF1941,1940-41 El Nino,1941-01-16,59.0,Approved
08195000,"Frio Rv at Concan, TX",DJF1941,1940-41 El Nino,1941-01-08,62.0,Approved
08195000,"Frio Rv at Concan, TX",DJF1941,1940-41 El Nino,1940-10-09,27.0,Approved
08195000,"Frio Rv at Concan, TX",DJF1941,1940-41 El Nino,1941-02-19,74.0,Approved
08195000,"Frio Rv at Concan, TX",DJF1941,1940-41 El Nino,1940-11-23,43.0,Approved
08195000,"Frio Rv at Concan, TX",DJF1941,1940-41 El Nino,1940-09-01,50.0,Approved
08195000,"Frio Rv at Concan, TX",DJF1941,1940-41 El Nino,1940-09-11,37.0,Approved
08195000,"Frio Rv at Concan, TX",DJF1941,1940-41 El Nino,1940-11-21,43.0,Approved
08195000,"Frio Rv at Concan, TX",DJF1941,1940-41 El Nino,1940-09-03,48.0,Approved
08195000,"Frio Rv at Concan, TX",DJF1941,1940-41 El Nino,1940-10-16,26.0,Approved
08195000,"Frio Rv at Concan, TX",DJF1941,1940-41 El Nino,1941-02-17,74.0,Approved
08195000,"Frio Rv at Concan, TX",DJF1941,1940-41 El Nino,1941-02-22,74.0,Approved
08195000,"Frio Rv at Concan, TX",DJF1941,1940-41 El Nino,1940-12-08,41.0,Approved
08195000,"Frio Rv at Concan, TX",DJF1941,1940-41 El Nino,1940-11-15,44.0,Approved
08195000,"Frio Rv at Concan, TX",DJF1941,1940-41 El Nino,1940-09-24,34.0,Approved
08195000,"Frio Rv at Concan, TX",DJF1941,1940-41 El Nino,1941-01-12,61.0,Approved
08195000,"Frio Rv at Concan, TX",DJF1941,1940-41 El Nino,1940-12-05,41.0,Approved
08195000,"Frio Rv at Concan, TX",DJF1941,1940-41 El Nino,1941-02-07,74.0,Approved
08195000,"Frio Rv at Concan, TX",DJF1941,1940-41 El Nino,1940-11-02,32.0,Approved
08195000,"Frio Rv at Concan, TX",DJF1941,1940-41 El Nino,1941-02-08,79.0,Approved
08195000,"Frio Rv at Concan, TX",DJF1941,1940-41 El Nino,1940-09-26,30.0,Approved
08195000,"Frio Rv at Concan, TX",DJF1941,1940-41 El Nino,1941-01-25,52.0,Approved
08195000,"Frio Rv at Concan, TX",DJF1941,1940-41 El Nino,1940-11-09,45.0,Approved
08195000,"Frio Rv at Concan, TX",DJF1941,1940-41 El Nino,1940-12-01,43.0,Approved
08195000,"Frio Rv at Concan, TX",DJF1941,1940-41 El Nino,1940-12-22,75.0,Approved
08195000,"Frio Rv at Concan, TX",DJF1941,1940-41 El Nino,1940-10-10,27.0,Approved
08195000,"Frio Rv at Concan, TX",DJF1941,1940-41 El Nino,1941-01-05,65.0,Approved
08195000,"Frio Rv at Concan, TX",DJF1941,1940-41 El Nino,1940-09-04,45.0,Approved
08195000,"Frio Rv at Concan, TX",DJF1941,1940-41 El Nino,1940-12-19,78.0,Approved
08195000,"Frio Rv at Concan, TX",DJF1941,1940-41 El Nino,1941-02-26,76.0,Approved
08195000,"Frio Rv at Concan, TX",DJF1941,1940-41 El Nino,1940-12-12,84.0,Approved
08195000,"Frio Rv at Concan, TX",DJF1941,1940-41 El Nino,1940-11-06,34.0,Approved
08195000,"Frio Rv at Concan, TX",DJF1941,1940-41 El Nino,1940-12-24,74.0,Approved
08195000,"Frio Rv at Concan, TX",DJF1941,1940-41 El Nino,1941-02-16,74.0,Approved
08195000,"Frio Rv at Concan, TX",DJF1941,1940-41 El Nino,1940-10-11,27.0,Approved
08195000,"Frio Rv at Concan, TX",DJF1941,1940-41 El Nino,1940-11-13,44.0,Approved
08195000,"Frio Rv at Concan, TX",DJF1941,1940-41 El Nino,1940-09-18,34.0,Approved
08195000,"Frio Rv at Concan, TX",DJF1941,1940-41 El Nino,1940-10-22,24.0,Approved
08195000,"Frio Rv at Concan, TX",DJF1941,1940-41 El Nino,1941-02-24,79.0,Approved
08195000,"Frio Rv at Concan, TX",DJF1941,1940-41 El Nino,1940-12-30,69.0,Approved
08195000,"Frio Rv at Concan, TX",DJF1941,1940-41 El Nino,1941-01-14,61.0,Approved
08195000,"Frio Rv at Concan, TX",DJF1941,1940-41 El Nino,1940-11-27,43.0,Approved
08195000,"Frio Rv at Concan, TX",DJF1941,1940-41 El Nino,1941-02-02,76.0,Approved
08195000,"Frio Rv at Concan, TX",DJF1941,1940-41 El Nino,1940-11-24,43.0,Approved
08195000,"Frio Rv at Concan, TX",DJF1941,1940-41 El Nino,1941-01-24,54.0,Approved
08195000,"Frio Rv at Concan, TX",DJF1941,1940-41 El Nino,1940-10-01,32.0,Approved
08195000,"Frio Rv at Concan, TX",DJF1941,1940-41 El Nino,1940-09-12,36.0,Approved
08195000,"Frio Rv at Concan, TX",DJF1941,1940-41 El Nino,1940-10-13,27.0,Approved
08195000,"Frio Rv at Concan, TX",DJF1941,1940-41 El Nino,1940-10-28,29.0,Approved
08195000,"Frio Rv at Concan, TX",DJF1941,1940-41 El Nino,1940-10-04,29.0,Approved
08195000,"Frio Rv at Concan, TX",DJF1941,1940-41 El Nino,1941-01-11,61.0,Approved
08195000,"Frio Rv at Concan, TX",DJF1941,1940-41 El Nino,1941-01-31,64.0,Approved
08195000,"Frio Rv at Concan, TX",DJF1941,1940-41 El Nino,1941-01-02,67.0,Approved
08195000,"Frio Rv at Concan, TX",DJF1941,1940-41 El Nino,1941-02-13,74.0,Approved
08195000,"Frio Rv at Concan, TX",DJF1941,1940-41 El Nino,1940-12-31,68.0,Approved
08195000,"Frio Rv at Concan, TX",DJF1941,1940-41 El Nino,1941-01-27,54.0,Approved
08195000,"Frio Rv at Concan, TX",DJF1941,1940-41 El Nino,1941-01-13,61.0,Approved
08195000,"Frio Rv at Concan, TX",DJF1941,1940-41 El Nino,1940-12-11,140.0,Approved
08195000,"Frio Rv at Concan, TX",DJF1941,1940-41 El Nino,1941-01-29,52.0,Approved
08195000,"Frio Rv at Concan, TX",DJF1941,1940-41 El Nino,1941-01-06,64.0,Approved
08195000,"Frio Rv at Concan, TX",DJF1941,1940-41 El Nino,1940-12-07,41.0,Approved
08195000,"Frio Rv at Concan, TX",DJF1941,1940-41 El Nino,1940-10-31,88.0,Approved
08195000,"Frio Rv at Concan, TX",DJF1941,1940-41 El Nino,1940-09-28,30.0,Approved
08195000,"Frio Rv at Concan, TX",DJF1941,1940-41 El Nino,1940-11-10,45.0,Approved
08195000,"Frio Rv at Concan, TX",DJF1941,1940-41 El Nino,1941-01-28,54.0,Approved
08195000,"Frio Rv at Concan, TX",DJF1941,1940-41 El Nino,1940-10-24,26.0,Approved
08195000,"Frio Rv at Concan, TX",DJF1941,1940-41 El Nino,1940-10-14,27.0,Approved
08195000,"Frio Rv at Concan, TX",DJF1941,1940-41 El Nino,1940-10-25,29.0,Approved
08195000,"Frio Rv at Concan, TX",DJF1941,1940-41 El Nino,1940-12-20,77.0,Approved
08195000,"Frio Rv at Concan, TX",DJF1941,1940-41 El Nino,1940-09-30,30.0,Approved
08195000,"Frio Rv at Concan, TX",DJF1941,1940-41 El Nino,1940-12-28,71.0,Approved
08195000,"Frio Rv at Concan, TX",DJF1941,1940-41 El Nino,1940-09-06,43.0,Approved
08195000,"Frio Rv at Concan, TX",DJF1941,1940-41 El Nino,1940-11-12,45.0,Approved
08195000,"Frio Rv at Concan, TX",DJF1941,1940-41 El Nino,1940-09-09,41.0,Approved
08195000,"Frio Rv at Concan, TX",DJF1941,1940-41 El Nino,1941-02-20,74.0,Approved
08195000,"Frio Rv at Concan, TX",DJF1941,1940-41 El Nino,1940-11-17,44.0,Approved
08195000,"Frio Rv at Concan, TX",DJF1941,1940-41 El Nino,1940-10-02,30.0,Approved
08195000,"Frio Rv at Concan, TX",DJF1941,1940-41 El Nino,1941-02-06,79.0,Approved
08195000,"Frio Rv at Concan, TX",DJF1941,1940-41 El Nino,1940-12-16,81.0,Approved
08195000,"Frio Rv at Concan, TX",DJF1941,1940-41 El Nino,1940-12-10,41.0,Approved
08195000,"Frio Rv at Concan, TX",DJF1941,1940-41 El Nino,1940-10-20,24.0,Approved
08195000,"Frio Rv at Concan, TX",DJF1941,1940-41 El Nino,1940-09-07,41.0,Approved
08195000,"Frio Rv at Concan, TX",DJF1941,1940-41 El Nino,1940-11-03,30.0,Approved
08195000,"Frio Rv at Concan, TX",DJF1941,1940-41 El Nino,1940-12-14,70.0,Approved
08195000,"Frio Rv at Concan, TX",DJF1941,1940-41 El Nino,1940-09-16,36.0,Approved
08195000,"Frio Rv at Concan, TX",DJF1941,1940-41 El Nino,1940-12-27,72.0,Approved
08195000,"Frio Rv at Concan, TX",DJF1941,1940-41 El Nino,1940-11-26,43.0,Approved
08195000,"Frio Rv at Concan, TX",DJF1941,1940-41 El Nino,1940-09-17,34.0,Approved
08195000,"Frio Rv at Concan, TX",DJF1941,1940-41 El Nino,1940-11-14,44.0,Approved
08195000,"Frio Rv at Concan, TX",DJF1941,1940-41 El Nino,1941-02-09,79.0,Approved
08195000,"Frio Rv at Concan, TX",DJF1941,1940-41 El Nino,1941-01-23,54.0,Approved
08195000,"Frio Rv at Concan, TX",DJF1941,1940-41 El Nino,1941-02-25,79.0,Approved
08195000,"Frio Rv at Concan, TX",DJF1941,1940-41 El Nino,1940-09-22,43.0,Approved
08195000,"Frio Rv at Concan, TX",DJF1941,1940-41 El Nino,1940-10-17,24.0,Approved
08195000,"Frio Rv at Concan, TX",DJF1941,1940-41 El Nino,1940-11-04,30.0,Approved
08195000,"Frio Rv at Concan, TX",DJF1941,1940-41 El Nino,1941-01-26,52.0,Approved
08195000,"Frio Rv at Concan, TX",DJF1941,1940-41 El Nino,1940-09-08,41.0,Approved
08195000,"Frio Rv at Concan, TX",DJF1941,1940-41 El Nino,1940-10-06,29.0,Approved
08195000,"Frio Rv at Concan, TX",DJF1941,1940-41 El Nino,1940-10-05,29.0,Approved
08195000,"Frio Rv at Concan, TX",DJF1941,1940-41 El Nino,1940-10-08,30.0,Approved
08195000,"Frio Rv at Concan, TX",DJF1941,1940-41 El Nino,1940-12-09,41.0,Approved
08195000,"Frio Rv at Concan, TX",DJF1941,1940-41 El Nino,1940-12-29,70.0,Approved
08195000,"Frio Rv at Concan, TX",DJF1941,1940-41 El Nino,1940-09-23,37.0,Approved
08195000,"Frio Rv at Concan, TX",DJF1941,1940-41 El Nino,1940-09-10,39.0,Approved
08195000,"Frio Rv at Concan, TX",DJF1941,1940-41 El Nino,1940-11-19,44.0,Approved
08195000,"Frio Rv at Concan, TX",DJF1941,1940-41 El Nino,1940-09-19,32.0,Approved
08195000,"Frio Rv at Concan, TX",DJF1941,1940-41 El Nino,1940-10-26,30.0,Approved
08195000,"Frio Rv at Concan, TX",DJF1941,1940-41 El Nino,1941-01-22,54.0,Approved
08195000,"Frio Rv at Concan, TX",DJF1941,1940-41 El Nino,1941-01-30,50.0,Approved
08195000,"Frio Rv at Concan, TX",DJF1941,1940-41 El Nino,1941-02-18,74.0,Approved
08195000,"Frio Rv at Concan, TX",DJF1941,1940-41 El Nino,1940-11-25,48.0,Approved
08195000,"Frio Rv at Concan, TX",DJF1941,1940-41 El Nino,1940-10-27,29.0,Approved
08195000,"Frio Rv at Concan, TX",DJF1941,1940-41 El Nino,1940-09-15,36.0,Approved
08195000,"Frio Rv at Concan, TX",DJF1941,1940-41 El Nino,1941-02-14,74.0,Approved
08195000,"Frio Rv at Concan, TX",DJF1941,1940-41 El Nino,1940-12-13,72.0,Approved
08195000,"Frio Rv at Concan, TX",DJF1941,1940-41 El Nino,1940-12-18,78.0,Approved
08195000,"Frio Rv at Concan, TX",DJF1941,1940-41 El Nino,1940-09-14,36.0,Approved
08195000,"Frio Rv at Concan, TX",DJF1941,1940-41 El Nino,1941-01-18,59.0,Approved
08195000,"Frio Rv at Concan, TX",DJF1941,1940-41 El Nino,1940-12-25,73.0,Approved
08195000,"Frio Rv at Concan, TX",DJF1941,1940-41 El Nino,1940-09-05,43.0,Approved
08195000,"Frio Rv at Concan, TX",DJF1941,1940-41 El Nino,1941-01-20,56.0,Approved
08195000,"Frio Rv at Concan, TX",DJF1941,1940-41 El Nino,1941-02-12,76.0,Approved
08195000,"Frio Rv at Concan, TX",DJF1941,1940-41 El Nino,1940-09-20,32.0,Approved
08195000,"Frio Rv at Concan, TX",DJF1941,1940-41 El Nino,1940-09-27,30.0,Approved
08195000,"Frio Rv at Concan, TX",DJF1941,1940-41 El Nino,1940-11-16,44.0,Approved
08195000,"Frio Rv at Concan, TX",DJF1941,1940-41 El Nino,1940-12-15,84.0,Approved
08195000,"Frio Rv at Concan, TX",DJF1941,1940-41 El Nino,1940-11-05,34.0,Approved
08195000,"Frio Rv at Concan, TX",DJF1941,1940-41 El Nino,1940-09-13,36.0,Approved
08195000,"Frio Rv at Concan, TX",DJF1941,1940-41 El Nino,1941-02-04,76.0,Approved
08195000,"Frio Rv at Concan, TX",DJF1941,1940-41 El Nino,1941-01-17,59.0,Approved
08195000,"Frio Rv at Concan, TX",DJF1941,1940-41 El Nino,1941-02-10,79.0,Approved
08195000,"Frio Rv at Concan, TX",DJF1941,1940-41 El Nino,1941-02-28,72.0,Approved
08195000,"Frio Rv at Concan, TX",DJF1941,1940-41 El Nino,1941-02-23,81.0,Approved
08195000,"Frio Rv at Concan, TX",DJF1941,1940-41 El Nino,1940-12-02,41.0,Approved
08195000,"Frio Rv at Concan, TX",DJF1941,1940-41 El Nino,1941-02-15,74.0,Approved
08195000,"Frio Rv at Concan, TX",DJF1941,1940-41 El Nino,1940-12-06,41.0,Approved
08195000,"Frio Rv at Concan, TX",DJF1941,1940-41 El Nino,1940-12-21,76.0,Approved
08195000,"Frio Rv at Concan, TX",DJF1941,1940-41 El Nino,1940-10-21,24.0,Approved
08195000,"Frio Rv at Concan, TX",DJF1941,1940-41 El Nino,1940-12-03,41.0,Approved
08195000,"Frio Rv at Concan, TX",DJF1941,1940-41 El Nino,1941-01-10,61.0,Approved
08195000,"Frio Rv at Concan, TX",DJF1941,1940-41 El Nino,1941-02-01,91.0,Approved
08195000,"Frio Rv at Concan, TX",DJF1941,1940-41 El Nino,1940-10-23,26.0,Approved
08195000,"Frio Rv at Concan, TX",DJF1941,1940-41 El Nino,1941-01-07,63.0,Approved
08195000,"Frio Rv at Concan, TX",DJF1941,1940-41 El Nino,1940-11-20,44.0,Approved
08195000,"Frio Rv at Concan, TX",DJF1941,1940-41 El Nino,1940-11-22,43.0,Approved
08195000,"Frio Rv at Concan, TX",DJF1941,1940-41 El Nino,1940-10-07,41.0,Approved
08195000,"Frio Rv at Concan, TX",DJF1941,1940-41 El Nino,1941-02-11,76.0,Approved
08195000,"Frio Rv at Concan, TX",DJF1941,1940-41 El Nino,1941-02-05,76.0,Approved
08195000,"Frio Rv at Concan, TX",DJF1941,1940-41 El Nino,1940-12-04,41.0,Approved
08195000,"Frio Rv at Concan, TX",DJF1941,1940-41 El Nino,1941-01-21,54.0,Approved
08195000,"Frio Rv at Concan, TX",DJF1941,1940-41 El Nino,1940-12-17,79.0,Approved
08195000,"Frio Rv at Concan, TX",DJF1941,1940-41 El Nino,1941-01-09,62.0,Approved
08195000,"Frio Rv at Concan, TX",DJF1941,1940-41 El Nino,1941-01-19,56.0,Approved
08195000,"Frio Rv at Concan, TX",DJF1941,1940-41 El Nino,1940-10-15,27.0,Approved
08195000,"Frio Rv at Concan, TX",DJF1941,1940-41 El Nino,1941-01-04,66.0,Approved
08195000,"Frio Rv at Concan, TX",DJF1941,1940-41 El Nino,1940-09-25,32.0,Approved
08195000,"Frio Rv at Concan, TX",DJF1941,1940-41 El Nino,1940-10-18,24.0,Approved
08195000,"Frio Rv at Concan, TX",DJF1941,1940-41 El Nino,1941-02-27,74.0,Approved
08195000,"Frio Rv at Concan, TX",DJF1973,1972-73 El Nino,1973-02-25,101.0,Approved
08195000,"Frio Rv at Concan, TX",DJF1973,1972-73 El Nino,1972-12-07,98.0,Approved
08195000,"Frio Rv at Concan, TX",DJF1973,1972-73 El Nino,1972-12-27,88.0,Approved
08195000,"Frio Rv at Concan, TX",DJF1973,1972-73 El Nino,1972-11-13,125.0,Approved
08195000,"Frio Rv at Concan, TX",DJF1973,1972-73 El Nino,1973-02-20,81.0,Approved
08195000,"Frio Rv at Concan, TX",DJF1973,1972-73 El Nino,1972-09-20,153.0,Approved
08195000,"Frio Rv at Concan, TX",DJF1973,1972-73 El Nino,1972-10-17,141.0,Approved
08195000,"Frio Rv at Concan, TX",DJF1973,1972-73 El Nino,1972-09-06,195.0,Approved
08195000,"Frio Rv at Concan, TX",DJF1973,1972-73 El Nino,1972-10-31,129.0,Approved
08195000,"Frio Rv at Concan, TX",DJF1973,1972-73 El Nino,1972-11-09,115.0,Approved
08195000,"Frio Rv at Concan, TX",DJF1973,1972-73 El Nino,1973-01-23,75.0,Approved
08195000,"Frio Rv at Concan, TX",DJF1973,1972-73 El Nino,1972-10-24,133.0,Approved
08195000,"Frio Rv at Concan, TX",DJF1973,1972-73 El Nino,1973-01-12,84.0,Approved
08195000,"Frio Rv at Concan, TX",DJF1973,1972-73 El Nino,1973-01-19,80.0,Approved
08195000,"Frio Rv at Concan, TX",DJF1973,1972-73 El Nino,1972-12-06,97.0,Approved
08195000,"Frio Rv at Concan, TX",DJF1973,1972-73 El Nino,1972-10-27,133.0,Approved
08195000,"Frio Rv at Concan, TX",DJF1973,1972-73 El Nino,1973-01-15,83.0,Approved
08195000,"Frio Rv at Concan, TX",DJF1973,1972-73 El Nino,1972-12-15,92.0,Approved
08195000,"Frio Rv at Concan, TX",DJF1973,1972-73 El Nino,1972-12-03,101.0,Approved
08195000,"Frio Rv at Concan, TX",DJF1973,1972-73 El Nino,1973-02-11,82.0,Approved
08195000,"Frio Rv at Concan, TX",DJF1973,1972-73 El Nino,1972-09-24,250.0,Approved
08195000,"Frio Rv at Concan, TX",DJF1973,1972-73 El Nino,1972-10-22,155.0,Approved
08195000,"Frio Rv at Concan, TX",DJF1973,1972-73 El Nino,1972-11-11,114.0,Approved
08195000,"Frio Rv at Concan, TX",DJF1973,1972-73 El Nino,1973-01-08,86.0,Approved
08195000,"Frio Rv at Concan, TX",DJF1973,1972-73 El Nino,1972-10-03,190.0,Approved
08195000,"Frio Rv at Concan, TX",DJF1973,1972-73 El Nino,1972-12-31,86.0,Approved
08195000,"Frio Rv at Concan, TX",DJF1973,1972-73 El Nino,1972-11-01,128.0,Approved
08195000,"Frio Rv at Concan, TX",DJF1973,1972-73 El Nino,1972-11-15,115.0,Approved
08195000,"Frio Rv at Concan, TX",DJF1973,1972-73 El Nino,1972-09-10,175.0,Approved
08195000,"Frio Rv at Concan, TX",DJF1973,1972-73 El Nino,1973-01-02,89.0,Approved
08195000,"Frio Rv at Concan, TX",DJF1973,1972-73 El Nino,1972-09-16,200.0,Approved
08195000,"Frio Rv at Concan, TX",DJF1973,1972-73 El Nino,1972-12-18,91.0,Approved
08195000,"Frio Rv at Concan, TX",DJF1973,1972-73 El Nino,1972-11-24,117.0,Approved
08195000,"Frio Rv at Concan, TX",DJF1973,1972-73 El Nino,1973-02-17,83.0,Approved
08195000,"Frio Rv at Concan, TX",DJF1973,1972-73 El Nino,1972-11-19,109.0,Approved
08195000,"Frio Rv at Concan, TX",DJF1973,1972-73 El Nino,1972-10-14,146.0,Approved
08195000,"Frio Rv at Concan, TX",DJF1973,1972-73 El Nino,1972-09-15,161.0,Approved
08195000,"Frio Rv at Concan, TX",DJF1973,1972-73 El Nino,1972-09-09,180.0,Approved
08195000,"Frio Rv at Concan, TX",DJF1973,1972-73 El Nino,1972-09-01,210.0,Approved
08195000,"Frio Rv at Concan, TX",DJF1973,1972-73 El Nino,1972-09-04,185.0,Approved
08195000,"Frio Rv at Concan, TX",DJF1973,1972-73 El Nino,1972-11-04,121.0,Approved
08195000,"Frio Rv at Concan, TX",DJF1973,1972-73 El Nino,1972-12-05,100.0,Approved
08195000,"Frio Rv at Concan, TX",DJF1973,1972-73 El Nino,1973-02-04,80.0,Approved
08195000,"Frio Rv at Concan, TX",DJF1973,1972-73 El Nino,1973-01-22,75.0,Approved
08195000,"Frio Rv at Concan, TX",DJF1973,1972-73 El Nino,1972-10-10,157.0,Approved
08195000,"Frio Rv at Concan, TX",DJF1973,1972-73 El Nino,1973-01-10,87.0,Approved
08195000,"Frio Rv at Concan, TX",DJF1973,1972-73 El Nino,1972-10-18,138.0,Approved
08195000,"Frio Rv at Concan, TX",DJF1973,1972-73 El Nino,1973-02-02,80.0,Approved
08195000,"Frio Rv at Concan, TX",DJF1973,1972-73 El Nino,1972-12-19,91.0,Approved
08195000,"Frio Rv at Concan, TX",DJF1973,1972-73 El Nino,1972-10-26,132.0,Approved
08195000,"Frio Rv at Concan, TX",DJF1973,1972-73 El Nino,1972-10-30,130.0,Approved
08195000,"Frio Rv at Concan, TX",DJF1973,1972-73 El Nino,1972-11-29,105.0,Approved
08195000,"Frio Rv at Concan, TX",DJF1973,1972-73 El Nino,1972-09-07,190.0,Approved
08195000,"Frio Rv at Concan, TX",DJF1973,1972-73 El Nino,1972-09-12,170.0,Approved
08195000,"Frio Rv at Concan, TX",DJF1973,1972-73 El Nino,1972-11-20,108.0,Approved
08195000,"Frio Rv at Concan, TX",DJF1973,1972-73 El Nino,1972-09-17,165.0,Approved
08195000,"Frio Rv at Concan, TX",DJF1973,1972-73 El Nino,1972-10-15,145.0,Approved
08195000,"Frio Rv at Concan, TX",DJF1973,1972-73 El Nino,1972-09-30,200.0,Approved
08195000,"Frio Rv at Concan, TX",DJF1973,1972-73 El Nino,1972-10-20,135.0,Approved
08195000,"Frio Rv at Concan, TX",DJF1973,1972-73 El Nino,1972-12-26,88.0,Approved
08195000,"Frio Rv at Concan, TX",DJF1973,1972-73 El Nino,1972-12-11,95.0,Approved
08195000,"Frio Rv at Concan, TX",DJF1973,1972-73 El Nino,1972-11-08,116.0,Approved
08195000,"Frio Rv at Concan, TX",DJF1973,1972-73 El Nino,1972-10-06,170.0,Approved
08195000,"Frio Rv at Concan, TX",DJF1973,1972-73 El Nino,1972-11-26,107.0,Approved
08195000,"Frio Rv at Concan, TX",DJF1973,1972-73 El Nino,1972-11-05,118.0,Approved
08195000,"Frio Rv at Concan, TX",DJF1973,1972-73 El Nino,1973-01-31,83.0,Approved
08195000,"Frio Rv at Concan, TX",DJF1973,1972-73 El Nino,1973-02-05,79.0,Approved
08195000,"Frio Rv at Concan, TX",DJF1973,1972-73 El Nino,1973-01-18,80.0,Approved
08195000,"Frio Rv at Concan, TX",DJF1973,1972-73 El Nino,1972-12-25,89.0,Approved
08195000,"Frio Rv at Concan, TX",DJF1973,1972-73 El Nino,1972-11-12,113.0,Approved
08195000,"Frio Rv at Concan, TX",DJF1973,1972-73 El Nino,1972-12-08,98.0,Approved
08195000,"Frio Rv at Concan, TX",DJF1973,1972-73 El Nino,1972-11-03,122.0,Approved
08195000,"Frio Rv at Concan, TX",DJF1973,1972-73 El Nino,1973-02-19,83.0,Approved
08195000,"Frio Rv at Concan, TX",DJF1973,1972-73 El Nino,1972-12-01,103.0,Approved
08195000,"Frio Rv at Concan, TX",DJF1973,1972-73 El Nino,1972-10-23,138.0,Approved
08195000,"Frio Rv at Concan, TX",DJF1973,1972-73 El Nino,1972-09-18,161.0,Approved
08195000,"Frio Rv at Concan, TX",DJF1973,1972-73 El Nino,1973-02-06,80.0,Approved
08195000,"Frio Rv at Concan, TX",DJF1973,1972-73 El Nino,1972-11-16,115.0,Approved
08195000,"Frio Rv at Concan, TX",DJF1973,1972-73 El Nino,1973-02-27,101.0,Approved
08195000,"Frio Rv at Concan, TX",DJF1973,1972-73 El Nino,1972-10-11,153.0,Approved
08195000,"Frio Rv at Concan, TX",DJF1973,1972-73 El Nino,1972-12-23,88.0,Approved
08195000,"Frio Rv at Concan, TX",DJF1973,1972-73 El Nino,1972-09-27,225.0,Approved
08195000,"Frio Rv at Concan, TX",DJF1973,1972-73 El Nino,1973-01-01,86.0,Approved
08195000,"Frio Rv at Concan, TX",DJF1973,1972-73 El Nino,1972-09-21,157.0,Approved
08195000,"Frio Rv at Concan, TX",DJF1973,1972-73 El Nino,1972-11-22,108.0,Approved
08195000,"Frio Rv at Concan, TX",DJF1973,1972-73 El Nino,1972-12-02,103.0,Approved
08195000,"Frio Rv at Concan, TX",DJF1973,1972-73 El Nino,1973-01-09,87.0,Approved
08195000,"Frio Rv at Concan, TX",DJF1973,1972-73 El Nino,1973-02-10,83.0,Approved
08195000,"Frio Rv at Concan, TX",DJF1973,1972-73 El Nino,1972-12-17,91.0,Approved
08195000,"Frio Rv at Concan, TX",DJF1973,1972-73 El Nino,1973-01-17,82.0,Approved
08195000,"Frio Rv at Concan, TX",DJF1973,1972-73 El Nino,1972-11-25,109.0,Approved
08195000,"Frio Rv at Concan, TX",DJF1973,1972-73 El Nino,1972-09-25,240.0,Approved
08195000,"Frio Rv at Concan, TX",DJF1973,1972-73 El Nino,1972-09-13,165.0,Approved
08195000,"Frio Rv at Concan, TX",DJF1973,1972-73 El Nino,1972-11-30,105.0,Approved
08195000,"Frio Rv at Concan, TX",DJF1973,1972-73 El Nino,1972-09-23,230.0,Approved
08195000,"Frio Rv at Concan, TX",DJF1973,1972-73 El Nino,1973-02-24,99.0,Approved
08195000,"Frio Rv at Concan, TX",DJF1973,1972-73 El Nino,1972-10-21,141.0,Approved
08195000,"Frio Rv at Concan, TX",DJF1973,1972-73 El Nino,1972-09-22,326.0,Approved
08195000,"Frio Rv at Concan, TX",DJF1973,1972-73 El Nino,1972-11-07,117.0,Approved
08195000,"Frio Rv at Concan, TX",DJF1973,1972-73 El Nino,1972-09-28,215.0,Approved
08195000,"Frio Rv at Concan, TX",DJF1973,1972-73 El Nino,1973-01-29,83.0,Approved
08195000,"Frio Rv at Concan, TX",DJF1973,1972-73 El Nino,1972-12-28,88.0,Approved
08195000,"Frio Rv at Concan, TX",DJF1973,1972-73 El Nino,1972-12-30,85.0,Approved
08195000,"Frio Rv at Concan, TX",DJF1973,1972-73 El Nino,1972-12-20,90.0,Approved
08195000,"Frio Rv at Concan, TX",DJF1973,1972-73 El Nino,1973-01-11,85.0,Approved
08195000,"Frio Rv at Concan, TX",DJF1973,1972-73 El Nino,1972-09-26,230.0,Approved
08195000,"Frio Rv at Concan, TX",DJF1973,1972-73 El Nino,1972-10-01,200.0,Approved
08195000,"Frio Rv at Concan, TX",DJF1973,1972-73 El Nino,1973-02-09,84.0,Approved
08195000,"Frio Rv at Concan, TX",DJF1973,1972-73 El Nino,1972-12-10,97.0,Approved
08195000,"Frio Rv at Concan, TX",DJF1973,1972-73 El Nino,1972-10-05,175.0,Approved
08195000,"Frio Rv at Concan, TX",DJF1973,1972-73 El Nino,1972-10-19,135.0,Approved
08195000,"Frio Rv at Concan, TX",DJF1973,1972-73 El Nino,1973-01-30,83.0,Approved
08195000,"Frio Rv at Concan, TX",DJF1973,1972-73 El Nino,1972-10-09,161.0,Approved
08195000,"Frio Rv at Concan, TX",DJF1973,1972-73 El Nino,1972-10-02,195.0,Approved
08195000,"Frio Rv at Concan, TX",DJF1973,1972-73 El Nino,1973-01-05,88.0,Approved
08195000,"Frio Rv at Concan, TX",DJF1973,1972-73 El Nino,1972-10-08,161.0,Approved
08195000,"Frio Rv at Concan, TX",DJF1973,1972-73 El Nino,1972-09-19,157.0,Approved
08195000,"Frio Rv at Concan, TX",DJF1973,1972-73 El Nino,1972-09-29,210.0,Approved
08195000,"Frio Rv at Concan, TX",DJF1973,1972-73 El Nino,1973-02-15,79.0,Approved
08195000,"Frio Rv at Concan, TX",DJF1973,1972-73 El Nino,1972-12-14,96.0,Approved
08195000,"Frio Rv at Concan, TX",DJF1973,1972-73 El Nino,1973-01-16,83.0,Approved
08195000,"Frio Rv at Concan, TX",DJF1973,1972-73 El Nino,1972-12-29,88.0,Approved
08195000,"Frio Rv at Concan, TX",DJF1973,1972-73 El Nino,1972-12-24,88.0,Approved
08195000,"Frio Rv at Concan, TX",DJF1973,1972-73 El Nino,1972-10-04,185.0,Approved
08195000,"Frio Rv at Concan, TX",DJF1973,1972-73 El Nino,1972-10-12,152.0,Approved
08195000,"Frio Rv at Concan, TX",DJF1973,1972-73 El Nino,1972-12-22,88.0,Approved
08195000,"Frio Rv at Concan, TX",DJF1973,1972-73 El Nino,1973-02-28,102.0,Approved
08195000,"Frio Rv at Concan, TX",DJF1973,1972-73 El Nino,1973-01-21,74.0,Approved
08195000,"Frio Rv at Concan, TX",DJF1973,1972-73 El Nino,1972-10-07,165.0,Approved
08195000,"Frio Rv at Concan, TX",DJF1973,1972-73 El Nino,1972-11-17,114.0,Approved
08195000,"Frio Rv at Concan, TX",DJF1973,1972-73 El Nino,1972-11-27,105.0,Approved
08195000,"Frio Rv at Concan, TX",DJF1973,1972-73 El Nino,1973-01-25,97.0,Approved
08195000,"Frio Rv at Concan, TX",DJF1973,1972-73 El Nino,1973-01-27,84.0,Approved
08195000,"Frio Rv at Concan, TX",DJF1973,1972-73 El Nino,1972-12-04,101.0,Approved
08195000,"Frio Rv at Concan, TX",DJF1973,1972-73 El Nino,1972-10-25,129.0,Approved
08195000,"Frio Rv at Concan, TX",DJF1973,1972-73 El Nino,1973-02-26,101.0,Approved
08195000,"Frio Rv at Concan, TX",DJF1973,1972-73 El Nino,1972-12-21,88.0,Approved
08195000,"Frio Rv at Concan, TX",DJF1973,1972-73 El Nino,1972-09-02,200.0,Approved
08195000,"Frio Rv at Concan, TX",DJF1973,1972-73 El Nino,1972-12-16,92.0,Approved
08195000,"Frio Rv at Concan, TX",DJF1973,1972-73 El Nino,1973-02-01,81.0,Approved
08195000,"Frio Rv at Concan, TX",DJF1973,1972-73 El Nino,1972-10-29,129.0,Approved
08195000,"Frio Rv at Concan, TX",DJF1973,1972-73 El Nino,1973-02-18,84.0,Approved
08195000,"Frio Rv at Concan, TX",DJF1973,1972-73 El Nino,1973-01-28,80.0,Approved
08195000,"Frio Rv at Concan, TX",DJF1973,1972-73 El Nino,1973-02-21,90.0,Approved
08195000,"Frio Rv at Concan, TX",DJF1973,1972-73 El Nino,1973-01-20,79.0,Approved
08195000,"Frio Rv at Concan, TX",DJF1973,1972-73 El Nino,1973-01-24,77.0,Approved
08195000,"Frio Rv at Concan, TX",DJF1973,1972-73 El Nino,1973-01-07,86.0,Approved
08195000,"Frio Rv at Concan, TX",DJF1973,1972-73 El Nino,1973-02-16,80.0,Approved
08195000,"Frio Rv at Concan, TX",DJF1973,1972-73 El Nino,1973-02-23,100.0,Approved
08195000,"Frio Rv at Concan, TX",DJF1973,1972-73 El Nino,1972-11-06,119.0,Approved
08195000,"Frio Rv at Concan, TX",DJF1973,1972-73 El Nino,1972-12-09,98.0,Approved
08195000,"Frio Rv at Concan, TX",DJF1973,1972-73 El Nino,1972-09-14,161.0,Approved
08195000,"Frio Rv at Concan, TX",DJF1973,1972-73 El Nino,1972-11-28,105.0,Approved
08195000,"Frio Rv at Concan, TX",DJF1973,1972-73 El Nino,1972-09-11,170.0,Approved
08195000,"Frio Rv at Concan, TX",DJF1973,1972-73 El Nino,1972-11-10,113.0,Approved
08195000,"Frio Rv at Concan, TX",DJF1973,1972-73 El Nino,1973-02-07,80.0,Approved
08195000,"Frio Rv at Concan, TX",DJF1973,1972-73 El Nino,1973-01-04,88.0,Approved
08195000,"Frio Rv at Concan, TX",DJF1973,1972-73 El Nino,1972-10-28,129.0,Approved
08195000,"Frio Rv at Concan, TX",DJF1973,1972-73 El Nino,1973-01-26,92.0,Approved
08195000,"Frio Rv at Concan, TX",DJF1973,1972-73 El Nino,1973-02-12,80.0,Approved
08195000,"Frio Rv at Concan, TX",DJF1973,1972-73 El Nino,1973-01-03,90.0,Approved
08195000,"Frio Rv at Concan, TX",DJF1973,1972-73 El Nino,1972-09-05,195.0,Approved
08195000,"Frio Rv at Concan, TX",DJF1973,1972-73 El Nino,1972-10-13,149.0,Approved
08195000,"Frio Rv at Concan, TX",DJF1973,1972-73 El Nino,1972-11-21,108.0,Approved
08195000,"Frio Rv at Concan, TX",DJF1973,1972-73 El Nino,1973-02-22,97.0,Approved
08195000,"Frio Rv at Concan, TX",DJF1973,1972-73 El Nino,1973-01-14,83.0,Approved
08195000,"Frio Rv at Concan, TX",DJF1973,1972-73 El Nino,1973-01-06,86.0,Approved
08195000,"Frio Rv at Concan, TX",DJF1973,1972-73 El Nino,1972-11-23,109.0,Approved
08195000,"Frio Rv at Concan, TX",DJF1973,1972-73 El Nino,1973-02-08,83.0,Approved
08195000,"Frio Rv at Concan, TX",DJF1973,1972-73 El Nino,1972-09-03,195.0,Approved
08195000,"Frio Rv at Concan, TX",DJF1973,1972-73 El Nino,1972-10-16,141.0,Approved
08195000,"Frio Rv at Concan, TX",DJF1973,1972-73 El Nino,1972-11-02,125.0,Approved
08195000,"Frio Rv at Concan, TX",DJF1973,1972-73 El Nino,1972-12-12,94.0,Approved
08195000,"Frio Rv at Concan, TX",DJF1973,1972-73 El Nino,1972-09-08,180.0,Approved
08195000,"Frio Rv at Concan, TX",DJF1973,1972-73 El Nino,1973-02-03,80.0,Approved
08195000,"Frio Rv at Concan, TX",DJF1973,1972-73 El Nino,1973-02-13,80.0,Approved
08195000,"Frio Rv at Concan, TX",DJF1973,1972-73 El Nino,1972-12-13,95.0,Approved
08195000,"Frio Rv at Concan, TX",DJF1973,1972-73 El Nino,1972-11-18,111.0,Approved
08195000,"Frio Rv at Concan, TX",DJF1973,1972-73 El Nino,1973-02-14,78.0,Approved
08195000,"Frio Rv at Concan, TX",DJF1973,1972-73 El Nino,1972-11-14,115.0,Approved
08195000,"Frio Rv at Concan, TX",DJF1973,1972-73 El Nino,1973-01-13,83.0,Approved
08195000,"Frio Rv at Concan, TX",DJF1983,1982-83 El Nino,1982-10-14,47.0,Approved
08195000,"Frio Rv at Concan, TX",DJF1983,1982-83 El Nino,1982-09-11,37.0,Approved
08195000,"Frio Rv at Concan, TX",DJF1983,1982-83 El Nino,1982-11-13,43.0,Approved
08195000,"Frio Rv at Concan, TX",DJF1983,1982-83 El Nino,1982-12-03,72.0,Approved
08195000,"Frio Rv at Concan, TX",DJF1983,1982-83 El Nino,1982-09-21,56.0,Approved
08195000,"Frio Rv at Concan, TX",DJF1983,1982-83 El Nino,1982-11-19,46.0,Approved
08195000,"Frio Rv at Concan, TX",DJF1983,1982-83 El Nino,1983-02-07,67.0,Approved
08195000,"Frio Rv at Concan, TX",DJF1983,1982-83 El Nino,1982-10-23,44.0,Approved
08195000,"Frio Rv at Concan, TX",DJF1983,1982-83 El Nino,1982-09-01,39.0,Approved
08195000,"Frio Rv at Concan, TX",DJF1983,1982-83 El Nino,1982-10-17,45.0,Approved
08195000,"Frio Rv at Concan, TX",DJF1983,1982-83 El Nino,1983-01-23,68.0,Approved
08195000,"Frio Rv at Concan, TX",DJF1983,1982-83 El Nino,1983-02-19,71.0,Approved
08195000,"Frio Rv at Concan, TX",DJF1983,1982-83 El Nino,1983-01-02,65.0,Approved
08195000,"Frio Rv at Concan, TX",DJF1983,1982-83 El Nino,1982-11-07,42.0,Approved
08195000,"Frio Rv at Concan, TX",DJF1983,1982-83 El Nino,1982-11-29,71.0,Approved
08195000,"Frio Rv at Concan, TX",DJF1983,1982-83 El Nino,1982-11-25,47.0,Approved
08195000,"Frio Rv at Concan, TX",DJF1983,1982-83 El Nino,1983-02-21,69.0,Approved
08195000,"Frio Rv at Concan, TX",DJF1983,1982-83 El Nino,1983-01-14,63.0,Approved
08195000,"Frio Rv at Concan, TX",DJF1983,1982-83 El Nino,1982-10-15,46.0,Approved
08195000,"Frio Rv at Concan, TX",DJF1983,1982-83 El Nino,1983-02-28,68.0,Approved
08195000,"Frio Rv at Concan, TX",DJF1983,1982-83 El Nino,1983-02-01,65.0,Approved
08195000,"Frio Rv at Concan, TX",DJF1983,1982-83 El Nino,1982-11-05,42.0,Approved
08195000,"Frio Rv at Concan, TX",DJF1983,1982-83 El Nino,1982-10-13,48.0,Approved
08195000,"Frio Rv at Concan, TX",DJF1983,1982-83 El Nino,1983-01-24,66.0,Approved
08195000,"Frio Rv at Concan, TX",DJF1983,1982-83 El Nino,1983-01-19,65.0,Approved
08195000,"Frio Rv at Concan, TX",DJF1983,1982-83 El Nino,1983-01-29,65.0,Approved
08195000,"Frio Rv at Concan, TX",DJF1983,1982-83 El Nino,1982-11-16,45.0,Approved
08195000,"Frio Rv at Concan, TX",DJF1983,1982-83 El Nino,1982-11-24,46.0,Approved
08195000,"Frio Rv at Concan, TX",DJF1983,1982-83 El Nino,1983-02-06,66.0,Approved
08195000,"Frio Rv at Concan, TX",DJF1983,1982-83 El Nino,1983-02-25,70.0,Approved
08195000,"Frio Rv at Concan, TX",DJF1983,1982-83 El Nino,1982-11-11,43.0,Approved
08195000,"Frio Rv at Concan, TX",DJF1983,1982-83 El Nino,1983-02-04,65.0,Approved
08195000,"Frio Rv at Concan, TX",DJF1983,1982-83 El Nino,1983-01-04,65.0,Approved
08195000,"Frio Rv at Concan, TX",DJF1983,1982-83 El Nino,1983-01-26,65.0,Approved
08195000,"Frio Rv at Concan, TX",DJF1983,1982-83 El Nino,1983-01-27,65.0,Approved
08195000,"Frio Rv at Concan, TX",DJF1983,1982-83 El Nino,1982-10-28,43.0,Approved
08195000,"Frio Rv at Concan, TX",DJF1983,1982-83 El Nino,1982-10-16,45.0,Approved
08195000,"Frio Rv at Concan, TX",DJF1983,1982-83 El Nino,1982-11-17,46.0,Approved
08195000,"Frio Rv at Concan, TX",DJF1983,1982-83 El Nino,1982-10-12,49.0,Approved
08195000,"Frio Rv at Concan, TX",DJF1983,1982-83 El Nino,1983-01-01,67.0,Approved
08195000,"Frio Rv at Concan, TX",DJF1983,1982-83 El Nino,1982-12-23,63.0,Approved
08195000,"Frio Rv at Concan, TX",DJF1983,1982-83 El Nino,1982-12-06,70.0,Approved
08195000,"Frio Rv at Concan, TX",DJF1983,1982-83 El Nino,1982-12-21,63.0,Approved
08195000,"Frio Rv at Concan, TX",DJF1983,1982-83 El Nino,1982-12-18,65.0,Approved
08195000,"Frio Rv at Concan, TX",DJF1983,1982-83 El Nino,1982-12-20,63.0,Approved
08195000,"Frio Rv at Concan, TX",DJF1983,1982-83 El Nino,1982-10-22,44.0,Approved
08195000,"Frio Rv at Concan, TX",DJF1983,1982-83 El Nino,1983-02-20,70.0,Approved
08195000,"Frio Rv at Concan, TX",DJF1983,1982-83 El Nino,1982-12-17,65.0,Approved
08195000,"Frio Rv at Concan, TX",DJF1983,1982-83 El Nino,1982-11-02,42.0,Approved
08195000,"Frio Rv at Concan, TX",DJF1983,1982-83 El Nino,1982-12-09,67.0,Approved
08195000,"Frio Rv at Concan, TX",DJF1983,1982-83 El Nino,1982-09-14,124.0,Approved
08195000,"Frio Rv at Concan, TX",DJF1983,1982-83 El Nino,1983-02-22,70.0,Approved
08195000,"Frio Rv at Concan, TX",DJF1983,1982-83 El Nino,1982-11-10,42.0,Approved
08195000,"Frio Rv at Concan, TX",DJF1983,1982-83 El Nino,1982-10-21,44.0,Approved
08195000,"Frio Rv at Concan, TX",DJF1983,1982-83 El Nino,1983-01-31,66.0,Approved
08195000,"Frio Rv at Concan, TX",DJF1983,1982-83 El Nino,1983-01-09,64.0,Approved
08195000,"Frio Rv at Concan, TX",DJF1983,1982-83 El Nino,1982-12-28,68.0,Approved
08195000,"Frio Rv at Concan, TX",DJF1983,1982-83 El Nino,1982-09-06,41.0,Approved
08195000,"Frio Rv at Concan, TX",DJF1983,1982-83 El Nino,1982-12-05,70.0,Approved
08195000,"Frio Rv at Concan, TX",DJF1983,1982-83 El Nino,1982-12-16,65.0,Approved
08195000,"Frio Rv at Concan, TX",DJF1983,1982-83 El Nino,1983-01-12,64.0,Approved
08195000,"Frio Rv at Concan, TX",DJF1983,1982-83 El Nino,1982-10-25,43.0,Approved
08195000,"Frio Rv at Concan, TX",DJF1983,1982-83 El Nino,1983-01-10,64.0,Approved
08195000,"Frio Rv at Concan, TX",DJF1983,1982-83 El Nino,1982-09-09,38.0,Approved
08195000,"Frio Rv at Concan, TX",DJF1983,1982-83 El Nino,1982-09-08,40.0,Approved
08195000,"Frio Rv at Concan, TX",DJF1983,1982-83 El Nino,1982-10-18,44.0,Approved
08195000,"Frio Rv at Concan, TX",DJF1983,1982-83 El Nino,1982-11-27,80.0,Approved
08195000,"Frio Rv at Concan, TX",DJF1983,1982-83 El Nino,1982-11-14,44.0,Approved
08195000,"Frio Rv at Concan, TX",DJF1983,1982-83 El Nino,1982-10-31,42.0,Approved
08195000,"Frio Rv at Concan, TX",DJF1983,1982-83 El Nino,1982-11-01,41.0,Approved
08195000,"Frio Rv at Concan, TX",DJF1983,1982-83 El Nino,1982-12-22,63.0,Approved
08195000,"Frio Rv at Concan, TX",DJF1983,1982-83 El Nino,1983-02-24,70.0,Approved
08195000,"Frio Rv at Concan, TX",DJF1983,1982-83 El Nino,1983-02-17,72.0,Approved
08195000,"Frio Rv at Concan, TX",DJF1983,1982-83 El Nino,1983-01-13,63.0,Approved
08195000,"Frio Rv at Concan, TX",DJF1983,1982-83 El Nino,1983-02-05,71.0,Approved
08195000,"Frio Rv at Concan, TX",DJF1983,1982-83 El Nino,1982-12-14,66.0,Approved
08195000,"Frio Rv at Concan, TX",DJF1983,1982-83 El Nino,1983-02-14,65.0,Approved
08195000,"Frio Rv at Concan, TX",DJF1983,1982-83 El Nino,1982-11-23,45.0,Approved
08195000,"Frio Rv at Concan, TX",DJF1983,1982-83 El Nino,1983-01-22,70.0,Approved
08195000,"Frio Rv at Concan, TX",DJF1983,1982-83 El Nino,1982-11-12,42.0,Approved
08195000,"Frio Rv at Concan, TX",DJF1983,1982-83 El Nino,1983-01-28,65.0,Approved
08195000,"Frio Rv at Concan, TX",DJF1983,1982-83 El Nino,1982-12-26,64.0,Approved
08195000,"Frio Rv at Concan, TX",DJF1983,1982-83 El Nino,1982-09-26,51.0,Approved
08195000,"Frio Rv at Concan, TX",DJF1983,1982-83 El Nino,1982-11-20,46.0,Approved
08195000,"Frio Rv at Concan, TX",DJF1983,1982-83 El Nino,1982-10-24,44.0,Approved
08195000,"Frio Rv at Concan, TX",DJF1983,1982-83 El Nino,1982-10-19,44.0,Approved
08195000,"Frio Rv at Concan, TX",DJF1983,1982-83 El Nino,1983-01-03,66.0,Approved
08195000,"Frio Rv at Concan, TX",DJF1983,1982-83 El Nino,1982-12-10,70.0,Approved
08195000,"Frio Rv at Concan, TX",DJF1983,1982-83 El Nino,1982-09-03,43.0,Approved
08195000,"Frio Rv at Concan, TX",DJF1983,1982-83 El Nino,1982-10-20,43.0,Approved
08195000,"Frio Rv at Concan, TX",DJF1983,1982-83 El Nino,1983-01-21,74.0,Approved
08195000,"Frio Rv at Concan, TX",DJF1983,1982-83 El Nino,1982-11-04,41.0,Approved
08195000,"Frio Rv at Concan, TX",DJF1983,1982-83 El Nino,1983-01-11,64.0,Approved
08195000,"Frio Rv at Concan, TX",DJF1983,1982-83 El Nino,1983-01-30,66.0,Approved
08195000,"Frio Rv at Concan, TX",DJF1983,1982-83 El Nino,1982-12-01,73.0,Approved
08195000,"Frio Rv at Concan, TX",DJF1983,1982-83 El Nino,1982-12-15,65.0,Approved
08195000,"Frio Rv at Concan, TX",DJF1983,1982-83 El Nino,1983-01-07,65.0,Approved
08195000,"Frio Rv at Concan, TX",DJF1983,1982-83 El Nino,1982-11-30,73.0,Approved
08195000,"Frio Rv at Concan, TX",DJF1983,1982-83 El Nino,1982-09-16,61.0,Approved
08195000,"Frio Rv at Concan, TX",DJF1983,1982-83 El Nino,1982-12-27,71.0,Approved
08195000,"Frio Rv at Concan, TX",DJF1983,1982-83 El Nino,1983-02-02,65.0,Approved
08195000,"Frio Rv at Concan, TX",DJF1983,1982-83 El Nino,1982-12-25,61.0,Approved
08195000,"Frio Rv at Concan, TX",DJF1983,1982-83 El Nino,1983-02-27,69.0,Approved
08195000,"Frio Rv at Concan, TX",DJF1983,1982-83 El Nino,1982-09-24,52.0,Approved
08195000,"Frio Rv at Concan, TX",DJF1983,1982-83 El Nino,1983-02-23,70.0,Approved
08195000,"Frio Rv at Concan, TX",DJF1983,1982-83 El Nino,1982-10-29,42.0,Approved
08195000,"Frio Rv at Concan, TX",DJF1983,1982-83 El Nino,1982-10-11,48.0,Approved
08195000,"Frio Rv at Concan, TX",DJF1983,1982-83 El Nino,1983-02-03,65.0,Approved
08195000,"Frio Rv at Concan, TX",DJF1983,1982-83 El Nino,1982-12-11,70.0,Approved
08195000,"Frio Rv at Concan, TX",DJF1983,1982-83 El Nino,1982-09-13,91.0,Approved
08195000,"Frio Rv at Concan, TX",DJF1983,1982-83 El Nino,1983-01-05,65.0,Approved
08195000,"Frio Rv at Concan, TX",DJF1983,1982-83 El Nino,1982-12-30,66.0,Approved
08195000,"Frio Rv at Concan, TX",DJF1983,1982-83 El Nino,1982-11-22,46.0,Approved
08195000,"Frio Rv at Concan, TX",DJF1983,1982-83 El Nino,1982-09-02,39.0,Approved
08195000,"Frio Rv at Concan, TX",DJF1983,1982-83 El Nino,1982-10-10,48.0,Approved
08195000,"Frio Rv at Concan, TX",DJF1983,1982-83 El Nino,1982-10-26,43.0,Approved
08195000,"Frio Rv at Concan, TX",DJF1983,1982-83 El Nino,1982-12-13,67.0,Approved
08195000,"Frio Rv at Concan, TX",DJF1983,1982-83 El Nino,1983-02-26,70.0,Approved
08195000,"Frio Rv at Concan, TX",DJF1983,1982-83 El Nino,1982-11-03,41.0,Approved
08195000,"Frio Rv at Concan, TX",DJF1983,1982-83 El Nino,1982-11-28,75.0,Approved
08195000,"Frio Rv at Concan, TX",DJF1983,1982-83 El Nino,1982-12-24,63.0,Approved
08195000,"Frio Rv at Concan, TX",DJF1983,1982-83 El Nino,1982-09-17,53.0,Approved
08195000,"Frio Rv at Concan, TX",DJF1983,1982-83 El Nino,1982-09-25,51.0,Approved
08195000,"Frio Rv at Concan, TX",DJF1983,1982-83 El Nino,1982-09-22,54.0,Approved
08195000,"Frio Rv at Concan, TX",DJF1983,1982-83 El Nino,1982-12-08,69.0,Approved
08195000,"Frio Rv at Concan, TX",DJF1983,1982-83 El Nino,1982-10-06,50.0,Approved
08195000,"Frio Rv at Concan, TX",DJF1983,1982-83 El Nino,1982-10-30,42.0,Approved
08195000,"Frio Rv at Concan, TX",DJF1983,1982-83 El Nino,1983-02-11,65.0,Approved
08195000,"Frio Rv at Concan, TX",DJF1983,1982-83 El Nino,1982-11-18,46.0,Approved
08195000,"Frio Rv at Concan, TX",DJF1983,1982-83 El Nino,1982-12-02,72.0,Approved
08195000,"Frio Rv at Concan, TX",DJF1983,1982-83 El Nino,1983-02-12,65.0,Approved
08195000,"Frio Rv at Concan, TX",DJF1983,1982-83 El Nino,1982-09-29,49.0,Approved
08195000,"Frio Rv at Concan, TX",DJF1983,1982-83 El Nino,1983-02-10,65.0,Approved
08195000,"Frio Rv at Concan, TX",DJF1983,1982-83 El Nino,1983-01-18,65.0,Approved
08195000,"Frio Rv at Concan, TX",DJF1983,1982-83 El Nino,1982-11-09,42.0,Approved
08195000,"Frio Rv at Concan, TX",DJF1983,1982-83 El Nino,1983-01-15,63.0,Approved
08195000,"Frio Rv at Concan, TX",DJF1983,1982-83 El Nino,1982-11-08,42.0,Approved
08195000,"Frio Rv at Concan, TX",DJF1983,1982-83 El Nino,1983-01-25,65.0,Approved
08195000,"Frio Rv at Concan, TX",DJF1983,1982-83 El Nino,1982-09-15,69.0,Approved
08195000,"Frio Rv at Concan, TX",DJF1983,1982-83 El Nino,1982-10-02,48.0,Approved
08195000,"Frio Rv at Concan, TX",DJF1983,1982-83 El Nino,1983-02-09,65.0,Approved
08195000,"Frio Rv at Concan, TX",DJF1983,1982-83 El Nino,1982-09-23,52.0,Approved
08195000,"Frio Rv at Concan, TX",DJF1983,1982-83 El Nino,1982-12-07,70.0,Approved
08195000,"Frio Rv at Concan, TX",DJF1983,1982-83 El Nino,1982-10-08,49.0,Approved
08195000,"Frio Rv at Concan, TX",DJF1983,1982-83 El Nino,1983-02-15,71.0,Approved
08195000,"Frio Rv at Concan, TX",DJF1983,1982-83 El Nino,1982-12-29,67.0,Approved
08195000,"Frio Rv at Concan, TX",DJF1983,1982-83 El Nino,1982-10-01,48.0,Approved
08195000,"Frio Rv at Concan, TX",DJF1983,1982-83 El Nino,1982-10-27,43.0,Approved
08195000,"Frio Rv at Concan, TX",DJF1983,1982-83 El Nino,1982-10-05,47.0,Approved
08195000,"Frio Rv at Concan, TX",DJF1983,1982-83 El Nino,1982-10-09,49.0,Approved
08195000,"Frio Rv at Concan, TX",DJF1983,1982-83 El Nino,1982-12-19,64.0,Approved
08195000,"Frio Rv at Concan, TX",DJF1983,1982-83 El Nino,1983-01-16,63.0,Approved
08195000,"Frio Rv at Concan, TX",DJF1983,1982-83 El Nino,1982-09-18,52.0,Approved
08195000,"Frio Rv at Concan, TX",DJF1983,1982-83 El Nino,1983-01-06,65.0,Approved
08195000,"Frio Rv at Concan, TX",DJF1983,1982-83 El Nino,1982-12-04,72.0,Approved
08195000,"Frio Rv at Concan, TX",DJF1983,1982-83 El Nino,1982-10-07,50.0,Approved
08195000,"Frio Rv at Concan, TX",DJF1983,1982-83 El Nino,1982-09-28,50.0,Approved
08195000,"Frio Rv at Concan, TX",DJF1983,1982-83 El Nino,1982-09-04,44.0,Approved
08195000,"Frio Rv at Concan, TX",DJF1983,1982-83 El Nino,1982-09-27,50.0,Approved
08195000,"Frio Rv at Concan, TX",DJF1983,1982-83 El Nino,1983-01-17,63.0,Approved
08195000,"Frio Rv at Concan, TX",DJF1983,1982-83 El Nino,1983-02-18,71.0,Approved
08195000,"Frio Rv at Concan, TX",DJF1983,1982-83 El Nino,1982-11-06,43.0,Approved
08195000,"Frio Rv at Concan, TX",DJF1983,1982-83 El Nino,1983-02-08,65.0,Approved
08195000,"Frio Rv at Concan, TX",DJF1983,1982-83 El Nino,1982-11-15,44.0,Approved
08195000,"Frio Rv at Concan, TX",DJF1983,1982-83 El Nino,1983-02-16,70.0,Approved
08195000,"Frio Rv at Concan, TX",DJF1983,1982-83 El Nino,1982-09-19,52.0,Approved
08195000,"Frio Rv at Concan, TX",DJF1983,1982-83 El Nino,1982-09-05,40.0,Approved
08195000,"Frio Rv at Concan, TX",DJF1983,1982-83 El Nino,1983-01-20,69.0,Approved
08195000,"Frio Rv at Concan, TX",DJF1983,1982-83 El Nino,1982-09-30,49.0,Approved
08195000,"Frio Rv at Concan, TX",DJF1983,1982-83 El Nino,1982-09-20,54.0,Approved
08195000,"Frio Rv at Concan, TX",DJF1983,1982-83 El Nino,1982-09-12,37.0,Approved
08195000,"Frio Rv at Concan, TX",DJF1983,1982-83 El Nino,1982-12-31,66.0,Approved
08195000,"Frio Rv at Concan, TX",DJF1983,1982-83 El Nino,1982-09-07,40.0,Approved
08195000,"Frio Rv at Concan, TX",DJF1983,1982-83 El Nino,1982-11-26,72.0,Approved
08195000,"Frio Rv at Concan, TX",DJF1983,1982-83 El Nino,1982-11-21,46.0,Approved
08195000,"Frio Rv at Concan, TX",DJF1983,1982-83 El Nino,1983-01-08,65.0,Approved
08195000,"Frio Rv at Concan, TX",DJF1983,1982-83 El Nino,1982-09-10,38.0,Approved
08195000,"Frio Rv at Concan, TX",DJF1983,1982-83 El Nino,1982-12-12,67.0,Approved
08195000,"Frio Rv at Concan, TX",DJF1983,1982-83 El Nino,1982-10-03,47.0,Approved
08195000,"Frio Rv at Concan, TX",DJF1983,1982-83 El Nino,1982-10-04,47.0,Approved
08195000,"Frio Rv at Concan, TX",DJF1983,1982-83 El Nino,1983-02-13,64.0,Approved
08195000,"Frio Rv at Concan, TX",DJF1998,1997-98 El Nino,1997-12-29,79.0,Approved
08195000,"Frio Rv at Concan, TX",DJF1998,1997-98 El Nino,1997-12-10,80.0,Approved
08195000,"Frio Rv at Concan, TX",DJF1998,1997-98 El Nino,1997-12-18,80.0,Approved
08195000,"Frio Rv at Concan, TX",DJF1998,1997-98 El Nino,1997-12-13,80.0,Approved
08195000,"Frio Rv at Concan, TX",DJF1998,1997-98 El Nino,1997-11-03,80.0,Approved
08195000,"Frio Rv at Concan, TX",DJF1998,1997-98 El Nino,1998-01-01,77.0,Approved
08195000,"Frio Rv at Concan, TX",DJF1998,1997-98 El Nino,1997-09-06,115.0,Approved
08195000,"Frio Rv at Concan, TX",DJF1998,1997-98 El Nino,1997-11-02,81.0,Approved
08195000,"Frio Rv at Concan, TX",DJF1998,1997-98 El Nino,1998-01-13,83.0,Approved
08195000,"Frio Rv at Concan, TX",DJF1998,1997-98 El Nino,1997-10-28,88.0,Approved
08195000,"Frio Rv at Concan, TX",DJF1998,1997-98 El Nino,1998-02-18,92.0,Approved
08195000,"Frio Rv at Concan, TX",DJF1998,1997-98 El Nino,1997-11-10,83.0,Approved
08195000,"Frio Rv at Concan, TX",DJF1998,1997-98 El Nino,1998-01-21,77.0,Approved
08195000,"Frio Rv at Concan, TX",DJF1998,1997-98 El Nino,1997-12-07,80.0,Approved
08195000,"Frio Rv at Concan, TX",DJF1998,1997-98 El Nino,1997-11-27,86.0,Approved
08195000,"Frio Rv at Concan, TX",DJF1998,1997-98 El Nino,1998-02-04,105.0,Approved
08195000,"Frio Rv at Concan, TX",DJF1998,1997-98 El Nino,1997-12-01,80.0,Approved
08195000,"Frio Rv at Concan, TX",DJF1998,1997-98 El Nino,1997-09-20,89.0,Approved
08195000,"Frio Rv at Concan, TX",DJF1998,1997-98 El Nino,1997-12-19,77.0,Approved
08195000,"Frio Rv at Concan, TX",DJF1998,1997-98 El Nino,1998-01-14,83.0,Approved
08195000,"Frio Rv at Concan, TX",DJF1998,1997-98 El Nino,1997-09-05,115.0,Approved
08195000,"Frio Rv at Concan, TX",DJF1998,1997-98 El Nino,1997-12-28,80.0,Approved
08195000,"Frio Rv at Concan, TX",DJF1998,1997-98 El Nino,1997-11-11,83.0,Approved
08195000,"Frio Rv at Concan, TX",DJF1998,1997-98 El Nino,1997-10-24,95.0,Approved
08195000,"Frio Rv at Concan, TX",DJF1998,1997-98 El Nino,1997-12-27,80.0,Approved
08195000,"Frio Rv at Concan, TX",DJF1998,1997-98 El Nino,1998-01-15,82.0,Approved
08195000,"Frio Rv at Concan, TX",DJF1998,1997-98 El Nino,1997-11-13,89.0,Approved
08195000,"Frio Rv at Concan, TX",DJF1998,1997-98 El Nino,1997-10-21,95.0,Approved
08195000,"Frio Rv at Concan, TX",DJF1998,1997-98 El Nino,1998-01-06,100.0,Approved
08195000,"Frio Rv at Concan, TX",DJF1998,1997-98 El Nino,1997-12-24,83.0,Approved
08195000,"Frio Rv at Concan, TX",DJF1998,1997-98 El Nino,1997-09-30,80.0,Approved
08195000,"Frio Rv at Concan, TX",DJF1998,1997-98 El Nino,1998-01-26,75.0,Approved
08195000,"Frio Rv at Concan, TX",DJF1998,1997-98 El Nino,1997-09-12,102.0,Approved
08195000,"Frio Rv at Concan, TX",DJF1998,1997-98 El Nino,1997-10-08,88.0,Approved
08195000,"Frio Rv at Concan, TX",DJF1998,1997-98 El Nino,1998-01-19,77.0,Approved
08195000,"Frio Rv at Concan, TX",DJF1998,1997-98 El Nino,1997-11-28,86.0,Approved
08195000,"Frio Rv at Concan, TX",DJF1998,1997-98 El Nino,1997-09-02,108.0,Approved
08195000,"Frio Rv at Concan, TX",DJF1998,1997-98 El Nino,1997-09-25,89.0,Approved
08195000,"Frio Rv at Concan, TX",DJF1998,1997-98 El Nino,1997-12-06,81.0,Approved
08195000,"Frio Rv at Concan, TX",DJF1998,1997-98 El Nino,1997-09-13,101.0,Approved
08195000,"Frio Rv at Concan, TX",DJF1998,1997-98 El Nino,1997-09-22,89.0,Approved
08195000,"Frio Rv at Concan, TX",DJF1998,1997-98 El Nino,1997-11-21,86.0,Approved
08195000,"Frio Rv at Concan, TX",DJF1998,1997-98 El Nino,1997-12-14,80.0,Approved
08195000,"Frio Rv at Concan, TX",DJF1998,1997-98 El Nino,1997-12-15,80.0,Approved
08195000,"Frio Rv at Concan, TX",DJF1998,1997-98 El Nino,1998-02-25,92.0,Approved
08195000,"Frio Rv at Concan, TX",DJF1998,1997-98 El Nino,1997-11-24,83.0,Approved
08195000,"Frio Rv at Concan, TX",DJF1998,1997-98 El Nino,1998-01-03,77.0,Approved
08195000,"Frio Rv at Concan, TX",DJF1998,1997-98 El Nino,1997-09-07,111.0,Approved
08195000,"Frio Rv at Concan, TX",DJF1998,1997-98 El Nino,1998-01-05,77.0,Approved
08195000,"Frio Rv at Concan, TX",DJF1998,1997-98 El Nino,1997-11-14,89.0,Approved
08195000,"Frio Rv at Concan, TX",DJF1998,1997-98 El Nino,1997-12-12,80.0,Approved
08195000,"Frio Rv at Concan, TX",DJF1998,1997-98 El Nino,1998-02-12,98.0,Approved
08195000,"Frio Rv at Concan, TX",DJF1998,1997-98 El Nino,1997-10-26,88.0,Approved
08195000,"Frio Rv at Concan, TX",DJF1998,1997-98 El Nino,1997-10-19,96.0,Approved
08195000,"Frio Rv at Concan, TX",DJF1998,1997-98 El Nino,1997-10-05,77.0,Approved
08195000,"Frio Rv at Concan, TX",DJF1998,1997-98 El Nino,1998-02-22,99.0,Approved
08195000,"Frio Rv at Concan, TX",DJF1998,1997-98 El Nino,1997-09-19,89.0,Approved
08195000,"Frio Rv at Concan, TX",DJF1998,1997-98 El Nino,1997-09-21,89.0,Approved
08195000,"Frio Rv at Concan, TX",DJF1998,1997-98 El Nino,1997-11-16,84.0,Approved
08195000,"Frio Rv at Concan, TX",DJF1998,1997-98 El Nino,1997-11-19,85.0,Approved
08195000,"Frio Rv at Concan, TX",DJF1998,1997-98 El Nino,1997-10-22,93.0,Approved
08195000,"Frio Rv at Concan, TX",DJF1998,1997-98 El Nino,1997-12-02,82.0,Approved
08195000,"Frio Rv at Concan, TX",DJF1998,1997-98 El Nino,1997-11-23,83.0,Approved
08195000,"Frio Rv at Concan, TX",DJF1998,1997-98 El Nino,1998-02-05,106.0,Approved
08195000,"Frio Rv at Concan, TX",DJF1998,1997-98 El Nino,1998-01-29,73.0,Approved
08195000,"Frio Rv at Concan, TX",DJF1998,1997-98 El Nino,1997-10-17,101.0,Approved
08195000,"Frio Rv at Concan, TX",DJF1998,1997-98 El Nino,1998-02-26,91.0,Approved
08195000,"Frio Rv at Concan, TX",DJF1998,1997-98 El Nino,1997-11-06,80.0,Approved
08195000,"Frio Rv at Concan, TX",DJF1998,1997-98 El Nino,1998-02-07,101.0,Approved
08195000,"Frio Rv at Concan, TX",DJF1998,1997-98 El Nino,1997-10-09,90.0,Approved
08195000,"Frio Rv at Concan, TX",DJF1998,1997-98 El Nino,1997-10-06,80.0,Approved
08195000,"Frio Rv at Concan, TX",DJF1998,1997-98 El Nino,1998-02-23,94.0,Approved
08195000,"Frio Rv at Concan, TX",DJF1998,1997-98 El Nino,1998-01-17,80.0,Approved
08195000,"Frio Rv at Concan, TX",DJF1998,1997-98 El Nino,1997-11-26,85.0,Approved
08195000,"Frio Rv at Concan, TX",DJF1998,1997-98 El Nino,1998-02-17,96.0,Approved
08195000,"Frio Rv at Concan, TX",DJF1998,1997-98 El Nino,1997-09-08,110.0,Approved
08195000,"Frio Rv at Concan, TX",DJF1998,1997-98 El Nino,1997-12-31,77.0,Approved
08195000,"Frio Rv at Concan, TX",DJF1998,1997-98 El Nino,1997-12-23,81.0,Approved
08195000,"Frio Rv at Concan, TX",DJF1998,1997-98 El Nino,1997-10-20,95.0,Approved
08195000,"Frio Rv at Concan, TX",DJF1998,1997-98 El Nino,1997-12-21,80.0,Approved
08195000,"Frio Rv at Concan, TX",DJF1998,1997-98 El Nino,1998-02-13,98.0,Approved
08195000,"Frio Rv at Concan, TX",DJF1998,1997-98 El Nino,1998-01-12,86.0,Approved
08195000,"Frio Rv at Concan, TX",DJF1998,1997-98 El Nino,1997-10-02,77.0,Approved
08195000,"Frio Rv at Concan, TX",DJF1998,1997-98 El Nino,1997-11-12,89.0,Approved
08195000,"Frio Rv at Concan, TX",DJF1998,1997-98 El Nino,1998-01-24,75.0,Approved
08195000,"Frio Rv at Concan, TX",DJF1998,1997-98 El Nino,1998-02-20,89.0,Approved
08195000,"Frio Rv at Concan, TX",DJF1998,1997-98 El Nino,1997-10-01,80.0,Approved
08195000,"Frio Rv at Concan, TX",DJF1998,1997-98 El Nino,1997-11-09,82.0,Approved
08195000,"Frio Rv at Concan, TX",DJF1998,1997-98 El Nino,1998-02-28,89.0,Approved
08195000,"Frio Rv at Concan, TX",DJF1998,1997-98 El Nino,1997-10-18,98.0,Approved
08195000,"Frio Rv at Concan, TX",DJF1998,1997-98 El Nino,1997-12-16,80.0,Approved
08195000,"Frio Rv at Concan, TX",DJF1998,1997-98 El Nino,1998-02-03,110.0,Approved
08195000,"Frio Rv at Concan, TX",DJF1998,1997-98 El Nino,1997-11-08,80.0,Approved
08195000,"Frio Rv at Concan, TX",DJF1998,1997-98 El Nino,1997-12-20,80.0,Approved
08195000,"Frio Rv at Concan, TX",DJF1998,1997-98 El Nino,1998-01-02,79.0,Approved
08195000,"Frio Rv at Concan, TX",DJF1998,1997-98 El Nino,1997-12-11,80.0,Approved
08195000,"Frio Rv at Concan, TX",DJF1998,1997-98 El Nino,1998-01-23,75.0,Approved
08195000,"Frio Rv at Concan, TX",DJF1998,1997-98 El Nino,1997-09-17,92.0,Approved
08195000,"Frio Rv at Concan, TX",DJF1998,1997-98 El Nino,1997-10-25,92.0,Approved
08195000,"Frio Rv at Concan, TX",DJF1998,1997-98 El Nino,1997-09-01,111.0,Approved
08195000,"Frio Rv at Concan, TX",DJF1998,1997-98 El Nino,1997-11-15,87.0,Approved
08195000,"Frio Rv at Concan, TX",DJF1998,1997-98 El Nino,1997-10-14,117.0,Approved
08195000,"Frio Rv at Concan, TX",DJF1998,1997-98 El Nino,1997-10-11,114.0,Approved
08195000,"Frio Rv at Concan, TX",DJF1998,1997-98 El Nino,1997-10-13,122.0,Approved
08195000,"Frio Rv at Concan, TX",DJF1998,1997-98 El Nino,1997-09-11,105.0,Approved
08195000,"Frio Rv at Concan, TX",DJF1998,1997-98 El Nino,1997-11-20,86.0,Approved
08195000,"Frio Rv at Concan, TX",DJF1998,1997-98 El Nino,1998-02-21,96.0,Approved
08195000,"Frio Rv at Concan, TX",DJF1998,1997-98 El Nino,1997-09-28,82.0,Approved
08195000,"Frio Rv at Concan, TX",DJF1998,1997-98 El Nino,1997-11-30,83.0,Approved
08195000,"Frio Rv at Concan, TX",DJF1998,1997-98 El Nino,1997-12-30,77.0,Approved
08195000,"Frio Rv at Concan, TX",DJF1998,1997-98 El Nino,1998-01-16,80.0,Approved
08195000,"Frio Rv at Concan, TX",DJF1998,1997-98 El Nino,1997-09-29,80.0,Approved
08195000,"Frio Rv at Concan, TX",DJF1998,1997-98 El Nino,1997-12-17,80.0,Approved
08195000,"Frio Rv at Concan, TX",DJF1998,1997-98 El Nino,1997-10-16,104.0,Approved
08195000,"Frio Rv at Concan, TX",DJF1998,1997-98 El Nino,1997-09-18,91.0,Approved
08195000,"Frio Rv at Concan, TX",DJF1998,1997-98 El Nino,1998-01-18,80.0,Approved
08195000,"Frio Rv at Concan, TX",DJF1998,1997-98 El Nino,1998-02-27,89.0,Approved
08195000,"Frio Rv at Concan, TX",DJF1998,1997-98 El Nino,1997-10-07,92.0,Approved
08195000,"Frio Rv at Concan, TX",DJF1998,1997-98 El Nino,1997-09-26,85.0,Approved
08195000,"Frio Rv at Concan, TX",DJF1998,1997-98 El Nino,1998-02-24,92.0,Approved
08195000,"Frio Rv at Concan, TX",DJF1998,1997-98 El Nino,1998-01-08,92.0,Approved
08195000,"Frio Rv at Concan, TX",DJF1998,1997-98 El Nino,1997-10-04,77.0,Approved
08195000,"Frio Rv at Concan, TX",DJF1998,1997-98 El Nino,1997-11-29,83.0,Approved
08195000,"Frio Rv at Concan, TX",DJF1998,1997-98 El Nino,1997-09-14,98.0,Approved
08195000,"Frio Rv at Concan, TX",DJF1998,1997-98 El Nino,1998-02-15,96.0,Approved
08195000,"Frio Rv at Concan, TX",DJF1998,1997-98 El Nino,1998-02-06,102.0,Approved
08195000,"Frio Rv at Concan, TX",DJF1998,1997-98 El Nino,1998-01-30,72.0,Approved
08195000,"Frio Rv at Concan, TX",DJF1998,1997-98 El Nino,1997-10-10,95.0,Approved
08195000,"Frio Rv at Concan, TX",DJF1998,1997-98 El Nino,1998-01-31,1110.0,Approved
08195000,"Frio Rv at Concan, TX",DJF1998,1997-98 El Nino,1998-01-25,75.0,Approved
08195000,"Frio Rv at Concan, TX",DJF1998,1997-98 El Nino,1997-10-27,88.0,Approved
08195000,"Frio Rv at Concan, TX",DJF1998,1997-98 El Nino,1997-11-18,83.0,Approved
08195000,"Frio Rv at Concan, TX",DJF1998,1997-98 El Nino,1998-02-11,98.0,Approved
08195000,"Frio Rv at Concan, TX",DJF1998,1997-98 El Nino,1997-11-25,83.0,Approved
08195000,"Frio Rv at Concan, TX",DJF1998,1997-98 El Nino,1997-09-09,109.0,Approved
08195000,"Frio Rv at Concan, TX",DJF1998,1997-98 El Nino,1997-10-30,89.0,Approved
08195000,"Frio Rv at Concan, TX",DJF1998,1997-98 El Nino,1997-11-22,86.0,Approved
08195000,"Frio Rv at Concan, TX",DJF1998,1997-98 El Nino,1997-11-05,81.0,Approved
08195000,"Frio Rv at Concan, TX",DJF1998,1997-98 El Nino,1997-10-15,108.0,Approved
08195000,"Frio Rv at Concan, TX",DJF1998,1997-98 El Nino,1998-01-04,77.0,Approved
08195000,"Frio Rv at Concan, TX",DJF1998,1997-98 El Nino,1998-01-11,86.0,Approved
08195000,"Frio Rv at Concan, TX",DJF1998,1997-98 El Nino,1997-09-24,89.0,Approved
08195000,"Frio Rv at Concan, TX",DJF1998,1997-98 El Nino,1998-01-20,77.0,Approved
08195000,"Frio Rv at Concan, TX",DJF1998,1997-98 El Nino,1997-11-04,80.0,Approved
08195000,"Frio Rv at Concan, TX",DJF1998,1997-98 El Nino,1997-10-31,86.0,Approved
08195000,"Frio Rv at Concan, TX",DJF1998,1997-98 El Nino,1997-12-08,81.0,Approved
08195000,"Frio Rv at Concan, TX",DJF1998,1997-98 El Nino,1998-01-10,87.0,Approved
08195000,"Frio Rv at Concan, TX",DJF1998,1997-98 El Nino,1997-09-16,94.0,Approved
08195000,"Frio Rv at Concan, TX",DJF1998,1997-98 El Nino,1997-12-03,83.0,Approved
08195000,"Frio Rv at Concan, TX",DJF1998,1997-98 El Nino,1997-09-15,97.0,Approved
08195000,"Frio Rv at Concan, TX",DJF1998,1997-98 El Nino,1997-09-23,89.0,Approved
08195000,"Frio Rv at Concan, TX",DJF1998,1997-98 El Nino,1997-10-23,98.0,Approved
08195000,"Frio Rv at Concan, TX",DJF1998,1997-98 El Nino,1998-02-01,181.0,Approved
08195000,"Frio Rv at Concan, TX",DJF1998,1997-98 El Nino,1997-10-29,88.0,Approved
08195000,"Frio Rv at Concan, TX",DJF1998,1997-98 El Nino,1997-12-09,80.0,Approved
08195000,"Frio Rv at Concan, TX",DJF1998,1997-98 El Nino,1998-01-09,89.0,Approved
08195000,"Frio Rv at Concan, TX",DJF1998,1997-98 El Nino,1997-12-26,80.0,Approved
08195000,"Frio Rv at Concan, TX",DJF1998,1997-98 El Nino,1998-01-27,75.0,Approved
08195000,"Frio Rv at Concan, TX",DJF1998,1997-98 El Nino,1998-02-09,97.0,Approved
08195000,"Frio Rv at Concan, TX",DJF1998,1997-98 El Nino,1998-01-07,94.0,Approved
08195000,"Frio Rv at Concan, TX",DJF1998,1997-98 El Nino,1997-11-01,86.0,Approved
08195000,"Frio Rv at Concan, TX",DJF1998,1997-98 El Nino,1998-01-28,75.0,Approved
08195000,"Frio Rv at Concan, TX",DJF1998,1997-98 El Nino,1997-10-03,77.0,Approved
08195000,"Frio Rv at Concan, TX",DJF1998,1997-98 El Nino,1997-09-04,117.0,Approved
08195000,"Frio Rv at Concan, TX",DJF1998,1997-98 El Nino,1998-02-16,102.0,Approved
08195000,"Frio Rv at Concan, TX",DJF1998,1997-98 El Nino,1998-02-08,98.0,Approved
08195000,"Frio Rv at Concan, TX",DJF1998,1997-98 El Nino,1997-10-12,129.0,Approved
08195000,"Frio Rv at Concan, TX",DJF1998,1997-98 El Nino,1997-12-05,83.0,Approved
08195000,"Frio Rv at Concan, TX",DJF1998,1997-98 El Nino,1997-09-27,83.0,Approved
08195000,"Frio Rv at Concan, TX",DJF1998,1997-98 El Nino,1998-02-19,90.0,Approved
08195000,"Frio Rv at Concan, TX",DJF1998,1997-98 El Nino,1997-09-03,110.0,Approved
08195000,"Frio Rv at Concan, TX",DJF1998,1997-98 El Nino,1997-11-17,83.0,Approved
08195000,"Frio Rv at Concan, TX",DJF1998,1997-98 El Nino,1998-02-02,122.0,Approved
08195000,"Frio Rv at Concan, TX",DJF1998,1997-98 El Nino,1997-12-22,80.0,Approved
08195000,"Frio Rv at Concan, TX",DJF1998,1997-98 El Nino,1998-01-22,76.0,Approved
08195000,"Frio Rv at Concan, TX",DJF1998,1997-98 El Nino,1997-12-04,83.0,Approved
08195000,"Frio Rv at Concan, TX",DJF1998,1997-98 El Nino,1997-09-10,108.0,Approved
08195000,"Frio Rv at Concan, TX",DJF1998,1997-98 El Nino,1997-11-07,80.0,Approved
08195000,"Frio Rv at Concan, TX",DJF1998,1997-98 El Nino,1997-12-25,80.0,Approved
08195000,"Frio Rv at Concan, TX",DJF1998,1997-98 El Nino,1998-02-14,98.0,Approved
08195000,"Frio Rv at Concan, TX",DJF1998,1997-98 El Nino,1998-02-10,100.0,Approved
08195000,"Frio Rv at Concan, TX",DJF2016,2015-16 El Nino,2015-10-13,34.1,Approved
08195000,"Frio Rv at Concan, TX",DJF2016,2015-16 El Nino,2015-11-25,84.3,Approved
08195000,"Frio Rv at Concan, TX",DJF2016,2015-16 El Nino,2015-12-20,161.0,Approved
08195000,"Frio Rv at Concan, TX",DJF2016,2015-16 El Nino,2016-01-01,141.0,Approved
08195000,"Frio Rv at Concan, TX",DJF2016,2015-16 El Nino,2016-02-13,90.4,Approved
08195000,"Frio Rv at Concan, TX",DJF2016,2015-16 El Nino,2016-02-28,85.6,Approved
08195000,"Frio Rv at Concan, TX",DJF2016,2015-16 El Nino,2016-01-27,108.0,Approved
08195000,"Frio Rv at Concan, TX",DJF2016,2015-16 El Nino,2015-09-21,49.6,Approved
08195000,"Frio Rv at Concan, TX",DJF2016,2015-16 El Nino,2015-12-21,158.0,Approved
08195000,"Frio Rv at Concan, TX",DJF2016,2015-16 El Nino,2015-10-31,86.1,Approved
08195000,"Frio Rv at Concan, TX",DJF2016,2015-16 El Nino,2015-09-14,50.8,Approved
08195000,"Frio Rv at Concan, TX",DJF2016,2015-16 El Nino,2016-02-29,86.0,Approved
08195000,"Frio Rv at Concan, TX",DJF2016,2015-16 El Nino,2015-09-03,59.2,Approved
08195000,"Frio Rv at Concan, TX",DJF2016,2015-16 El Nino,2015-11-05,103.0,Approved
08195000,"Frio Rv at Concan, TX",DJF2016,2015-16 El Nino,2015-12-23,153.0,Approved
08195000,"Frio Rv at Concan, TX",DJF2016,2015-16 El Nino,2016-01-12,125.0,Approved
08195000,"Frio Rv at Concan, TX",DJF2016,2015-16 El Nino,2015-12-13,209.0,Approved
08195000,"Frio Rv at Concan, TX",DJF2016,2015-16 El Nino,2015-09-17,56.5,Approved
08195000,"Frio Rv at Concan, TX",DJF2016,2015-16 El Nino,2015-12-26,149.0,Approved
08195000,"Frio Rv at Concan, TX",DJF2016,2015-16 El Nino,2016-01-06,140.0,Approved
08195000,"Frio Rv at Concan, TX",DJF2016,2015-16 El Nino,2015-09-20,50.3,Approved
08195000,"Frio Rv at Concan, TX",DJF2016,2015-16 El Nino,2015-10-17,32.1,Approved
08195000,"Frio Rv at Concan, TX",DJF2016,2015-16 El Nino,2015-12-30,146.0,Approved
08195000,"Frio Rv at Concan, TX",DJF2016,2015-16 El Nino,2016-02-12,91.2,Approved
08195000,"Frio Rv at Concan, TX",DJF2016,2015-16 El Nino,2015-12-03,191.0,Approved
08195000,"Frio Rv at Concan, TX",DJF2016,2015-16 El Nino,2015-11-23,85.0,Approved
08195000,"Frio Rv at Concan, TX",DJF2016,2015-16 El Nino,2015-11-21,89.1,Approved
08195000,"Frio Rv at Concan, TX",DJF2016,2015-16 El Nino,2015-09-04,57.7,Approved
08195000,"Frio Rv at Concan, TX",DJF2016,2015-16 El Nino,2015-12-01,217.0,Approved
08195000,"Frio Rv at Concan, TX",DJF2016,2015-16 El Nino,2016-01-25,110.0,Approved
08195000,"Frio Rv at Concan, TX",DJF2016,2015-16 El Nino,2015-10-12,35.3,Approved
08195000,"Frio Rv at Concan, TX",DJF2016,2015-16 El Nino,2015-11-06,101.0,Approved
08195000,"Frio Rv at Concan, TX",DJF2016,2015-16 El Nino,2016-02-08,94.1,Approved
08195000,"Frio Rv at Concan, TX",DJF2016,2015-16 El Nino,2016-02-27,85.2,Approved
08195000,"Frio Rv at Concan, TX",DJF2016,2015-16 El Nino,2015-10-04,39.7,Approved
08195000,"Frio Rv at Concan, TX",DJF2016,2015-16 El Nino,2016-02-11,91.8,Approved
08195000,"Frio Rv at Concan, TX",DJF2016,2015-16 El Nino,2015-09-30,42.6,Approved
08195000,"Frio Rv at Concan, TX",DJF2016,2015-16 El Nino,2016-01-19,117.0,Approved
08195000,"Frio Rv at Concan, TX",DJF2016,2015-16 El Nino,2015-12-11,158.0,Approved
08195000,"Frio Rv at Concan, TX",DJF2016,2015-16 El Nino,2016-01-23,111.0,Approved
08195000,"Frio Rv at Concan, TX",DJF2016,2015-16 El Nino,2015-11-14,102.0,Approved
08195000,"Frio Rv at Concan, TX",DJF2016,2015-16 El Nino,2015-11-12,110.0,Approved
08195000,"Frio Rv at Concan, TX",DJF2016,2015-16 El Nino,2015-10-08,39.6,Approved
08195000,"Frio Rv at Concan, TX",DJF2016,2015-16 El Nino,2015-11-08,130.0,Approved
08195000,"Frio Rv at Concan, TX",DJF2016,2015-16 El Nino,2016-01-28,105.0,Approved
08195000,"Frio Rv at Concan, TX",DJF2016,2015-16 El Nino,2016-01-22,111.0,Approved
08195000,"Frio Rv at Concan, TX",DJF2016,2015-16 El Nino,2015-09-12,52.9,Approved
08195000,"Frio Rv at Concan, TX",DJF2016,2015-16 El Nino,2015-11-07,127.0,Approved
08195000,"Frio Rv at Concan, TX",DJF2016,2015-16 El Nino,2015-12-22,156.0,Approved
08195000,"Frio Rv at Concan, TX",DJF2016,2015-16 El Nino,2015-09-18,52.4,Approved
08195000,"Frio Rv at Concan, TX",DJF2016,2015-16 El Nino,2015-12-06,173.0,Approved
08195000,"Frio Rv at Concan, TX",DJF2016,2015-16 El Nino,2015-09-10,55.0,Approved
08195000,"Frio Rv at Concan, TX",DJF2016,2015-16 El Nino,2016-01-04,142.0,Approved
08195000,"Frio Rv at Concan, TX",DJF2016,2015-16 El Nino,2015-09-07,54.9,Approved
08195000,"Frio Rv at Concan, TX",DJF2016,2015-16 El Nino,2016-02-05,97.2,Approved
08195000,"Frio Rv at Concan, TX",DJF2016,2015-16 El Nino,2016-01-20,115.0,Approved
08195000,"Frio Rv at Concan, TX",DJF2016,2015-16 El Nino,2016-02-10,92.9,Approved
08195000,"Frio Rv at Concan, TX",DJF2016,2015-16 El Nino,2015-09-02,60.7,Approved
08195000,"Frio Rv at Concan, TX",DJF2016,2015-16 El Nino,2015-10-14,33.0,Approved
08195000,"Frio Rv at Concan, TX",DJF2016,2015-16 El Nino,2016-01-13,123.0,Approved
08195000,"Frio Rv at Concan, TX",DJF2016,2015-16 El Nino,2015-12-25,149.0,Approved
08195000,"Frio Rv at Concan, TX",DJF2016,2015-16 El Nino,2015-10-10,42.6,Approved
08195000,"Frio Rv at Concan, TX",DJF2016,2015-16 El Nino,2015-11-03,111.0,Approved
08195000,"Frio Rv at Concan, TX",DJF2016,2015-16 El Nino,2016-02-23,118.0,Approved
08195000,"Frio Rv at Concan, TX",DJF2016,2015-16 El Nino,2015-11-04,103.0,Approved
08195000,"Frio Rv at Concan, TX",DJF2016,2015-16 El Nino,2016-02-15,89.3,Approved
08195000,"Frio Rv at Concan, TX",DJF2016,2015-16 El Nino,2016-02-03,99.1,Approved
08195000,"Frio Rv at Concan, TX",DJF2016,2015-16 El Nino,2015-10-15,33.0,Approved
08195000,"Frio Rv at Concan, TX",DJF2016,2015-16 El Nino,2015-11-17,100.0,Approved
08195000,"Frio Rv at Concan, TX",DJF2016,2015-16 El Nino,2015-12-04,183.0,Approved
08195000,"Frio Rv at Concan, TX",DJF2016,2015-16 El Nino,2015-09-05,56.8,Approved
08195000,"Frio Rv at Concan, TX",DJF2016,2015-16 El Nino,2015-12-31,143.0,Approved
08195000,"Frio Rv at Concan, TX",DJF2016,2015-16 El Nino,2015-09-29,43.1,Approved
08195000,"Frio Rv at Concan, TX",DJF2016,2015-16 El Nino,2015-11-20,91.6,Approved
08195000,"Frio Rv at Concan, TX",DJF2016,2015-16 El Nino,2015-10-07,39.0,Approved
08195000,"Frio Rv at Concan, TX",DJF2016,2015-16 El Nino,2015-11-26,87.6,Approved
08195000,"Frio Rv at Concan, TX",DJF2016,2015-16 El Nino,2016-01-29,105.0,Approved
08195000,"Frio Rv at Concan, TX",DJF2016,2015-16 El Nino,2016-02-07,95.2,Approved
08195000,"Frio Rv at Concan, TX",DJF2016,2015-16 El Nino,2016-02-01,102.0,Approved
08195000,"Frio Rv at Concan, TX",DJF2016,2015-16 El Nino,2015-09-27,44.2,Approved
08195000,"Frio Rv at Concan, TX",DJF2016,2015-16 El Nino,2015-09-13,51.7,Approved
08195000,"Frio Rv at Concan, TX",DJF2016,2015-16 El Nino,2015-12-08,167.0,Approved
08195000,"Frio Rv at Concan, TX",DJF2016,2015-16 El Nino,2016-01-18,117.0,Approved
08195000,"Frio Rv at Concan, TX",DJF2016,2015-16 El Nino,2015-10-21,32.5,Approved
08195000,"Frio Rv at Concan, TX",DJF2016,2015-16 El Nino,2016-02-24,94.7,Approved
08195000,"Frio Rv at Concan, TX",DJF2016,2015-16 El Nino,2015-09-09,52.7,Approved
08195000,"Frio Rv at Concan, TX",DJF2016,2015-16 El Nino,2016-02-19,86.5,Approved
08195000,"Frio Rv at Concan, TX",DJF2016,2015-16 El Nino,2015-09-26,44.7,Approved
08195000,"Frio Rv at Concan, TX",DJF2016,2015-16 El Nino,2015-10-11,35.6,Approved
08195000,"Frio Rv at Concan, TX",DJF2016,2015-16 El Nino,2015-09-08,53.5,Approved
08195000,"Frio Rv at Concan, TX",DJF2016,2015-16 El Nino,2015-10-24,95.4,Approved
08195000,"Frio Rv at Concan, TX",DJF2016,2015-16 El Nino,2016-02-25,89.6,Approved
08195000,"Frio Rv at Concan, TX",DJF2016,2015-16 El Nino,2015-12-07,169.0,Approved
08195000,"Frio Rv at Concan, TX",DJF2016,2015-16 El Nino,2015-11-22,86.5,Approved
08195000,"Frio Rv at Concan, TX",DJF2016,2015-16 El Nino,2015-11-02,129.0,Approved
08195000,"Frio Rv at Concan, TX",DJF2016,2015-16 El Nino,2016-02-14,90.4,Approved
08195000,"Frio Rv at Concan, TX",DJF2016,2015-16 El Nino,2015-12-17,169.0,Approved
08195000,"Frio Rv at Concan, TX",DJF2016,2015-16 El Nino,2015-10-03,40.0,Approved
08195000,"Frio Rv at Concan, TX",DJF2016,2015-16 El Nino,2016-01-14,123.0,Approved
08195000,"Frio Rv at Concan, TX",DJF2016,2015-16 El Nino,2015-09-11,53.5,Approved
08195000,"Frio Rv at Concan, TX",DJF2016,2015-16 El Nino,2015-10-29,63.0,Approved
08195000,"Frio Rv at Concan, TX",DJF2016,2015-16 El Nino,2015-12-14,184.0,Approved
08195000,"Frio Rv at Concan, TX",DJF2016,2015-16 El Nino,2015-11-16,103.0,Approved
08195000,"Frio Rv at Concan, TX",DJF2016,2015-16 El Nino,2016-01-17,117.0,Approved
08195000,"Frio Rv at Concan, TX",DJF2016,2015-16 El Nino,2016-01-30,104.0,Approved
08195000,"Frio Rv at Concan, TX",DJF2016,2015-16 El Nino,2015-10-20,31.7,Approved
08195000,"Frio Rv at Concan, TX",DJF2016,2015-16 El Nino,2016-02-06,96.2,Approved
08195000,"Frio Rv at Concan, TX",DJF2016,2015-16 El Nino,2016-02-17,87.4,Approved
08195000,"Frio Rv at Concan, TX",DJF2016,2015-16 El Nino,2015-09-16,55.0,Approved
08195000,"Frio Rv at Concan, TX",DJF2016,2015-16 El Nino,2015-11-10,123.0,Approved
08195000,"Frio Rv at Concan, TX",DJF2016,2015-16 El Nino,2015-09-19,51.3,Approved
08195000,"Frio Rv at Concan, TX",DJF2016,2015-16 El Nino,2015-09-22,48.6,Approved
08195000,"Frio Rv at Concan, TX",DJF2016,2015-16 El Nino,2016-01-26,108.0,Approved
08195000,"Frio Rv at Concan, TX",DJF2016,2015-16 El Nino,2015-12-24,150.0,Approved
08195000,"Frio Rv at Concan, TX",DJF2016,2015-16 El Nino,2015-12-29,147.0,Approved
08195000,"Frio Rv at Concan, TX",DJF2016,2015-16 El Nino,2015-11-18,96.6,Approved
08195000,"Frio Rv at Concan, TX",DJF2016,2015-16 El Nino,2016-01-11,126.0,Approved
08195000,"Frio Rv at Concan, TX",DJF2016,2015-16 El Nino,2015-11-30,238.0,Approved
08195000,"Frio Rv at Concan, TX",DJF2016,2015-16 El Nino,2016-01-31,103.0,Approved
08195000,"Frio Rv at Concan, TX",DJF2016,2015-16 El Nino,2015-09-25,44.8,Approved
08195000,"Frio Rv at Concan, TX",DJF2016,2015-16 El Nino,2016-01-05,139.0,Approved
08195000,"Frio Rv at Concan, TX",DJF2016,2015-16 El Nino,2015-10-09,59.4,Approved
08195000,"Frio Rv at Concan, TX",DJF2016,2015-16 El Nino,2016-02-02,100.0,Approved
08195000,"Frio Rv at Concan, TX",DJF2016,2015-16 El Nino,2015-11-19,93.4,Approved
08195000,"Frio Rv at Concan, TX",DJF2016,2015-16 El Nino,2016-01-09,133.0,Approved
08195000,"Frio Rv at Concan, TX",DJF2016,2015-16 El Nino,2015-10-23,36.3,Approved
08195000,"Frio Rv at Concan, TX",DJF2016,2015-16 El Nino,2016-01-02,146.0,Approved
08195000,"Frio Rv at Concan, TX",DJF2016,2015-16 El Nino,2016-01-24,111.0,Approved
08195000,"Frio Rv at Concan, TX",DJF2016,2015-16 El Nino,2015-11-13,105.0,Approved
08195000,"Frio Rv at Concan, TX",DJF2016,2015-16 El Nino,2015-09-01,61.3,Approved
08195000,"Frio Rv at Concan, TX",DJF2016,2015-16 El Nino,2016-02-20,85.9,Approved
08195000,"Frio Rv at Concan, TX",DJF2016,2015-16 El Nino,2015-10-25,82.8,Approved
08195000,"Frio Rv at Concan, TX",DJF2016,2015-16 El Nino,2015-10-02,41.3,Approved
08195000,"Frio Rv at Concan, TX",DJF2016,2015-16 El Nino,2015-10-22,34.7,Approved
08195000,"Frio Rv at Concan, TX",DJF2016,2015-16 El Nino,2016-01-08,136.0,Approved
08195000,"Frio Rv at Concan, TX",DJF2016,2015-16 El Nino,2015-12-09,164.0,Approved
08195000,"Frio Rv at Concan, TX",DJF2016,2015-16 El Nino,2015-10-18,31.6,Approved
08195000,"Frio Rv at Concan, TX",DJF2016,2015-16 El Nino,2015-09-23,46.5,Approved
08195000,"Frio Rv at Concan, TX",DJF2016,2015-16 El Nino,2015-10-28,62.9,Approved
08195000,"Frio Rv at Concan, TX",DJF2016,2015-16 El Nino,2015-10-01,41.7,Approved
08195000,"Frio Rv at Concan, TX",DJF2016,2015-16 El Nino,2015-12-12,156.0,Approved
08195000,"Frio Rv at Concan, TX",DJF2016,2015-16 El Nino,2015-10-05,39.8,Approved
08195000,"Frio Rv at Concan, TX",DJF2016,2015-16 El Nino,2016-02-21,85.6,Approved
08195000,"Frio Rv at Concan, TX",DJF2016,2015-16 El Nino,2015-12-18,165.0,Approved
08195000,"Frio Rv at Concan, TX",DJF2016,2015-16 El Nino,2015-09-15,52.0,Approved
08195000,"Frio Rv at Concan, TX",DJF2016,2015-16 El Nino,2016-01-10,129.0,Approved
08195000,"Frio Rv at Concan, TX",DJF2016,2015-16 El Nino,2016-01-21,114.0,Approved
08195000,"Frio Rv at Concan, TX",DJF2016,2015-16 El Nino,2015-10-27,60.3,Approved
08195000,"Frio Rv at Concan, TX",DJF2016,2015-16 El Nino,2016-01-03,148.0,Approved
08195000,"Frio Rv at Concan, TX",DJF2016,2015-16 El Nino,2015-12-19,162.0,Approved
08195000,"Frio Rv at Concan, TX",DJF2016,2015-16 El Nino,2015-10-06,39.9,Approved
08195000,"Frio Rv at Concan, TX",DJF2016,2015-16 El Nino,2015-12-27,150.0,Approved
08195000,"Frio Rv at Concan, TX",DJF2016,2015-16 El Nino,2016-02-16,88.4,Approved
08195000,"Frio Rv at Concan, TX",DJF2016,2015-16 El Nino,2015-11-09,129.0,Approved
08195000,"Frio Rv at Concan, TX",DJF2016,2015-16 El Nino,2016-02-04,97.9,Approved
08195000,"Frio Rv at Concan, TX",DJF2016,2015-16 El Nino,2015-09-24,44.8,Approved
08195000,"Frio Rv at Concan, TX",DJF2016,2015-16 El Nino,2015-09-06,55.7,Approved
08195000,"Frio Rv at Concan, TX",DJF2016,2015-16 El Nino,2015-10-30,69.8,Approved
08195000,"Frio Rv at Concan, TX",DJF2016,2015-16 El Nino,2015-12-05,177.0,Approved
08195000,"Frio Rv at Concan, TX",DJF2016,2015-16 El Nino,2016-01-15,121.0,Approved
08195000,"Frio Rv at Concan, TX",DJF2016,2015-16 El Nino,2015-10-26,64.3,Approved
08195000,"Frio Rv at Concan, TX",DJF2016,2015-16 El Nino,2015-12-28,151.0,Approved
08195000,"Frio Rv at Concan, TX",DJF2016,2015-16 El Nino,2016-02-26,86.7,Approved
08195000,"Frio Rv at Concan, TX",DJF2016,2015-16 El Nino,2015-10-19,31.6,Approved
08195000,"Frio Rv at Concan, TX",DJF2016,2015-16 El Nino,2015-09-28,43.5,Approved
08195000,"Frio Rv at Concan, TX",DJF2016,2015-16 El Nino,2015-12-16,174.0,Approved
08195000,"Frio Rv at Concan, TX",DJF2016,2015-16 El Nino,2016-01-07,139.0,Approved
08195000,"Frio Rv at Concan, TX",DJF2016,2015-16 El Nino,2015-11-11,117.0,Approved
08195000,"Frio Rv at Concan, TX",DJF2016,2015-16 El Nino,2016-02-18,86.8,Approved
08195000,"Frio Rv at Concan, TX",DJF2016,2015-16 El Nino,2015-11-28,208.0,Approved
08195000,"Frio Rv at Concan, TX",DJF2016,2015-16 El Nino,2015-11-01,151.0,Approved
08195000,"Frio Rv at Concan, TX",DJF2016,2015-16 El Nino,2015-12-02,202.0,Approved
08195000,"Frio Rv at Concan, TX",DJF2016,2015-16 El Nino,2015-11-27,117.0,Approved
08195000,"Frio Rv at Concan, TX",DJF2016,2015-16 El Nino,2016-02-09,93.5,Approved
08195000,"Frio Rv at Concan, TX",DJF2016,2015-16 El Nino,2015-12-15,182.0,Approved
08195000,"Frio Rv at Concan, TX",DJF2016,2015-16 El Nino,2015-11-24,84.4,Approved
08195000,"Frio Rv at Concan, TX",DJF2016,2015-16 El Nino,2016-01-16,119.0,Approved
08195000,"Frio Rv at Concan, TX",DJF2016,2015-16 El Nino,2015-12-10,161.0,Approved
08195000,"Frio Rv at Concan, TX",DJF2016,2015-16 El Nino,2015-11-15,101.0,Approved
08195000,"Frio Rv at Concan, TX",DJF2016,2015-16 El Nino,2016-02-22,86.1,Approved
08195000,"Frio Rv at Concan, TX",DJF2016,2015-16 El Nino,2015-11-29,274.0,Approved
08195000,"Frio Rv at Concan, TX",DJF2016,2015-16 El Nino,2015-10-16,32.7,Approved
08195000,"Frio Rv at Concan, TX",DJF2024,2023-24 El Nino,2023-12-28,18.2,Approved
08195000,"Frio Rv at Concan, TX",DJF2024,2023-24 El Nino,2023-09-30,0.0,Approved
08195000,"Frio Rv at Concan, TX",DJF2024,2023-24 El Nino,2023-10-05,31.6,Approved
08195000,"Frio Rv at Concan, TX",DJF2024,2023-24 El Nino,2023-10-02,0.0,Approved
08195000,"Frio Rv at Concan, TX",DJF2024,2023-24 El Nino,2023-12-12,16.7,Approved
08195000,"Frio Rv at Concan, TX",DJF2024,2023-24 El Nino,2023-11-15,13.4,Approved
08195000,"Frio Rv at Concan, TX",DJF2024,2023-24 El Nino,2023-11-04,9.97,Approved
08195000,"Frio Rv at Concan, TX",DJF2024,2023-24 El Nino,2023-12-20,16.9,Approved
08195000,"Frio Rv at Concan, TX",DJF2024,2023-24 El Nino,2024-01-17,19.6,Approved
08195000,"Frio Rv at Concan, TX",DJF2024,2023-24 El Nino,2024-02-26,20.1,Approved
08195000,"Frio Rv at Concan, TX",DJF2024,2023-24 El Nino,2024-01-20,19.6,Approved
08195000,"Frio Rv at Concan, TX",DJF2024,2023-24 El Nino,2023-12-15,20.8,Approved
08195000,"Frio Rv at Concan, TX",DJF2024,2023-24 El Nino,2023-10-14,9.26,Approved
08195000,"Frio Rv at Concan, TX",DJF2024,2023-24 El Nino,2024-01-11,20.4,Approved
08195000,"Frio Rv at Concan, TX",DJF2024,2023-24 El Nino,2024-02-21,20.8,Approved
08195000,"Frio Rv at Concan, TX",DJF2024,2023-24 El Nino,2023-10-12,13.0,Approved
08195000,"Frio Rv at Concan, TX",DJF2024,2023-24 El Nino,2023-10-18,7.09,Approved
08195000,"Frio Rv at Concan, TX",DJF2024,2023-24 El Nino,2023-09-09,0.0,Approved
08195000,"Frio Rv at Concan, TX",DJF2024,2023-24 El Nino,2024-01-01,18.2,Approved
08195000,"Frio Rv at Concan, TX",DJF2024,2023-24 El Nino,2023-12-11,16.4,Approved
08195000,"Frio Rv at Concan, TX",DJF2024,2023-24 El Nino,2023-10-06,36.3,Approved
08195000,"Frio Rv at Concan, TX",DJF2024,2023-24 El Nino,2024-01-15,19.6,Approved
08195000,"Frio Rv at Concan, TX",DJF2024,2023-24 El Nino,2024-01-08,19.9,Approved
08195000,"Frio Rv at Concan, TX",DJF2024,2023-24 El Nino,2024-02-10,25.1,Approved
08195000,"Frio Rv at Concan, TX",DJF2024,2023-24 El Nino,2023-09-16,0.0,Approved
08195000,"Frio Rv at Concan, TX",DJF2024,2023-24 El Nino,2023-12-08,16.2,Approved
08195000,"Frio Rv at Concan, TX",DJF2024,2023-24 El Nino,2023-09-27,0.0,Approved
08195000,"Frio Rv at Concan, TX",DJF2024,2023-24 El Nino,2024-02-28,20.1,Approved
08195000,"Frio Rv at Concan, TX",DJF2024,2023-24 El Nino,2024-02-27,20.5,Approved
08195000,"Frio Rv at Concan, TX",DJF2024,2023-24 El Nino,2024-01-07,19.5,Approved
08195000,"Frio Rv at Concan, TX",DJF2024,2023-24 El Nino,2023-09-14,0.0,Approved
08195000,"Frio Rv at Concan, TX",DJF2024,2023-24 El Nino,2023-10-11,14.6,Approved
08195000,"Frio Rv at Concan, TX",DJF2024,2023-24 El Nino,2023-09-04,0.0,Approved
08195000,"Frio Rv at Concan, TX",DJF2024,2023-24 El Nino,2024-01-30,18.1,Approved
08195000,"Frio Rv at Concan, TX",DJF2024,2023-24 El Nino,2023-09-05,0.0,Approved
08195000,"Frio Rv at Concan, TX",DJF2024,2023-24 El Nino,2023-12-02,16.5,Approved
08195000,"Frio Rv at Concan, TX",DJF2024,2023-24 El Nino,2023-09-02,0.67,Approved
08195000,"Frio Rv at Concan, TX",DJF2024,2023-24 El Nino,2024-01-22,20.1,Approved
08195000,"Frio Rv at Concan, TX",DJF2024,2023-24 El Nino,2024-02-18,20.4,Approved
08195000,"Frio Rv at Concan, TX",DJF2024,2023-24 El Nino,2023-09-10,0.0,Approved
08195000,"Frio Rv at Concan, TX",DJF2024,2023-24 El Nino,2024-01-14,20.0,Approved
08195000,"Frio Rv at Concan, TX",DJF2024,2023-24 El Nino,2023-11-18,13.8,Approved
08195000,"Frio Rv at Concan, TX",DJF2024,2023-24 El Nino,2023-09-26,0.0,Approved
08195000,"Frio Rv at Concan, TX",DJF2024,2023-24 El Nino,2023-12-29,17.9,Approved
08195000,"Frio Rv at Concan, TX",DJF2024,2023-24 El Nino,2023-11-17,13.8,Approved
08195000,"Frio Rv at Concan, TX",DJF2024,2023-24 El Nino,2023-11-26,14.7,Approved
08195000,"Frio Rv at Concan, TX",DJF2024,2023-24 El Nino,2024-01-09,20.2,Approved
08195000,"Frio Rv at Concan, TX",DJF2024,2023-24 El Nino,2024-02-22,20.8,Approved
08195000,"Frio Rv at Concan, TX",DJF2024,2023-24 El Nino,2024-02-02,19.0,Approved
08195000,"Frio Rv at Concan, TX",DJF2024,2023-24 El Nino,2023-12-13,17.6,Approved
08195000,"Frio Rv at Concan, TX",DJF2024,2023-24 El Nino,2023-12-30,17.7,Approved
08195000,"Frio Rv at Concan, TX",DJF2024,2023-24 El Nino,2023-11-20,14.3,Approved
08195000,"Frio Rv at Concan, TX",DJF2024,2023-24 El Nino,2023-11-02,9.7,Approved
08195000,"Frio Rv at Concan, TX",DJF2024,2023-24 El Nino,2023-12-03,16.1,Approved
08195000,"Frio Rv at Concan, TX",DJF2024,2023-24 El Nino,2024-02-24,19.9,Approved
08195000,"Frio Rv at Concan, TX",DJF2024,2023-24 El Nino,2023-11-27,14.7,Approved
08195000,"Frio Rv at Concan, TX",DJF2024,2023-24 El Nino,2023-09-06,0.0,Approved
08195000,"Frio Rv at Concan, TX",DJF2024,2023-24 El Nino,2023-09-28,0.0,Approved
08195000,"Frio Rv at Concan, TX",DJF2024,2023-24 El Nino,2024-02-14,20.4,Approved
08195000,"Frio Rv at Concan, TX",DJF2024,2023-24 El Nino,2024-01-25,19.8,Approved
08195000,"Frio Rv at Concan, TX",DJF2024,2023-24 El Nino,2023-12-16,18.6,Approved
08195000,"Frio Rv at Concan, TX",DJF2024,2023-24 El Nino,2024-02-03,21.0,Approved
08195000,"Frio Rv at Concan, TX",DJF2024,2023-24 El Nino,2023-11-10,12.8,Approved
08195000,"Frio Rv at Concan, TX",DJF2024,2023-24 El Nino,2023-12-07,16.0,Approved
08195000,"Frio Rv at Concan, TX",DJF2024,2023-24 El Nino,2024-02-15,20.6,Approved
08195000,"Frio Rv at Concan, TX",DJF2024,2023-24 El Nino,2023-10-27,9.92,Approved
08195000,"Frio Rv at Concan, TX",DJF2024,2023-24 El Nino,2023-10-13,11.3,Approved
08195000,"Frio Rv at Concan, TX",DJF2024,2023-24 El Nino,2023-11-03,9.91,Approved
08195000,"Frio Rv at Concan, TX",DJF2024,2023-24 El Nino,2023-10-20,7.42,Approved
08195000,"Frio Rv at Concan, TX",DJF2024,2023-24 El Nino,2024-01-29,18.1,Approved
08195000,"Frio Rv at Concan, TX",DJF2024,2023-24 El Nino,2024-01-31,18.1,Approved
08195000,"Frio Rv at Concan, TX",DJF2024,2023-24 El Nino,2023-10-26,9.94,Approved
08195000,"Frio Rv at Concan, TX",DJF2024,2023-24 El Nino,2024-02-19,20.3,Approved
08195000,"Frio Rv at Concan, TX",DJF2024,2023-24 El Nino,2023-11-24,15.2,Approved
08195000,"Frio Rv at Concan, TX",DJF2024,2023-24 El Nino,2024-02-07,18.8,Approved
08195000,"Frio Rv at Concan, TX",DJF2024,2023-24 El Nino,2024-02-25,20.1,Approved
08195000,"Frio Rv at Concan, TX",DJF2024,2023-24 El Nino,2024-02-29,19.7,Approved
08195000,"Frio Rv at Concan, TX",DJF2024,2023-24 El Nino,2023-12-19,16.9,Approved
08195000,"Frio Rv at Concan, TX",DJF2024,2023-24 El Nino,2024-01-26,19.3,Approved
08195000,"Frio Rv at Concan, TX",DJF2024,2023-24 El Nino,2024-02-17,21.1,Approved
08195000,"Frio Rv at Concan, TX",DJF2024,2023-24 El Nino,2023-11-19,13.8,Approved
08195000,"Frio Rv at Concan, TX",DJF2024,2023-24 El Nino,2023-09-29,0.0,Approved
08195000,"Frio Rv at Concan, TX",DJF2024,2023-24 El Nino,2023-11-13,13.9,Approved
08195000,"Frio Rv at Concan, TX",DJF2024,2023-24 El Nino,2023-09-01,1.69,Approved
08195000,"Frio Rv at Concan, TX",DJF2024,2023-24 El Nino,2023-12-24,21.2,Approved
08195000,"Frio Rv at Concan, TX",DJF2024,2023-24 El Nino,2024-02-05,19.0,Approved
08195000,"Frio Rv at Concan, TX",DJF2024,2023-24 El Nino,2023-11-28,15.0,Approved
08195000,"Frio Rv at Concan, TX",DJF2024,2023-24 El Nino,2023-09-15,0.0,Approved
08195000,"Frio Rv at Concan, TX",DJF2024,2023-24 El Nino,2023-11-21,14.9,Approved
08195000,"Frio Rv at Concan, TX",DJF2024,2023-24 El Nino,2023-10-07,26.2,Approved
08195000,"Frio Rv at Concan, TX",DJF2024,2023-24 El Nino,2024-01-02,19.1,Approved
08195000,"Frio Rv at Concan, TX",DJF2024,2023-24 El Nino,2023-12-06,16.0,Approved
08195000,"Frio Rv at Concan, TX",DJF2024,2023-24 El Nino,2023-10-03,10.3,Approved
08195000,"Frio Rv at Concan, TX",DJF2024,2023-24 El Nino,2023-10-25,11.2,Approved
08195000,"Frio Rv at Concan, TX",DJF2024,2023-24 El Nino,2024-01-10,20.1,Approved
08195000,"Frio Rv at Concan, TX",DJF2024,2023-24 El Nino,2023-09-25,0.0,Approved
08195000,"Frio Rv at Concan, TX",DJF2024,2023-24 El Nino,2023-12-10,16.6,Approved
08195000,"Frio Rv at Concan, TX",DJF2024,2023-24 El Nino,2024-02-13,20.5,Approved
08195000,"Frio Rv at Concan, TX",DJF2024,2023-24 El Nino,2023-11-07,9.97,Approved
08195000,"Frio Rv at Concan, TX",DJF2024,2023-24 El Nino,2023-12-21,17.5,Approved
08195000,"Frio Rv at Concan, TX",DJF2024,2023-24 El Nino,2023-11-01,9.4,Approved
08195000,"Frio Rv at Concan, TX",DJF2024,2023-24 El Nino,2024-01-28,18.3,Approved
08195000,"Frio Rv at Concan, TX",DJF2024,2023-24 El Nino,2023-11-12,12.0,Approved
08195000,"Frio Rv at Concan, TX",DJF2024,2023-24 El Nino,2023-10-19,7.39,Approved
08195000,"Frio Rv at Concan, TX",DJF2024,2023-24 El Nino,2024-02-04,19.5,Approved
08195000,"Frio Rv at Concan, TX",DJF2024,2023-24 El Nino,2024-01-18,20.0,Approved
08195000,"Frio Rv at Concan, TX",DJF2024,2023-24 El Nino,2023-11-06,9.97,Approved
08195000,"Frio Rv at Concan, TX",DJF2024,2023-24 El Nino,2023-11-22,15.1,Approved
08195000,"Frio Rv at Concan, TX",DJF2024,2023-24 El Nino,2023-11-08,10.3,Approved
08195000,"Frio Rv at Concan, TX",DJF2024,2023-24 El Nino,2023-11-11,11.6,Approved
08195000,"Frio Rv at Concan, TX",DJF2024,2023-24 El Nino,2024-02-08,18.7,Approved
08195000,"Frio Rv at Concan, TX",DJF2024,2023-24 El Nino,2023-11-30,17.0,Approved
08195000,"Frio Rv at Concan, TX",DJF2024,2023-24 El Nino,2024-01-24,19.2,Approved
08195000,"Frio Rv at Concan, TX",DJF2024,2023-24 El Nino,2023-09-12,0.0,Approved
08195000,"Frio Rv at Concan, TX",DJF2024,2023-24 El Nino,2023-09-23,0.0,Approved
08195000,"Frio Rv at Concan, TX",DJF2024,2023-24 El Nino,2023-11-16,13.7,Approved
08195000,"Frio Rv at Concan, TX",DJF2024,2023-24 El Nino,2023-10-24,9.5,Approved
08195000,"Frio Rv at Concan, TX",DJF2024,2023-24 El Nino,2023-11-29,15.2,Approved
08195000,"Frio Rv at Concan, TX",DJF2024,2023-24 El Nino,2024-01-23,19.0,Approved
08195000,"Frio Rv at Concan, TX",DJF2024,2023-24 El Nino,2023-09-19,0.0,Approved
08195000,"Frio Rv at Concan, TX",DJF2024,2023-24 El Nino,2023-12-26,19.2,Approved
08195000,"Frio Rv at Concan, TX",DJF2024,2023-24 El Nino,2023-12-23,18.3,Approved
08195000,"Frio Rv at Concan, TX",DJF2024,2023-24 El Nino,2023-12-05,15.8,Approved
08195000,"Frio Rv at Concan, TX",DJF2024,2023-24 El Nino,2023-10-29,9.75,Approved
08195000,"Frio Rv at Concan, TX",DJF2024,2023-24 El Nino,2024-02-11,23.3,Approved
08195000,"Frio Rv at Concan, TX",DJF2024,2023-24 El Nino,2023-10-01,0.0,Approved
08195000,"Frio Rv at Concan, TX",DJF2024,2023-24 El Nino,2023-12-17,17.3,Approved
08195000,"Frio Rv at Concan, TX",DJF2024,2023-24 El Nino,2024-01-06,19.3,Approved
08195000,"Frio Rv at Concan, TX",DJF2024,2023-24 El Nino,2023-11-14,14.2,Approved
08195000,"Frio Rv at Concan, TX",DJF2024,2023-24 El Nino,2023-12-01,16.9,Approved
08195000,"Frio Rv at Concan, TX",DJF2024,2023-24 El Nino,2023-09-24,0.0,Approved
08195000,"Frio Rv at Concan, TX",DJF2024,2023-24 El Nino,2024-01-19,20.3,Approved
08195000,"Frio Rv at Concan, TX",DJF2024,2023-24 El Nino,2023-09-18,0.0,Approved
08195000,"Frio Rv at Concan, TX",DJF2024,2023-24 El Nino,2023-12-09,16.4,Approved
08195000,"Frio Rv at Concan, TX",DJF2024,2023-24 El Nino,2023-09-07,0.0,Approved
08195000,"Frio Rv at Concan, TX",DJF2024,2023-24 El Nino,2024-01-05,19.3,Approved
08195000,"Frio Rv at Concan, TX",DJF2024,2023-24 El Nino,2023-11-05,9.82,Approved
08195000,"Frio Rv at Concan, TX",DJF2024,2023-24 El Nino,2023-10-08,21.4,Approved
08195000,"Frio Rv at Concan, TX",DJF2024,2023-24 El Nino,2024-02-01,18.2,Approved
08195000,"Frio Rv at Concan, TX",DJF2024,2023-24 El Nino,2023-12-22,18.1,Approved
08195000,"Frio Rv at Concan, TX",DJF2024,2023-24 El Nino,2023-09-08,0.0,Approved
08195000,"Frio Rv at Concan, TX",DJF2024,2023-24 El Nino,2023-10-10,16.5,Approved
08195000,"Frio Rv at Concan, TX",DJF2024,2023-24 El Nino,2023-11-09,11.0,Approved
08195000,"Frio Rv at Concan, TX",DJF2024,2023-24 El Nino,2024-02-20,20.6,Approved
08195000,"Frio Rv at Concan, TX",DJF2024,2023-24 El Nino,2023-10-17,6.71,Approved
08195000,"Frio Rv at Concan, TX",DJF2024,2023-24 El Nino,2023-12-25,20.6,Approved
08195000,"Frio Rv at Concan, TX",DJF2024,2023-24 El Nino,2023-10-04,29.3,Approved
08195000,"Frio Rv at Concan, TX",DJF2024,2023-24 El Nino,2024-01-21,19.3,Approved
08195000,"Frio Rv at Concan, TX",DJF2024,2023-24 El Nino,2024-01-16,19.6,Approved
08195000,"Frio Rv at Concan, TX",DJF2024,2023-24 El Nino,2024-02-09,18.5,Approved
08195000,"Frio Rv at Concan, TX",DJF2024,2023-24 El Nino,2024-02-12,20.5,Approved
08195000,"Frio Rv at Concan, TX",DJF2024,2023-24 El Nino,2023-10-16,6.35,Approved
08195000,"Frio Rv at Concan, TX",DJF2024,2023-24 El Nino,2023-12-31,18.0,Approved
08195000,"Frio Rv at Concan, TX",DJF2024,2023-24 El Nino,2023-09-11,0.0,Approved
08195000,"Frio Rv at Concan, TX",DJF2024,2023-24 El Nino,2024-02-16,21.5,Approved
08195000,"Frio Rv at Concan, TX",DJF2024,2023-24 El Nino,2023-12-04,15.5,Approved
08195000,"Frio Rv at Concan, TX",DJF2024,2023-24 El Nino,2023-09-22,0.0,Approved
08195000,"Frio Rv at Concan, TX",DJF2024,2023-24 El Nino,2023-10-31,9.12,Approved
08195000,"Frio Rv at Concan, TX",DJF2024,2023-24 El Nino,2023-11-23,16.2,Approved
08195000,"Frio Rv at Concan, TX",DJF2024,2023-24 El Nino,2024-02-06,18.8,Approved
08195000,"Frio Rv at Concan, TX",DJF2024,2023-24 El Nino,2024-01-04,18.8,Approved
08195000,"Frio Rv at Concan, TX",DJF2024,2023-24 El Nino,2023-12-27,18.4,Approved
08195000,"Frio Rv at Concan, TX",DJF2024,2023-24 El Nino,2023-12-18,17.1,Approved
08195000,"Frio Rv at Concan, TX",DJF2024,2023-24 El Nino,2024-01-13,20.3,Approved
08195000,"Frio Rv at Concan, TX",DJF2024,2023-24 El Nino,2023-09-17,0.0,Approved
08195000,"Frio Rv at Concan, TX",DJF2024,2023-24 El Nino,2024-01-27,18.6,Approved
08195000,"Frio Rv at Concan, TX",DJF2024,2023-24 El Nino,2023-10-21,7.47,Approved
08195000,"Frio Rv at Concan, TX",DJF2024,2023-24 El Nino,2023-10-30,9.1,Approved
08195000,"Frio Rv at Concan, TX",DJF2024,2023-24 El Nino,2023-10-15,6.87,Approved
08195000,"Frio Rv at Concan, TX",DJF2024,2023-24 El Nino,2023-12-14,18.6,Approved
08195000,"Frio Rv at Concan, TX",DJF2024,2023-24 El Nino,2023-10-23,7.97,Approved
08195000,"Frio Rv at Concan, TX",DJF2024,2023-24 El Nino,2024-02-23,20.2,Approved
08195000,"Frio Rv at Concan, TX",DJF2024,2023-24 El Nino,2023-09-03,0.12,Approved
08195000,"Frio Rv at Concan, TX",DJF2024,2023-24 El Nino,2023-10-28,10.1,Approved
08195000,"Frio Rv at Concan, TX",DJF2024,2023-24 El Nino,2023-09-20,0.0,Approved
08195000,"Frio Rv at Concan, TX",DJF2024,2023-24 El Nino,2024-01-03,19.3,Approved
08195000,"Frio Rv at Concan, TX",DJF2024,2023-24 El Nino,2023-09-13,0.0,Approved
08195000,"Frio Rv at Concan, TX",DJF2024,2023-24 El Nino,2023-09-21,0.0,Approved
08195000,"Frio Rv at Concan, TX",DJF2024,2023-24 El Nino,2023-10-22,7.62,Approved
08195000,"Frio Rv at Concan, TX",DJF2024,2023-24 El Nino,2024-01-12,20.3,Approved
08195000,"Frio Rv at Concan, TX",DJF2024,2023-24 El Nino,2023-11-25,14.1,Approved
08195000,"Frio Rv at Concan, TX",DJF2024,2023-24 El Nino,2023-10-09,18.1,Approved
